timestamp,delta_ms,acc_x,acc_y,acc_z,com,gps_accuracy,gps_alt,gps_heading,gps_lat,gps_lon,gps_speed,gyro_x,gyro_y,gyro_z,mag_x,mag_y,mag_z,bar,step_total,step_session,pedometer_status,wifi_name_list,wifi_sig_strength,img_front,img_back
2026-06-18 23:43:09.875,,0.045041,0.152930,9.775376,334.400311,,,,,,,0.000033,0.000033,-0.000167,8.759600,22.081999,6.368400,972.344299,15,0,stopped,,,,
2026-06-18 23:43:09.925,50,0.045031,0.152949,9.775367,334.402316,,,,,,,0.000087,-0.000051,-0.000118,8.759499,22.079590,6.365521,972.344243,15,0,stopped,,,,
2026-06-18 23:43:09.975,50,0.045021,0.152967,9.775357,334.403377,,,,,,,0.000144,-0.000140,-0.000068,8.759398,22.077177,6.362635,972.344188,15,0,stopped,,,,
2026-06-18 23:43:10.025,50,0.045010,0.152986,9.775348,334.404787,,,,,,,0.000180,-0.000195,-0.000036,8.759297,22.074758,6.359743,972.344132,15,0,stopped,,,,
2026-06-18 23:43:10.075,50,0.045000,0.153004,9.775338,334.406734,,,,,,,0.000181,-0.000156,-0.000061,8.759195,22.072333,6.356844,972.344076,15,0,stopped,,,,
2026-06-18 23:43:10.125,50,0.044990,0.153023,9.775329,334.407440,,,,,,,0.000175,0.000006,-0.000164,8.759093,22.069904,6.353940,972.344020,15,0,stopped,,,,
2026-06-18 23:43:10.175,50,0.044979,0.153042,9.775320,334.407398,,,,,,,0.000169,0.000150,-0.000255,8.758991,22.067469,6.351029,972.343963,15,0,stopped,,,,
2026-06-18 23:43:10.225,50,0.044969,0.153060,9.775310,334.409038,,,,,,,0.000160,0.000143,-0.000265,8.758889,22.065029,6.348112,972.343907,15,0,stopped,,,,
2026-06-18 23:43:10.275,50,0.044959,0.153079,9.775301,334.411103,,,,,,,0.000133,0.000037,-0.000258,8.758787,22.062584,6.345188,972.343851,15,0,stopped,,,,
2026-06-18 23:43:10.325,50,0.044948,0.153098,9.775291,334.412837,,,,,,,0.000107,-0.000072,-0.000252,8.758684,22.060133,6.342259,972.343794,15,0,stopped,,,,
2026-06-18 23:43:10.375,50,0.044938,0.153117,9.775282,334.414614,,,,,,,0.000107,-0.000101,-0.000254,8.758581,22.057678,6.339323,972.343737,15,0,stopped,,,,
2026-06-18 23:43:10.425,50,0.044927,0.153136,9.775272,334.416907,,,,,,,0.000176,-0.000106,-0.000297,8.758478,22.055217,6.336382,972.343680,15,0,stopped,,,,
2026-06-18 23:43:10.475,50,0.044917,0.153155,9.775263,334.418722,,,,,,,0.000268,-0.000113,-0.000354,8.758375,22.052752,6.333434,972.343624,15,0,stopped,,,,
2026-06-18 23:43:10.525,50,0.044906,0.153174,9.775253,334.422176,,,,,,,0.000316,-0.000117,-0.000383,8.758271,22.050281,6.330480,972.343566,15,0,stopped,,,,
2026-06-18 23:43:10.575,50,0.044896,0.153193,9.775243,334.423719,,,,,,,0.000252,-0.000159,-0.000379,8.758167,22.047805,6.327520,972.343509,15,0,stopped,,,,
2026-06-18 23:43:10.625,50,0.044885,0.153212,9.775234,334.424918,,,,,,,0.000114,-0.000238,-0.000371,8.758063,22.045324,6.324554,972.343452,15,0,stopped,,,,
2026-06-18 23:43:10.675,50,0.044875,0.153231,9.775224,334.426061,,,,,,,0.000002,-0.000283,-0.000366,8.757959,22.042838,6.321582,972.343395,15,0,stopped,,,,
2026-06-18 23:43:10.725,50,0.044864,0.153250,9.775214,334.427414,,,,,,,-0.000329,-0.000106,-0.001475,8.757855,22.040347,6.318604,972.343337,15,0,stopped,,,,
2026-06-18 23:43:10.775,50,0.044853,0.153269,9.775205,334.429772,,,,,,,-0.000938,0.000261,-0.003782,8.757750,22.037851,6.315620,972.343279,15,0,stopped,,,,
2026-06-18 23:43:10.825,50,0.044843,0.153288,9.775195,334.432217,,,,,,,-0.001391,0.000541,-0.005537,8.757646,22.035350,6.312630,972.343222,15,0,stopped,,,,
2026-06-18 23:43:10.875,50,0.044832,0.153308,9.775185,334.438506,,,,,,,-0.001295,0.000513,-0.005291,8.757540,22.032844,6.309634,972.343164,15,0,stopped,,,,
2026-06-18 23:43:10.925,50,0.044821,0.153327,9.775175,334.451871,,,,,,,-0.000763,0.000309,-0.003711,8.757435,22.030333,6.306632,972.343106,15,0,stopped,,,,
2026-06-18 23:43:10.975,50,0.044811,0.153346,9.775166,334.469609,,,,,,,-0.000233,0.000104,-0.002107,8.757330,22.027817,6.303624,972.343048,15,0,stopped,,,,
2026-06-18 23:43:11.025,50,0.044800,0.153366,9.775156,334.479306,,,,,,,-0.000085,0.000041,-0.001570,8.757224,22.025297,6.300611,972.342989,15,0,stopped,,,,
2026-06-18 23:43:11.075,50,0.044789,0.153385,9.775146,334.477671,,,,,,,-0.000024,-0.000001,-0.001158,8.757118,22.022771,6.297591,972.342931,15,0,stopped,,,,
2026-06-18 23:43:11.125,50,0.044779,0.153405,9.775136,334.484851,,,,,,,0.000034,-0.000048,-0.000710,8.757012,22.020241,6.294566,972.342873,15,0,stopped,,,,
2026-06-18 23:43:11.175,50,0.044768,0.153424,9.775126,334.487649,,,,,,,0.000044,-0.000074,-0.000455,8.756906,22.017705,6.291535,972.342814,15,0,stopped,,,,
2026-06-18 23:43:11.225,50,0.044757,0.153444,9.775117,334.487665,,,,,,,-0.000024,-0.000108,-0.000249,8.756799,22.015165,6.288498,972.342755,15,0,stopped,,,,
2026-06-18 23:43:11.275,50,0.044746,0.153463,9.775107,334.490612,,,,,,,-0.000116,-0.000147,-0.000068,8.756693,22.012620,6.285455,972.342697,15,0,stopped,,,,
2026-06-18 23:43:11.325,50,0.044735,0.153483,9.775097,334.491577,,,,,,,-0.000167,-0.000167,0.000017,8.756586,22.010070,6.282407,972.342638,15,0,stopped,,,,
2026-06-18 23:43:11.375,50,0.044725,0.153502,9.775087,334.493558,,,,,,,-0.000112,-0.000161,-0.000096,8.756479,22.007515,6.279353,972.342579,15,0,stopped,,,,
2026-06-18 23:43:11.425,50,0.044714,0.153522,9.775077,334.495468,,,,,,,0.000008,-0.000148,-0.000344,8.756371,22.004956,6.276293,972.342520,15,0,stopped,,,,
2026-06-18 23:43:11.475,50,0.044703,0.153542,9.775067,334.494330,,,,,,,0.000095,-0.000135,-0.000523,8.756264,22.002392,6.273227,972.342461,15,0,stopped,,,,
2026-06-18 23:43:11.525,50,0.044692,0.153562,9.775057,334.494767,,,,,,,0.000096,-0.000103,-0.000511,8.756156,21.999823,6.270156,972.342401,15,0,stopped,,,,
2026-06-18 23:43:11.575,50,0.044681,0.153581,9.775047,334.497055,,,,,,,0.000083,-0.000020,-0.000442,8.756048,21.997249,6.267079,972.342342,15,0,stopped,,,,
2026-06-18 23:43:11.625,50,0.044670,0.153601,9.775037,334.498955,,,,,,,0.000069,0.000045,-0.000387,8.755940,21.994671,6.263996,972.342282,15,0,stopped,,,,
2026-06-18 23:43:11.675,50,0.044659,0.153621,9.775027,334.500075,,,,,,,0.000040,0.000045,-0.000402,8.755831,21.992088,6.260908,972.342223,15,0,stopped,,,,
2026-06-18 23:43:11.725,50,0.044648,0.153641,9.775017,334.501206,,,,,,,-0.000049,0.000028,-0.000470,8.755723,21.989500,6.257815,972.342163,15,0,stopped,,,,
2026-06-18 23:43:11.775,50,0.044637,0.153661,9.775007,334.503034,,,,,,,-0.000132,0.000008,-0.000536,8.755614,21.986908,6.254715,972.342103,15,0,stopped,,,,
2026-06-18 23:43:11.825,50,0.044626,0.153681,9.774997,334.503906,,,,,,,-0.000148,-0.000012,-0.000539,8.755505,21.984311,6.251611,972.342043,15,0,stopped,,,,
2026-06-18 23:43:11.875,50,0.044615,0.153701,9.774987,334.504817,,,,,,,-0.000134,-0.000084,-0.000450,8.755396,21.981709,6.248500,972.341983,15,0,stopped,,,,
2026-06-18 23:43:11.925,50,0.044604,0.153721,9.774976,334.506384,,,,,,,-0.000114,-0.000167,-0.000343,8.755287,21.979103,6.245384,972.341923,15,0,stopped,,,,
2026-06-18 23:43:11.975,50,0.044593,0.153741,9.774966,334.508551,,,,,,,-0.000098,-0.000199,-0.000301,8.755177,21.976492,6.242263,972.341862,15,0,stopped,,,,
2026-06-18 23:43:12.025,50,0.044582,0.153761,9.774956,334.510705,,,,,,,-0.000066,-0.000133,-0.000341,8.755067,21.973877,6.239136,972.341802,15,0,stopped,,,,
2026-06-18 23:43:12.075,50,0.044571,0.153781,9.774946,334.511904,,,,,,,-0.000020,-0.000031,-0.000403,8.754957,21.971257,6.236004,972.341741,15,0,stopped,,,,
2026-06-18 23:43:12.125,50,0.044559,0.153802,9.774936,334.514032,,,,,,,0.000019,0.000017,-0.000433,8.754847,21.968632,6.232867,972.341681,15,0,stopped,,,,
2026-06-18 23:43:12.175,50,0.044548,0.153822,9.774926,334.516290,,,,,,,0.000080,0.000005,-0.000423,8.754737,21.966003,6.229724,972.341620,15,0,stopped,,,,
2026-06-18 23:43:12.225,50,0.044537,0.153842,9.774915,334.516736,,,,,,,0.000162,-0.000017,-0.000403,8.754626,21.963370,6.226575,972.341559,15,0,stopped,,,,
2026-06-18 23:43:12.275,50,0.044526,0.153862,9.774905,334.519300,,,,,,,0.000215,-0.000032,-0.000385,8.754515,21.960732,6.223421,972.341498,15,0,stopped,,,,
2026-06-18 23:43:12.325,50,0.044515,0.153883,9.774895,334.521229,,,,,,,0.000206,-0.000029,-0.000322,8.754404,21.958090,6.220262,972.341437,15,0,stopped,,,,
2026-06-18 23:43:12.375,50,0.044503,0.153903,9.774884,334.522584,,,,,,,0.000169,-0.000016,-0.000153,8.754293,21.955443,6.217098,972.341376,15,0,stopped,,,,
2026-06-18 23:43:12.425,50,0.044492,0.153924,9.774874,334.525124,,,,,,,0.000128,-0.000003,-0.000015,8.754182,21.952791,6.213928,972.341315,15,0,stopped,,,,
2026-06-18 23:43:12.475,50,0.044481,0.153944,9.774864,334.525737,,,,,,,0.000089,0.000030,-0.000007,8.754070,21.950136,6.210753,972.341254,15,0,stopped,,,,
2026-06-18 23:43:12.525,50,0.044469,0.153965,9.774853,334.527670,,,,,,,0.000014,0.000146,-0.000034,8.753958,21.947476,6.207573,972.341192,15,0,stopped,,,,
2026-06-18 23:43:12.575,50,0.044458,0.153985,9.774843,334.527986,,,,,,,-0.000053,0.000258,-0.000061,8.753846,21.944811,6.204388,972.341131,15,0,stopped,,,,
2026-06-18 23:43:12.625,50,0.044447,0.154006,9.774833,334.529079,,,,,,,-0.000059,0.000276,-0.000054,8.753734,21.942142,6.201197,972.341069,15,0,stopped,,,,
2026-06-18 23:43:12.675,50,0.044435,0.154026,9.774822,334.530030,,,,,,,0.000009,0.000220,0.000054,8.753622,21.939469,6.198001,972.341007,15,0,stopped,,,,
2026-06-18 23:43:12.725,50,0.044424,0.154047,9.774812,334.531484,,,,,,,0.000094,0.000149,0.000189,8.753509,21.936792,6.194800,972.340946,15,0,stopped,,,,
2026-06-18 23:43:12.775,50,0.044413,0.154068,9.774801,334.531782,,,,,,,0.000133,0.000117,0.000250,8.753397,21.934110,6.191594,972.340884,15,0,stopped,,,,
2026-06-18 23:43:12.825,50,0.044401,0.154088,9.774791,334.531308,,,,,,,0.000092,0.000121,0.000176,8.753284,21.931424,6.188383,972.340822,15,0,stopped,,,,
2026-06-18 23:43:12.875,50,0.044390,0.154109,9.774781,334.531601,,,,,,,0.000020,0.000129,0.000050,8.753170,21.928734,6.185167,972.340759,15,0,stopped,,,,
2026-06-18 23:43:12.925,50,0.044378,0.154130,9.774770,334.531348,,,,,,,-0.000017,0.000133,-0.000017,8.753057,21.926039,6.181945,972.340697,15,0,stopped,,,,
2026-06-18 23:43:12.975,50,0.044367,0.154151,9.774759,334.531975,,,,,,,-0.000006,0.000114,-0.000008,8.752944,21.923340,6.178719,972.340635,15,0,stopped,,,,
2026-06-18 23:43:13.025,50,0.044355,0.154172,9.774749,334.532759,,,,,,,0.000017,0.000077,0.000010,8.752830,21.920637,6.175487,972.340572,15,0,stopped,,,,
2026-06-18 23:43:13.075,50,0.044344,0.154192,9.774738,334.534766,,,,,,,0.000032,0.000051,0.000029,8.752716,21.917930,6.172251,972.340510,15,0,stopped,,,,
2026-06-18 23:43:13.125,50,0.044332,0.154213,9.774728,334.535667,,,,,,,0.000022,0.000079,0.000048,8.752602,21.915219,6.169009,972.340447,15,0,stopped,,,,
2026-06-18 23:43:13.175,50,0.044321,0.154234,9.774717,334.536027,,,,,,,-0.000012,0.000168,0.000075,8.752488,21.912503,6.165763,972.340385,15,0,stopped,,,,
2026-06-18 23:43:13.225,50,0.044309,0.154255,9.774707,334.536252,,,,,,,-0.000044,0.000250,0.000096,8.752373,21.909784,6.162511,972.340322,15,0,stopped,,,,
2026-06-18 23:43:13.275,50,0.044298,0.154276,9.774696,334.537772,,,,,,,-0.000046,0.000258,0.000100,8.752258,21.907060,6.159255,972.340259,15,0,stopped,,,,
2026-06-18 23:43:13.325,50,0.044286,0.154297,9.774685,334.538612,,,,,,,-0.000016,0.000199,0.000100,8.752144,21.904332,6.155994,972.340196,15,0,stopped,,,,
2026-06-18 23:43:13.375,50,0.044275,0.154318,9.774675,334.538387,,,,,,,0.000026,0.000134,0.000100,8.752028,21.901600,6.152727,972.340133,15,0,stopped,,,,
2026-06-18 23:43:13.425,50,0.044263,0.154340,9.774664,334.539181,,,,,,,0.000061,0.000119,0.000101,8.751913,21.898864,6.149456,972.340070,15,0,stopped,,,,
2026-06-18 23:43:13.475,50,0.044251,0.154361,9.774653,334.540466,,,,,,,0.000090,0.000135,0.000107,8.751798,21.896124,6.146180,972.340006,15,0,stopped,,,,
2026-06-18 23:43:13.525,50,0.044240,0.154382,9.774643,334.540797,,,,,,,0.000110,0.000157,0.000114,8.751682,21.893379,6.142900,972.339943,15,0,stopped,,,,
2026-06-18 23:43:13.575,50,0.044228,0.154403,9.774632,334.541659,,,,,,,0.000117,0.000167,0.000117,8.751566,21.890631,6.139614,972.339880,15,0,stopped,,,,
2026-06-18 23:43:13.625,50,0.044216,0.154424,9.774621,334.542689,,,,,,,0.000104,0.000173,0.000108,8.751450,21.887879,6.136324,972.339816,15,0,stopped,,,,
2026-06-18 23:43:13.675,50,0.044205,0.154446,9.774610,334.543899,,,,,,,0.000082,0.000179,0.000093,8.751334,21.885123,6.133029,972.339752,15,0,stopped,,,,
2026-06-18 23:43:13.725,50,0.044193,0.154467,9.774600,334.543586,,,,,,,0.000068,0.000183,0.000083,8.751218,21.882363,6.129729,972.339689,15,0,stopped,,,,
2026-06-18 23:43:13.775,50,0.044181,0.154489,9.774589,334.544134,,,,,,,0.000088,0.000175,0.000107,8.751101,21.879599,6.126424,972.339625,15,0,stopped,,,,
2026-06-18 23:43:13.825,50,0.044169,0.154510,9.774578,334.544446,,,,,,,0.000149,0.000148,0.000176,8.750985,21.876831,6.123115,972.339561,15,0,stopped,,,,
2026-06-18 23:43:13.875,50,0.044158,0.154531,9.774567,334.545048,,,,,,,0.000196,0.000122,0.000230,8.750868,21.874059,6.119801,972.339497,15,0,stopped,,,,
2026-06-18 23:43:13.925,50,0.044146,0.154553,9.774556,334.545081,,,,,,,0.000203,0.000081,0.000220,8.750751,21.871283,6.116482,972.339433,15,0,stopped,,,,
2026-06-18 23:43:13.975,50,0.044134,0.154574,9.774546,334.545125,,,,,,,0.000209,-0.000018,0.000175,8.750633,21.868503,6.113159,972.339369,15,0,stopped,,,,
2026-06-18 23:43:14.025,50,0.044122,0.154596,9.774535,334.544430,,,,,,,0.000215,-0.000103,0.000129,8.750516,21.865719,6.109831,972.339304,15,0,stopped,,,,
2026-06-18 23:43:14.075,50,0.044110,0.154617,9.774524,334.546180,,,,,,,0.000219,-0.000112,0.000106,8.750398,21.862932,6.106498,972.339240,15,0,stopped,,,,
2026-06-18 23:43:14.125,50,0.044098,0.154639,9.774513,334.546554,,,,,,,0.000225,-0.000077,0.000074,8.750280,21.860141,6.103161,972.339175,15,0,stopped,,,,
2026-06-18 23:43:14.175,50,0.044087,0.154661,9.774502,334.547627,,,,,,,0.000231,-0.000026,0.000038,8.750162,21.857345,6.099820,972.339111,15,0,stopped,,,,
2026-06-18 23:43:14.225,50,0.044075,0.154682,9.774491,334.548024,,,,,,,0.000232,0.000022,0.000014,8.750044,21.854547,6.096474,972.339046,15,0,stopped,,,,
2026-06-18 23:43:14.275,50,0.044063,0.154704,9.774480,334.549345,,,,,,,0.000182,0.000067,-0.000087,8.749926,21.851744,6.093123,972.338982,15,0,stopped,,,,
2026-06-18 23:43:14.325,50,0.044051,0.154726,9.774469,334.550673,,,,,,,0.000104,0.000103,-0.000233,8.749807,21.848937,6.089768,972.338917,15,0,stopped,,,,
2026-06-18 23:43:14.375,50,0.044039,0.154748,9.774458,334.550719,,,,,,,0.000067,0.000117,-0.000300,8.749689,21.846127,6.086408,972.338852,15,0,stopped,,,,
2026-06-18 23:43:14.425,50,0.044027,0.154769,9.774447,334.551168,,,,,,,0.000102,0.000026,-0.000244,8.749570,21.843313,6.083044,972.338787,15,0,stopped,,,,
2026-06-18 23:43:14.475,50,0.044015,0.154791,9.774436,334.552214,,,,,,,0.000162,-0.000134,-0.000145,8.749451,21.840496,6.079675,972.338722,15,0,stopped,,,,
2026-06-18 23:43:14.525,50,0.044003,0.154813,9.774425,334.553503,,,,,,,0.000199,-0.000231,-0.000084,8.749331,21.837674,6.076302,972.338657,15,0,stopped,,,,
2026-06-18 23:43:14.575,50,0.043991,0.154835,9.774414,334.554675,,,,,,,0.000191,-0.000185,-0.000080,8.749212,21.834849,6.072925,972.338591,15,0,stopped,,,,
2026-06-18 23:43:14.625,50,0.043979,0.154857,9.774403,334.554418,,,,,,,0.000166,-0.000066,-0.000074,8.749092,21.832021,6.069543,972.338526,15,0,stopped,,,,
2026-06-18 23:43:14.675,50,0.043967,0.154879,9.774392,334.555295,,,,,,,0.000141,0.000035,-0.000068,8.748973,21.829189,6.066157,972.338461,15,0,stopped,,,,
2026-06-18 23:43:14.725,50,0.043955,0.154901,9.774381,334.556109,,,,,,,0.000108,0.000046,-0.000043,8.748853,21.826353,6.062767,972.338395,15,0,stopped,,,,
2026-06-18 23:43:14.775,50,0.043943,0.154923,9.774369,334.556382,,,,,,,0.000004,0.000025,0.000083,8.748733,21.823513,6.059372,972.338330,15,0,stopped,,,,
2026-06-18 23:43:14.825,50,0.043931,0.154945,9.774358,334.556946,,,,,,,-0.000097,0.000004,0.000208,8.748612,21.820670,6.055973,972.338264,15,0,stopped,,,,
2026-06-18 23:43:14.875,50,0.043919,0.154967,9.774347,334.556092,,,,,,,-0.000116,0.000006,0.000225,8.748492,21.817824,6.052570,972.338198,15,0,stopped,,,,
2026-06-18 23:43:14.925,50,0.043907,0.154989,9.774336,334.555897,,,,,,,-0.000106,0.000049,0.000166,8.748371,21.814973,6.049163,972.338132,15,0,stopped,,,,
2026-06-18 23:43:14.975,50,0.043894,0.155011,9.774325,334.555404,,,,,,,-0.000092,0.000099,0.000080,8.748250,21.812120,6.045751,972.338066,15,0,stopped,,,,
2026-06-18 23:43:15.025,50,0.043882,0.155033,9.774314,334.555602,,,,,,,-0.000081,0.000117,0.000005,8.748129,21.809262,6.042335,972.338000,15,0,stopped,,,,
2026-06-18 23:43:15.075,50,0.043870,0.155056,9.774302,334.556325,,,,,,,-0.000066,0.000112,-0.000083,8.748008,21.806402,6.038915,972.337934,15,0,stopped,,,,
2026-06-18 23:43:15.125,50,0.043858,0.155078,9.774291,334.555680,,,,,,,-0.000048,0.000104,-0.000173,8.747887,21.803537,6.035491,972.337868,15,0,stopped,,,,
2026-06-18 23:43:15.175,50,0.043846,0.155100,9.774280,334.556242,,,,,,,-0.000033,0.000100,-0.000217,8.747765,21.800670,6.032062,972.337802,15,0,stopped,,,,
2026-06-18 23:43:15.225,50,0.043834,0.155123,9.774269,334.556458,,,,,,,0.000025,0.000114,-0.000156,8.747644,21.797799,6.028630,972.337736,15,0,stopped,,,,
2026-06-18 23:43:15.275,50,0.043821,0.155145,9.774257,334.556393,,,,,,,0.000141,0.000143,-0.000024,8.747522,21.794924,6.025193,972.337669,15,0,stopped,,,,
2026-06-18 23:43:15.325,50,0.043809,0.155167,9.774246,334.557841,,,,,,,0.000226,0.000165,0.000075,8.747400,21.792046,6.021753,972.337603,15,0,stopped,,,,
2026-06-18 23:43:15.375,50,0.043797,0.155190,9.774235,334.558065,,,,,,,0.000195,0.000129,0.000069,8.747278,21.789165,6.018308,972.337536,15,0,stopped,,,,
2026-06-18 23:43:15.425,50,0.043785,0.155212,9.774223,334.557336,,,,,,,0.000063,-0.000003,0.000018,8.747155,21.786280,6.014859,972.337470,15,0,stopped,,,,
2026-06-18 23:43:15.475,50,0.043772,0.155235,9.774212,334.557179,,,,,,,-0.000053,-0.000119,-0.000027,8.747033,21.783392,6.011406,972.337403,15,0,stopped,,,,
2026-06-18 23:43:15.525,50,0.043760,0.155257,9.774201,334.557100,,,,,,,-0.000062,-0.000119,-0.000037,8.746910,21.780501,6.007950,972.337336,15,0,stopped,,,,
2026-06-18 23:43:15.575,50,0.043748,0.155280,9.774189,334.557795,,,,,,,-0.000040,-0.000058,-0.000050,8.746787,21.777606,6.004489,972.337269,15,0,stopped,,,,
2026-06-18 23:43:15.625,50,0.043735,0.155302,9.774178,334.558500,,,,,,,-0.000013,0.000003,-0.000063,8.746664,21.774708,6.001024,972.337203,15,0,stopped,,,,
2026-06-18 23:43:15.675,50,0.043723,0.155325,9.774167,334.560366,,,,,,,0.000010,0.000012,-0.000075,8.746541,21.771807,5.997556,972.337136,15,0,stopped,,,,
2026-06-18 23:43:15.725,50,0.043711,0.155347,9.774155,334.561172,,,,,,,0.000054,-0.000034,-0.000141,8.746418,21.768902,5.994083,972.337068,15,0,stopped,,,,
2026-06-18 23:43:15.775,50,0.043698,0.155370,9.774144,334.561256,,,,,,,0.000100,-0.000091,-0.000220,8.746294,21.765994,5.990607,972.337001,15,0,stopped,,,,
2026-06-18 23:43:15.825,50,0.043686,0.155393,9.774132,334.562347,,,,,,,0.000116,-0.000118,-0.000247,8.746170,21.763083,5.987126,972.336934,15,0,stopped,,,,
2026-06-18 23:43:15.875,50,0.043674,0.155415,9.774121,334.561945,,,,,,,0.000076,-0.000129,-0.000139,8.746047,21.760169,5.983642,972.336867,15,0,stopped,,,,
2026-06-18 23:43:15.925,50,0.043661,0.155438,9.774109,334.563086,,,,,,,-0.000001,-0.000142,0.000037,8.745923,21.757251,5.980154,972.336799,15,0,stopped,,,,
2026-06-18 23:43:15.975,50,0.043649,0.155461,9.774098,334.563562,,,,,,,-0.000087,-0.000150,0.000147,8.745798,21.754331,5.976663,972.336732,15,0,stopped,,,,
2026-06-18 23:43:16.025,50,0.043636,0.155484,9.774086,334.563281,,,,,,,-0.000161,-0.000140,0.000121,8.745674,21.751407,5.973167,972.336664,15,0,stopped,,,,
2026-06-18 23:43:16.075,50,0.043624,0.155507,9.774075,334.563027,,,,,,,-0.000219,-0.000113,0.000045,8.745550,21.748480,5.969668,972.336597,15,0,stopped,,,,
2026-06-18 23:43:16.125,50,0.043612,0.155529,9.774063,334.563263,,,,,,,-0.000249,-0.000087,-0.000013,8.745425,21.745550,5.966165,972.336529,15,0,stopped,,,,
2026-06-18 23:43:16.175,50,0.043599,0.155552,9.774052,334.564530,,,,,,,-0.000215,-0.000031,-0.000024,8.745300,21.742617,5.962658,972.336461,15,0,stopped,,,,
2026-06-18 23:43:16.225,50,0.043587,0.155575,9.774040,334.564848,,,,,,,-0.000101,0.000108,-0.000038,8.745175,21.739680,5.959147,972.336394,15,0,stopped,,,,
2026-06-18 23:43:16.275,50,0.043574,0.155598,9.774028,334.564563,,,,,,,0.000015,0.000230,-0.000048,8.745050,21.736741,5.955633,972.336326,15,0,stopped,,,,
2026-06-18 23:43:16.325,50,0.043562,0.155621,9.774017,334.565438,,,,,,,0.000075,0.000248,-0.000042,8.744925,21.733798,5.952116,972.336258,15,0,stopped,,,,
2026-06-18 23:43:16.375,50,0.043549,0.155644,9.774005,334.566819,,,,,,,0.000134,0.000232,0.000006,8.744799,21.730853,5.948594,972.336190,15,0,stopped,,,,
2026-06-18 23:43:16.425,50,0.043537,0.155667,9.773994,334.566486,,,,,,,0.000184,0.000212,0.000062,8.744674,21.727905,5.945069,972.336122,15,0,stopped,,,,
2026-06-18 23:43:16.475,50,0.043524,0.155690,9.773982,334.566998,,,,,,,0.000199,0.000197,0.000083,8.744548,21.724953,5.941541,972.336054,15,0,stopped,,,,
2026-06-18 23:43:16.525,50,0.043512,0.155713,9.773970,334.569019,,,,,,,0.000173,0.000152,0.000089,8.744422,21.721998,5.938008,972.335985,15,0,stopped,,,,
2026-06-18 23:43:16.575,50,0.043499,0.155736,9.773959,334.569235,,,,,,,0.000134,0.000092,0.000096,8.744296,21.719041,5.934473,972.335917,15,0,stopped,,,,
2026-06-18 23:43:16.625,50,0.043486,0.155760,9.773947,334.570388,,,,,,,0.000117,0.000068,0.000106,8.744169,21.716081,5.930933,972.335849,15,0,stopped,,,,
2026-06-18 23:43:16.675,50,0.043474,0.155783,9.773935,334.571005,,,,,,,0.000139,0.000138,0.000574,8.744043,21.713117,5.927391,972.335780,15,0,stopped,,,,
2026-06-18 23:43:16.725,50,0.043461,0.155806,9.773923,334.571625,,,,,,,0.000179,0.000257,0.001362,8.743916,21.710151,5.923844,972.335712,15,0,stopped,,,,
2026-06-18 23:43:16.775,50,0.043449,0.155829,9.773912,334.571228,,,,,,,0.000214,0.000331,0.001855,8.743790,21.707182,5.920294,972.335643,15,0,stopped,,,,
2026-06-18 23:43:16.825,50,0.043436,0.155852,9.773900,334.572690,,,,,,,0.000292,0.000280,0.001823,8.743663,21.704210,5.916741,972.335575,15,0,stopped,,,,
2026-06-18 23:43:16.875,50,0.043423,0.155876,9.773888,334.575786,,,,,,,0.000458,0.000127,0.001709,8.743536,21.701235,5.913185,972.335506,15,0,stopped,,,,
2026-06-18 23:43:16.925,50,0.043411,0.155899,9.773876,334.569866,,,,,,,0.000587,-0.000056,0.001593,8.743409,21.698257,5.909625,972.335437,15,0,stopped,,,,
2026-06-18 23:43:16.975,50,0.043398,0.155922,9.773865,334.583317,,,,,,,0.000545,-0.000216,0.001430,8.743281,21.695276,5.906061,972.335368,15,0,stopped,,,,
2026-06-18 23:43:17.025,50,0.043385,0.155946,9.773853,334.580833,,,,,,,0.000318,-0.000368,0.000974,8.743154,21.692293,5.902494,972.335299,15,0,stopped,,,,
2026-06-18 23:43:17.075,50,0.043373,0.155969,9.773841,334.576759,,,,,,,0.000104,-0.000468,0.000549,8.743026,21.689307,5.898924,972.335230,15,0,stopped,,,,
2026-06-18 23:43:17.125,50,0.043360,0.155993,9.773829,334.565882,,,,,,,0.000080,-0.000457,0.000440,8.742898,21.686318,5.895351,972.335161,15,0,stopped,,,,
2026-06-18 23:43:17.175,50,0.043347,0.156016,9.773817,334.570147,,,,,,,0.000160,-0.000295,0.000336,8.742771,21.683326,5.891774,972.335092,15,0,stopped,,,,
2026-06-18 23:43:17.225,50,0.043334,0.156040,9.773805,334.571852,,,,,,,0.000257,-0.000098,0.000218,8.742642,21.680332,5.888194,972.335023,15,0,stopped,,,,
2026-06-18 23:43:17.275,50,0.043322,0.156063,9.773794,334.571707,,,,,,,0.000300,0.000001,0.000148,8.742514,21.677334,5.884611,972.334954,15,0,stopped,,,,
2026-06-18 23:43:17.325,50,0.043309,0.156087,9.773782,334.574818,,,,,,,0.000183,0.000038,-0.000183,8.742386,21.674334,5.881024,972.334885,15,0,stopped,,,,
2026-06-18 23:43:17.375,50,0.043296,0.156110,9.773770,334.576434,,,,,,,-0.000055,0.000092,-0.000743,8.742257,21.671332,5.877435,972.334815,15,0,stopped,,,,
2026-06-18 23:43:17.425,50,0.043283,0.156134,9.773758,334.575146,,,,,,,-0.000283,0.000131,-0.001079,8.742129,21.668326,5.873842,972.334746,15,0,stopped,,,,
2026-06-18 23:43:17.475,50,0.043271,0.156157,9.773746,334.575717,,,,,,,-0.000546,0.000175,-0.001012,8.742000,21.665318,5.870246,972.334676,15,0,stopped,,,,
2026-06-18 23:43:17.525,50,0.043258,0.156181,9.773734,334.578770,,,,,,,-0.000908,0.000250,-0.000841,8.741871,21.662308,5.866646,972.334607,15,0,stopped,,,,
2026-06-18 23:43:17.575,50,0.043245,0.156205,9.773722,334.584336,,,,,,,-0.001127,0.000299,-0.000696,8.741742,21.659295,5.863044,972.334537,15,0,stopped,,,,
2026-06-18 23:43:17.625,50,0.043232,0.156228,9.773710,334.594202,,,,,,,-0.001001,0.000265,-0.000608,8.741612,21.656279,5.859439,972.334468,15,0,stopped,,,,
2026-06-18 23:43:17.675,50,0.043219,0.156252,9.773698,334.604343,,,,,,,-0.000657,0.000169,-0.000491,8.741483,21.653260,5.855830,972.334398,15,0,stopped,,,,
2026-06-18 23:43:17.725,50,0.043207,0.156276,9.773686,334.603628,,,,,,,-0.000361,0.000074,-0.000383,8.741353,21.650239,5.852218,972.334328,15,0,stopped,,,,
2026-06-18 23:43:17.775,50,0.043194,0.156300,9.773674,334.600991,,,,,,,-0.000289,0.000023,-0.000293,8.741224,21.647216,5.848604,972.334258,15,0,stopped,,,,
2026-06-18 23:43:17.825,50,0.043181,0.156324,9.773662,334.608444,,,,,,,-0.000209,-0.000029,-0.000147,8.741094,21.644190,5.844986,972.334189,15,0,stopped,,,,
2026-06-18 23:43:17.875,50,0.043168,0.156347,9.773650,334.610076,,,,,,,-0.000124,-0.000070,-0.000011,8.740964,21.641161,5.841365,972.334119,15,0,stopped,,,,
2026-06-18 23:43:17.925,50,0.043155,0.156371,9.773638,334.609187,,,,,,,-0.000075,-0.000082,0.000032,8.740834,21.638130,5.837741,972.334049,15,0,stopped,,,,
2026-06-18 23:43:17.975,50,0.043142,0.156395,9.773626,334.610684,,,,,,,0.000005,-0.000061,0.000004,8.740703,21.635097,5.834115,972.333979,15,0,stopped,,,,
2026-06-18 23:43:18.025,50,0.043129,0.156419,9.773614,334.611658,,,,,,,0.000100,-0.000026,-0.000034,8.740573,21.632061,5.830485,972.333908,15,0,stopped,,,,
2026-06-18 23:43:18.075,50,0.043117,0.156443,9.773602,334.612548,,,,,,,0.000129,0.000006,-0.000051,8.740442,21.629022,5.826852,972.333838,15,0,stopped,,,,
2026-06-18 23:43:18.125,50,0.043104,0.156467,9.773590,334.613673,,,,,,,0.000024,0.000043,-0.000061,8.740312,21.625981,5.823217,972.333768,15,0,stopped,,,,
2026-06-18 23:43:18.175,50,0.043091,0.156491,9.773578,334.613883,,,,,,,-0.000132,0.000080,-0.000074,8.740181,21.622938,5.819579,972.333698,15,0,stopped,,,,
2026-06-18 23:43:18.225,50,0.043078,0.156515,9.773565,334.614914,,,,,,,-0.000217,0.000100,-0.000083,8.740050,21.619892,5.815937,972.333627,15,0,stopped,,,,
2026-06-18 23:43:18.275,50,0.043065,0.156539,9.773553,334.615913,,,,,,,-0.000208,0.000105,-0.000106,8.739919,21.616844,5.812293,972.333557,15,0,stopped,,,,
2026-06-18 23:43:18.325,50,0.043052,0.156563,9.773541,334.616851,,,,,,,-0.000184,0.000112,-0.000151,8.739787,21.613794,5.808647,972.333487,15,0,stopped,,,,
2026-06-18 23:43:18.375,50,0.043039,0.156587,9.773529,334.617739,,,,,,,-0.000156,0.000117,-0.000182,8.739656,21.610741,5.804997,972.333416,15,0,stopped,,,,
2026-06-18 23:43:18.425,50,0.043026,0.156611,9.773517,334.618758,,,,,,,-0.000132,0.000095,-0.000179,8.739524,21.607686,5.801344,972.333346,15,0,stopped,,,,
2026-06-18 23:43:18.475,50,0.043013,0.156636,9.773505,334.619261,,,,,,,-0.000112,0.000030,-0.000167,8.739393,21.604629,5.797689,972.333275,15,0,stopped,,,,
2026-06-18 23:43:18.525,50,0.043000,0.156660,9.773492,334.620647,,,,,,,-0.000101,-0.000026,-0.000154,8.739261,21.601569,5.794031,972.333204,15,0,stopped,,,,
2026-06-18 23:43:18.575,50,0.042987,0.156684,9.773480,334.622385,,,,,,,-0.000104,-0.000033,-0.000133,8.739129,21.598507,5.790371,972.333134,15,0,stopped,,,,
2026-06-18 23:43:18.625,50,0.042974,0.156708,9.773468,334.623188,,,,,,,-0.000126,-0.000033,-0.000064,8.738997,21.595443,5.786707,972.333063,15,0,stopped,,,,
2026-06-18 23:43:18.675,50,0.042961,0.156732,9.773456,334.623930,,,,,,,-0.000152,-0.000033,0.000009,8.738864,21.592377,5.783041,972.332992,15,0,stopped,,,,
2026-06-18 23:43:18.725,50,0.042948,0.156757,9.773443,334.623759,,,,,,,-0.000175,-0.000036,0.000030,8.738732,21.589308,5.779373,972.332921,15,0,stopped,,,,
2026-06-18 23:43:18.775,50,0.042935,0.156781,9.773431,334.623660,,,,,,,-0.000290,-0.000092,-0.000031,8.738600,21.586237,5.775701,972.332850,15,0,stopped,,,,
2026-06-18 23:43:18.825,50,0.042922,0.156805,9.773419,334.624143,,,,,,,-0.000441,-0.000169,-0.000116,8.738467,21.583164,5.772027,972.332779,15,0,stopped,,,,
2026-06-18 23:43:18.875,50,0.042909,0.156830,9.773407,334.625069,,,,,,,-0.000497,-0.000199,-0.000149,8.738334,21.580089,5.768351,972.332708,15,0,stopped,,,,
2026-06-18 23:43:18.925,50,0.042896,0.156854,9.773394,334.625666,,,,,,,-0.000384,-0.000144,-0.000093,8.738201,21.577012,5.764672,972.332637,15,0,stopped,,,,
2026-06-18 23:43:18.975,50,0.042882,0.156878,9.773382,334.628259,,,,,,,-0.000199,-0.000056,0.000007,8.738068,21.573932,5.760990,972.332566,15,0,stopped,,,,
2026-06-18 23:43:19.025,50,0.042869,0.156903,9.773370,334.627866,,,,,,,-0.000070,-0.000001,0.000096,8.737935,21.570850,5.757306,972.332495,15,0,stopped,,,,
2026-06-18 23:43:19.075,50,0.042856,0.156927,9.773357,334.628052,,,,,,,-0.000005,0.000019,0.000209,8.737802,21.567767,5.753620,972.332424,15,0,stopped,,,,
2026-06-18 23:43:19.125,50,0.042843,0.156952,9.773345,334.627668,,,,,,,0.000073,0.000050,0.000370,8.737668,21.564681,5.749930,972.332352,15,0,stopped,,,,
2026-06-18 23:43:19.175,50,0.042830,0.156976,9.773332,334.628415,,,,,,,0.000127,0.000077,0.000486,8.737535,21.561593,5.746239,972.332281,15,0,stopped,,,,
2026-06-18 23:43:19.225,50,0.042817,0.157001,9.773320,334.630079,,,,,,,0.000110,0.000092,0.000487,8.737401,21.558503,5.742545,972.332210,15,0,stopped,,,,
2026-06-18 23:43:19.275,50,0.042804,0.157025,9.773308,334.628710,,,,,,,0.000010,0.000113,0.000424,8.737267,21.555411,5.738848,972.332138,15,0,stopped,,,,
2026-06-18 23:43:19.325,50,0.042791,0.157050,9.773295,334.628230,,,,,,,-0.000085,0.000130,0.000338,8.737133,21.552318,5.735150,972.332067,15,0,stopped,,,,
2026-06-18 23:43:19.375,50,0.042777,0.157074,9.773283,334.628975,,,,,,,-0.000072,0.000122,0.000261,8.736999,21.549222,5.731448,972.331995,15,0,stopped,,,,
2026-06-18 23:43:19.425,50,0.042764,0.157099,9.773270,334.628489,,,,,,,0.000082,0.000058,0.000193,8.736865,21.546124,5.727745,972.331924,15,0,stopped,,,,
2026-06-18 23:43:19.475,50,0.042751,0.157124,9.773258,334.628345,,,,,,,0.000250,-0.000012,0.000145,8.736730,21.543024,5.724039,972.331852,15,0,stopped,,,,
2026-06-18 23:43:19.525,50,0.042738,0.157148,9.773246,334.628331,,,,,,,0.000299,-0.000030,0.000139,8.736596,21.539922,5.720331,972.331781,15,0,stopped,,,,
2026-06-18 23:43:19.575,50,0.042725,0.157173,9.773233,334.627527,,,,,,,0.000289,0.000017,0.000233,8.736461,21.536819,5.716620,972.331709,15,0,stopped,,,,
2026-06-18 23:43:19.625,50,0.042712,0.157198,9.773221,334.628125,,,,,,,0.000274,0.000082,0.000364,8.736326,21.533713,5.712907,972.331637,15,0,stopped,,,,
2026-06-18 23:43:19.675,50,0.042698,0.157222,9.773208,334.627982,,,,,,,0.000266,0.000117,0.000433,8.736192,21.530606,5.709192,972.331566,15,0,stopped,,,,
2026-06-18 23:43:19.725,50,0.042685,0.157247,9.773196,334.628151,,,,,,,0.000266,0.000043,0.000433,8.736057,21.527496,5.705475,972.331494,15,0,stopped,,,,
2026-06-18 23:43:19.775,50,0.042672,0.157272,9.773183,334.628910,,,,,,,0.000266,-0.000105,0.000433,8.735921,21.524385,5.701756,972.331422,15,0,stopped,,,,
2026-06-18 23:43:19.825,50,0.042659,0.157297,9.773171,334.627904,,,,,,,0.000266,-0.000199,0.000433,8.735786,21.521272,5.698034,972.331350,15,0,stopped,,,,
2026-06-18 23:43:19.875,50,0.042645,0.157322,9.773158,334.627749,,,,,,,0.000231,-0.000181,0.000423,8.735651,21.518157,5.694310,972.331278,15,0,stopped,,,,
2026-06-18 23:43:19.925,50,0.042632,0.157346,9.773145,334.626676,,,,,,,0.000146,-0.000133,0.000398,8.735515,21.515041,5.690584,972.331206,15,0,stopped,,,,
2026-06-18 23:43:19.975,50,0.042619,0.157371,9.773133,334.625912,,,,,,,0.000076,-0.000091,0.000373,8.735380,21.511922,5.686856,972.331134,15,0,stopped,,,,
2026-06-18 23:43:20.025,50,0.042606,0.157396,9.773120,334.624660,,,,,,,0.000083,-0.000077,0.000336,8.735244,21.508802,5.683126,972.331062,15,0,stopped,,,,
2026-06-18 23:43:20.075,50,0.042592,0.157421,9.773108,334.625142,,,,,,,0.000160,-0.000059,0.000213,8.735108,21.505680,5.679393,972.330990,15,0,stopped,,,,
2026-06-18 23:43:20.125,50,0.042579,0.157446,9.773095,334.625171,,,,,,,0.000242,-0.000041,0.000087,8.734972,21.502557,5.675659,972.330918,15,0,stopped,,,,
2026-06-18 23:43:20.175,50,0.042566,0.157471,9.773083,334.624066,,,,,,,0.000265,-0.000030,0.000055,8.734836,21.499431,5.671922,972.330846,15,0,stopped,,,,
2026-06-18 23:43:20.225,50,0.042553,0.157496,9.773070,334.623596,,,,,,,0.000245,-0.000011,0.000121,8.734700,21.496304,5.668184,972.330773,15,0,stopped,,,,
2026-06-18 23:43:20.275,50,0.042539,0.157521,9.773057,334.624243,,,,,,,0.000216,0.000010,0.000205,8.734563,21.493176,5.664444,972.330701,15,0,stopped,,,,
2026-06-18 23:43:20.325,50,0.042526,0.157546,9.773045,334.625195,,,,,,,0.000195,0.000015,0.000231,8.734427,21.490045,5.660701,972.330629,15,0,stopped,,,,
2026-06-18 23:43:20.375,50,0.042513,0.157571,9.773032,334.625376,,,,,,,0.000149,-0.000022,0.000198,8.734290,21.486913,5.656957,972.330557,15,0,stopped,,,,
2026-06-18 23:43:20.425,50,0.042499,0.157596,9.773019,334.625430,,,,,,,0.000086,-0.000075,0.000144,8.734154,21.483780,5.653210,972.330484,15,0,stopped,,,,
2026-06-18 23:43:20.475,50,0.042486,0.157621,9.773007,334.624771,,,,,,,0.000031,-0.000100,0.000099,8.734017,21.480644,5.649462,972.330412,15,0,stopped,,,,
2026-06-18 23:43:20.525,50,0.042473,0.157646,9.772994,334.625861,,,,,,,-0.000041,-0.000080,0.000030,8.733880,21.477508,5.645712,972.330339,15,0,stopped,,,,
2026-06-18 23:43:20.575,50,0.042459,0.157671,9.772981,334.626277,,,,,,,-0.000134,-0.000038,-0.000065,8.733743,21.474369,5.641960,972.330267,15,0,stopped,,,,
2026-06-18 23:43:20.625,50,0.042446,0.157697,9.772969,334.626313,,,,,,,-0.000196,0.000006,-0.000129,8.733605,21.471229,5.638206,972.330194,15,0,stopped,,,,
2026-06-18 23:43:20.675,50,0.042433,0.157722,9.772956,334.625483,,,,,,,-0.000178,0.000048,-0.000105,8.733468,21.468088,5.634450,972.330122,15,0,stopped,,,,
2026-06-18 23:43:20.725,50,0.042419,0.157747,9.772943,334.628518,,,,,,,-0.000105,0.000104,-0.000010,8.733331,21.464945,5.630693,972.330049,15,0,stopped,,,,
2026-06-18 23:43:20.775,50,0.042406,0.157772,9.772930,334.628465,,,,,,,-0.000041,0.000145,0.000073,8.733193,21.461800,5.626934,972.329977,15,0,stopped,,,,
2026-06-18 23:43:20.825,50,0.042393,0.157797,9.772918,334.626390,,,,,,,-0.000040,0.000138,0.000053,8.733056,21.458654,5.623172,972.329904,15,0,stopped,,,,
2026-06-18 23:43:20.875,50,0.042379,0.157823,9.772905,334.626293,,,,,,,-0.000074,0.000085,-0.000087,8.732918,21.455507,5.619410,972.329831,15,0,stopped,,,,
2026-06-18 23:43:20.925,50,0.042366,0.157848,9.772892,334.626618,,,,,,,-0.000108,0.000031,-0.000231,8.732780,21.452358,5.615645,972.329759,15,0,stopped,,,,
2026-06-18 23:43:20.975,50,0.042353,0.157873,9.772879,334.627777,,,,,,,-0.000113,0.000018,-0.000262,8.732642,21.449208,5.611879,972.329686,15,0,stopped,,,,
2026-06-18 23:43:21.025,50,0.042339,0.157899,9.772867,334.629194,,,,,,,-0.000072,0.000027,-0.000218,8.732504,21.446056,5.608111,972.329613,15,0,stopped,,,,
2026-06-18 23:43:21.075,50,0.042326,0.157924,9.772854,334.630283,,,,,,,-0.000013,0.000040,-0.000153,8.732366,21.442903,5.604341,972.329540,15,0,stopped,,,,
2026-06-18 23:43:21.125,50,0.042312,0.157949,9.772841,334.629827,,,,,,,0.000035,0.000050,-0.000098,8.732227,21.439749,5.600570,972.329467,15,0,stopped,,,,
2026-06-18 23:43:21.175,50,0.042299,0.157975,9.772828,334.631008,,,,,,,0.000141,0.000075,-0.000021,8.732089,21.436593,5.596797,972.329394,15,0,stopped,,,,
2026-06-18 23:43:21.225,50,0.042286,0.158000,9.772815,334.633474,,,,,,,0.000299,0.000113,0.000087,8.731950,21.433436,5.593022,972.329322,15,0,stopped,,,,
2026-06-18 23:43:21.275,50,0.042272,0.158026,9.772802,334.635269,,,,,,,0.000383,0.000133,0.000166,8.731811,21.430277,5.589246,972.329249,15,0,stopped,,,,
2026-06-18 23:43:21.325,50,0.042259,0.158051,9.772790,334.636303,,,,,,,0.000327,0.000122,0.000216,8.731673,21.427117,5.585469,972.329176,15,0,stopped,,,,
2026-06-18 23:43:21.375,50,0.042245,0.158076,9.772777,334.635827,,,,,,,0.000205,0.000101,0.000267,8.731534,21.423956,5.581690,972.329103,15,0,stopped,,,,
2026-06-18 23:43:21.425,50,0.042232,0.158102,9.772764,334.636059,,,,,,,0.000100,0.000084,0.000298,8.731395,21.420794,5.577909,972.329030,15,0,stopped,,,,
2026-06-18 23:43:21.475,50,0.042218,0.158127,9.772751,334.638077,,,,,,,0.000053,0.000086,0.000257,8.731256,21.417630,5.574127,972.328957,15,0,stopped,,,,
2026-06-18 23:43:21.525,50,0.042205,0.158153,9.772738,334.639274,,,,,,,-0.000004,0.000099,0.000105,8.731116,21.414465,5.570343,972.328883,15,0,stopped,,,,
2026-06-18 23:43:21.575,50,0.042192,0.158179,9.772725,334.639004,,,,,,,-0.000054,0.000113,-0.000031,8.730977,21.411299,5.566558,972.328810,15,0,stopped,,,,
2026-06-18 23:43:21.625,50,0.042178,0.158204,9.772712,334.638438,,,,,,,-0.000079,0.000128,-0.000011,8.730838,21.408132,5.562771,972.328737,15,0,stopped,,,,
2026-06-18 23:43:21.675,50,0.042165,0.158230,9.772699,334.638428,,,,,,,-0.000100,0.000168,0.000180,8.730698,21.404963,5.558983,972.328664,15,0,stopped,,,,
2026-06-18 23:43:21.725,50,0.042151,0.158255,9.772686,334.638183,,,,,,,-0.000114,0.000207,0.000380,8.730559,21.401794,5.555194,972.328591,15,0,stopped,,,,
2026-06-18 23:43:21.775,50,0.042138,0.158281,9.772673,334.638766,,,,,,,-0.000115,0.000204,0.000418,8.730419,21.398623,5.551403,972.328518,15,0,stopped,,,,
2026-06-18 23:43:21.825,50,0.042124,0.158307,9.772661,334.639484,,,,,,,-0.000089,0.000054,0.000252,8.730279,21.395451,5.547611,972.328444,15,0,stopped,,,,
2026-06-18 23:43:21.875,50,0.042111,0.158332,9.772648,334.638553,,,,,,,-0.000054,-0.000142,0.000034,8.730139,21.392278,5.543818,972.328371,15,0,stopped,,,,
2026-06-18 23:43:21.925,50,0.042097,0.158358,9.772635,334.637913,,,,,,,-0.000033,-0.000233,-0.000067,8.729999,21.389104,5.540023,972.328298,15,0,stopped,,,,
2026-06-18 23:43:21.975,50,0.042084,0.158384,9.772622,334.637038,,,,,,,-0.000021,-0.000124,0.000016,8.729859,21.385929,5.536227,972.328224,15,0,stopped,,,,
2026-06-18 23:43:22.025,50,0.042070,0.158409,9.772609,334.637401,,,,,,,-0.000007,0.000069,0.000163,8.729718,21.382753,5.532429,972.328151,15,0,stopped,,,,
2026-06-18 23:43:22.075,50,0.042057,0.158435,9.772596,334.638273,,,,,,,-0.000000,0.000182,0.000249,8.729578,21.379575,5.528631,972.328078,15,0,stopped,,,,
2026-06-18 23:43:22.125,50,0.042043,0.158461,9.772583,334.639213,,,,,,,-0.000052,0.000141,0.000178,8.729438,21.376397,5.524831,972.328004,15,0,stopped,,,,
2026-06-18 23:43:22.175,50,0.042030,0.158487,9.772570,334.638440,,,,,,,-0.000169,0.000046,0.000017,8.729297,21.373218,5.521030,972.327931,15,0,stopped,,,,
2026-06-18 23:43:22.225,50,0.042016,0.158512,9.772557,334.637296,,,,,,,-0.000258,-0.000027,-0.000107,8.729156,21.370037,5.517228,972.327857,15,0,stopped,,,,
2026-06-18 23:43:22.275,50,0.042003,0.158538,9.772544,334.636880,,,,,,,-0.000236,-0.000010,-0.000112,8.729015,21.366856,5.513425,972.327784,15,0,stopped,,,,
2026-06-18 23:43:22.325,50,0.041989,0.158564,9.772530,334.637803,,,,,,,-0.000122,0.000076,-0.000092,8.728875,21.363674,5.509620,972.327711,15,0,stopped,,,,
2026-06-18 23:43:22.375,50,0.041976,0.158590,9.772517,334.639999,,,,,,,0.000003,0.000161,-0.000072,8.728734,21.360491,5.505814,972.327637,15,0,stopped,,,,
2026-06-18 23:43:22.425,50,0.041962,0.158616,9.772504,334.639952,,,,,,,0.000065,0.000174,-0.000068,8.728592,21.357306,5.502008,972.327563,15,0,stopped,,,,
2026-06-18 23:43:22.475,50,0.041949,0.158642,9.772491,334.640587,,,,,,,0.000123,0.000083,-0.000073,8.728451,21.354121,5.498200,972.327490,15,0,stopped,,,,
2026-06-18 23:43:22.525,50,0.041935,0.158668,9.772478,334.641608,,,,,,,0.000179,-0.000029,-0.000081,8.728310,21.350935,5.494391,972.327416,15,0,stopped,,,,
2026-06-18 23:43:22.575,50,0.041922,0.158694,9.772465,334.641088,,,,,,,0.000202,-0.000066,-0.000082,8.728169,21.347749,5.490581,972.327343,15,0,stopped,,,,
2026-06-18 23:43:22.625,50,0.041908,0.158719,9.772452,334.641278,,,,,,,0.000215,-0.000050,-0.000056,8.728027,21.344561,5.486770,972.327269,15,0,stopped,,,,
2026-06-18 23:43:22.675,50,0.041894,0.158745,9.772439,334.641579,,,,,,,0.000228,-0.000027,-0.000019,8.727885,21.341373,5.482958,972.327195,15,0,stopped,,,,
2026-06-18 23:43:22.725,50,0.041881,0.158771,9.772426,334.642701,,,,,,,0.000233,-0.000017,0.000000,8.727744,21.338183,5.479145,972.327122,15,0,stopped,,,,
2026-06-18 23:43:22.775,50,0.041867,0.158797,9.772413,334.642772,,,,,,,0.000233,-0.000017,0.000009,8.727602,21.334993,5.475332,972.327048,15,0,stopped,,,,
2026-06-18 23:43:22.825,50,0.041854,0.158823,9.772400,334.642338,,,,,,,0.000233,-0.000017,0.000022,8.727460,21.331802,5.471517,972.326974,15,0,stopped,,,,
2026-06-18 23:43:22.875,50,0.041840,0.158849,9.772386,334.643633,,,,,,,0.000233,-0.000017,0.000032,8.727318,21.328611,5.467701,972.326901,15,0,stopped,,,,
2026-06-18 23:43:22.925,50,0.041827,0.158875,9.772373,334.644105,,,,,,,0.000219,0.000006,0.000044,8.727176,21.325418,5.463885,972.326827,15,0,stopped,,,,
2026-06-18 23:43:22.975,50,0.041813,0.158902,9.772360,334.645611,,,,,,,0.000174,0.000082,0.000074,8.727034,21.322225,5.460067,972.326753,15,0,stopped,,,,
2026-06-18 23:43:23.025,50,0.041799,0.158928,9.772347,334.645665,,,,,,,0.000137,0.000144,0.000098,8.726892,21.319032,5.456249,972.326680,15,0,stopped,,,,
2026-06-18 23:43:23.075,50,0.041786,0.158954,9.772334,334.645973,,,,,,,0.000133,0.000138,0.000099,8.726749,21.315837,5.452430,972.326606,15,0,stopped,,,,
2026-06-18 23:43:23.125,50,0.041772,0.158980,9.772321,334.646859,,,,,,,0.000133,0.000091,0.000093,8.726607,21.312642,5.448610,972.326532,15,0,stopped,,,,
2026-06-18 23:43:23.175,50,0.041759,0.159006,9.772307,334.647058,,,,,,,0.000133,0.000045,0.000086,8.726464,21.309446,5.444789,972.326458,15,0,stopped,,,,
2026-06-18 23:43:23.225,50,0.041745,0.159032,9.772294,334.648701,,,,,,,0.000118,0.000038,0.000071,8.726322,21.306250,5.440968,972.326384,15,0,stopped,,,,
2026-06-18 23:43:23.275,50,0.041732,0.159058,9.772281,334.648980,,,,,,,-0.000039,0.000095,-0.000055,8.726179,21.303052,5.437145,972.326311,15,0,stopped,,,,
2026-06-18 23:43:23.325,50,0.041718,0.159085,9.772268,334.648165,,,,,,,-0.000242,0.000167,-0.000220,8.726036,21.299855,5.433323,972.326237,15,0,stopped,,,,
2026-06-18 23:43:23.375,50,0.041704,0.159111,9.772254,334.648058,,,,,,,-0.000333,0.000200,-0.000301,8.725893,21.296656,5.429499,972.326163,15,0,stopped,,,,
2026-06-18 23:43:23.425,50,0.041691,0.159137,9.772241,334.648391,,,,,,,-0.000307,0.000171,-0.000324,8.725750,21.293458,5.425675,972.326089,15,0,stopped,,,,
2026-06-18 23:43:23.475,50,0.041677,0.159163,9.772228,334.651289,,,,,,,-0.000258,0.000116,-0.000352,8.725607,21.290258,5.421850,972.326015,15,0,stopped,,,,
2026-06-18 23:43:23.525,50,0.041664,0.159189,9.772215,334.651827,,,,,,,-0.000217,0.000067,-0.000366,8.725464,21.287058,5.418024,972.325941,15,0,stopped,,,,
2026-06-18 23:43:23.575,50,0.041650,0.159216,9.772201,334.650045,,,,,,,-0.000141,0.000001,-0.000266,8.725321,21.283858,5.414198,972.325867,15,0,stopped,,,,
2026-06-18 23:43:23.625,50,0.041636,0.159242,9.772188,334.651033,,,,,,,-0.000021,-0.000088,-0.000069,8.725178,21.280657,5.410371,972.325793,15,0,stopped,,,,
2026-06-18 23:43:23.675,50,0.041623,0.159268,9.772175,334.653892,,,,,,,0.000062,-0.000146,0.000073,8.725034,21.277455,5.406543,972.325719,15,0,stopped,,,,
2026-06-18 23:43:23.725,50,0.041609,0.159295,9.772162,334.653108,,,,,,,0.000052,-0.000128,0.000071,8.724891,21.274253,5.402715,972.325645,15,0,stopped,,,,
2026-06-18 23:43:23.775,50,0.041596,0.159321,9.772148,334.653250,,,,,,,0.000000,-0.000055,0.000027,8.724747,21.271051,5.398887,972.325571,15,0,stopped,,,,
2026-06-18 23:43:23.825,50,0.041582,0.159347,9.772135,334.653745,,,,,,,-0.000044,0.000009,-0.000020,8.724603,21.267848,5.395058,972.325497,15,0,stopped,,,,
2026-06-18 23:43:23.875,50,0.041568,0.159374,9.772122,334.655209,,,,,,,0.000037,-0.000010,-0.000086,8.724459,21.264645,5.391228,972.325424,15,0,stopped,,,,
2026-06-18 23:43:23.925,50,0.041555,0.159400,9.772108,334.656494,,,,,,,0.000448,-0.000136,-0.000296,8.724316,21.261442,5.387398,972.325350,15,0,stopped,,,,
2026-06-18 23:43:23.975,50,0.041541,0.159426,9.772095,334.656374,,,,,,,0.000867,-0.000267,-0.000502,8.724172,21.258238,5.383568,972.325276,15,0,stopped,,,,
2026-06-18 23:43:24.025,50,0.041528,0.159453,9.772082,334.657408,,,,,,,0.000952,-0.000303,-0.000528,8.724028,21.255033,5.379737,972.325202,15,0,stopped,,,,
2026-06-18 23:43:24.075,50,0.041514,0.159479,9.772068,334.659865,,,,,,,0.000826,-0.000315,-0.000315,8.723884,21.251829,5.375906,972.325128,15,0,stopped,,,,
2026-06-18 23:43:24.125,50,0.041500,0.159506,9.772055,334.663872,,,,,,,0.000663,-0.000328,-0.000025,8.723739,21.248624,5.372074,972.325054,15,0,stopped,,,,
2026-06-18 23:43:24.175,50,0.041487,0.159532,9.772042,334.665286,,,,,,,0.000581,-0.000332,0.000159,8.723595,21.245418,5.368242,972.324979,15,0,stopped,,,,
2026-06-18 23:43:24.225,50,0.041473,0.159559,9.772028,334.666344,,,,,,,0.000537,-0.000213,0.000281,8.723451,21.242213,5.364410,972.324905,15,0,stopped,,,,
2026-06-18 23:43:24.275,50,0.041460,0.159585,9.772015,334.665374,,,,,,,0.000476,-0.000013,0.000405,8.723306,21.239007,5.360577,972.324831,15,0,stopped,,,,
2026-06-18 23:43:24.325,50,0.041446,0.159612,9.772001,334.665881,,,,,,,0.000434,0.000100,0.000466,8.723162,21.235801,5.356744,972.324757,15,0,stopped,,,,
2026-06-18 23:43:24.375,50,0.041432,0.159638,9.771988,334.666438,,,,,,,0.000380,0.000062,0.000201,8.723017,21.232594,5.352910,972.324683,15,0,stopped,,,,
2026-06-18 23:43:24.425,50,0.041419,0.159665,9.771975,334.664921,,,,,,,0.000270,-0.000020,-0.000362,8.722872,21.229388,5.349077,972.324609,15,0,stopped,,,,
2026-06-18 23:43:24.475,50,0.041405,0.159691,9.771961,334.663954,,,,,,,0.000148,-0.000079,-0.000773,8.722728,21.226181,5.345243,972.324535,15,0,stopped,,,,
2026-06-18 23:43:24.525,50,0.041391,0.159718,9.771948,334.663733,,,,,,,0.000040,-0.000053,-0.000706,8.722583,21.222974,5.341409,972.324461,15,0,stopped,,,,
2026-06-18 23:43:24.575,50,0.041378,0.159744,9.771934,334.671843,,,,,,,-0.000056,0.000047,-0.000393,8.722438,21.219767,5.337575,972.324387,15,0,stopped,,,,
2026-06-18 23:43:24.625,50,0.041364,0.159771,9.771921,334.673406,,,,,,,-0.000120,0.000143,-0.000091,8.722293,21.216559,5.333740,972.324313,15,0,stopped,,,,
2026-06-18 23:43:24.675,50,0.041351,0.159797,9.771908,334.674034,,,,,,,-0.000123,0.000155,-0.000021,8.722148,21.213352,5.329906,972.324239,15,0,stopped,,,,
2026-06-18 23:43:24.725,50,0.041337,0.159824,9.771894,334.676334,,,,,,,-0.000029,0.000036,-0.000061,8.722003,21.210144,5.326071,972.324165,15,0,stopped,,,,
2026-06-18 23:43:24.775,50,0.041323,0.159851,9.771881,334.675877,,,,,,,0.000083,-0.000107,-0.000118,8.721857,21.206937,5.322236,972.324091,15,0,stopped,,,,
2026-06-18 23:43:24.825,50,0.041310,0.159877,9.771867,334.676029,,,,,,,0.000112,-0.000150,-0.000164,8.721712,21.203729,5.318401,972.324017,15,0,stopped,,,,
2026-06-18 23:43:24.875,50,0.041296,0.159904,9.771854,334.678883,,,,,,,0.000034,-0.000145,-0.000265,8.721567,21.200521,5.314566,972.323943,15,0,stopped,,,,
2026-06-18 23:43:24.925,50,0.041282,0.159931,9.771840,334.680307,,,,,,,-0.000070,-0.000138,-0.000383,8.721421,21.197314,5.310731,972.323869,15,0,stopped,,,,
2026-06-18 23:43:24.975,50,0.041269,0.159957,9.771827,334.681460,,,,,,,-0.000117,-0.000132,-0.000432,8.721276,21.194106,5.306896,972.323794,15,0,stopped,,,,
2026-06-18 23:43:25.025,50,0.041255,0.159984,9.771813,334.682025,,,,,,,-0.000097,-0.000067,-0.000324,8.721130,21.190898,5.303061,972.323720,15,0,stopped,,,,
2026-06-18 23:43:25.075,50,0.041241,0.160011,9.771800,334.682851,,,,,,,-0.000055,0.000046,-0.000125,8.720984,21.187690,5.299226,972.323646,15,0,stopped,,,,
2026-06-18 23:43:25.125,50,0.041228,0.160037,9.771786,334.685182,,,,,,,-0.000011,0.000127,0.000031,8.720839,21.184482,5.295391,972.323572,15,0,stopped,,,,
2026-06-18 23:43:25.175,50,0.041214,0.160064,9.771773,334.685455,,,,,,,0.000023,0.000126,0.000084,8.720693,21.181274,5.291556,972.323498,15,0,stopped,,,,
2026-06-18 23:43:25.225,50,0.041201,0.160091,9.771759,334.688377,,,,,,,0.000051,0.000103,0.000150,8.720547,21.178067,5.287721,972.323424,15,0,stopped,,,,
2026-06-18 23:43:25.275,50,0.041187,0.160118,9.771746,334.688198,,,,,,,0.000066,0.000085,0.000196,8.720401,21.174859,5.283886,972.323350,15,0,stopped,,,,
2026-06-18 23:43:25.325,50,0.041173,0.160145,9.771732,334.688531,,,,,,,0.000042,0.000084,0.000181,8.720255,21.171651,5.280051,972.323276,15,0,stopped,,,,
2026-06-18 23:43:25.375,50,0.041160,0.160171,9.771719,334.688691,,,,,,,-0.000047,0.000090,0.000101,8.720109,21.168444,5.276217,972.323202,15,0,stopped,,,,
2026-06-18 23:43:25.425,50,0.041146,0.160198,9.771705,334.688247,,,,,,,-0.000132,0.000097,0.000001,8.719963,21.165237,5.272382,972.323128,15,0,stopped,,,,
2026-06-18 23:43:25.475,50,0.041132,0.160225,9.771692,334.688334,,,,,,,-0.000145,0.000103,-0.000083,8.719816,21.162029,5.268548,972.323054,15,0,stopped,,,,
2026-06-18 23:43:25.525,50,0.041119,0.160252,9.771678,334.687962,,,,,,,-0.000110,0.000115,-0.000153,8.719670,21.158822,5.264714,972.322980,15,0,stopped,,,,
2026-06-18 23:43:25.575,50,0.041105,0.160279,9.771665,334.689020,,,,,,,-0.000068,0.000128,-0.000201,8.719524,21.155616,5.260880,972.322905,15,0,stopped,,,,
2026-06-18 23:43:25.625,50,0.041092,0.160305,9.771651,334.689559,,,,,,,-0.000051,0.000132,-0.000216,8.719377,21.152409,5.257047,972.322831,15,0,stopped,,,,
2026-06-18 23:43:25.675,50,0.041078,0.160332,9.771637,334.689545,,,,,,,-0.000110,0.000083,-0.000145,8.719231,21.149203,5.253213,972.322757,15,0,stopped,,,,
2026-06-18 23:43:25.725,50,0.041064,0.160359,9.771624,334.690853,,,,,,,-0.000204,0.000005,-0.000030,8.719084,21.145996,5.249380,972.322683,15,0,stopped,,,,
2026-06-18 23:43:25.775,50,0.041051,0.160386,9.771610,334.691815,,,,,,,-0.000250,-0.000033,0.000034,8.718937,21.142791,5.245547,972.322609,15,0,stopped,,,,
2026-06-18 23:43:25.825,50,0.041037,0.160413,9.771597,334.693288,,,,,,,-0.000244,-0.000005,0.000055,8.718791,21.139585,5.241715,972.322535,15,0,stopped,,,,
2026-06-18 23:43:25.875,50,0.041023,0.160440,9.771583,334.694058,,,,,,,-0.000231,0.000054,0.000082,8.718644,21.136380,5.237883,972.322461,15,0,stopped,,,,
2026-06-18 23:43:25.925,50,0.041010,0.160467,9.771570,334.694105,,,,,,,-0.000219,0.000118,0.000099,8.718497,21.133175,5.234051,972.322387,15,0,stopped,,,,
2026-06-18 23:43:25.975,50,0.040996,0.160494,9.771556,334.695453,,,,,,,-0.000205,0.000167,0.000097,8.718350,21.129970,5.230220,972.322313,15,0,stopped,,,,
2026-06-18 23:43:26.025,50,0.040983,0.160521,9.771542,334.696318,,,,,,,-0.000174,0.000207,0.000087,8.718203,21.126765,5.226389,972.322239,15,0,stopped,,,,
2026-06-18 23:43:26.075,50,0.040969,0.160548,9.771529,334.696853,,,,,,,-0.000136,0.000244,0.000074,8.718056,21.123561,5.222558,972.322165,15,0,stopped,,,,
2026-06-18 23:43:26.125,50,0.040955,0.160575,9.771515,334.696057,,,,,,,-0.000136,0.000244,0.000074,8.717909,21.120358,5.218728,972.322091,15,0,stopped,,,,
2026-06-18 23:43:26.175,50,0.040942,0.160602,9.771501,334.696137,,,,,,,-0.000136,0.000244,0.000074,8.717762,21.117155,5.214899,972.322017,15,0,stopped,,,,
2026-06-18 23:43:26.225,50,0.040928,0.160629,9.771488,334.696345,,,,,,,-0.000136,0.000244,0.000074,8.717614,21.113952,5.211070,972.321943,15,0,stopped,,,,
2026-06-18 23:43:26.275,50,0.040915,0.160656,9.771474,334.699553,,,,,,,-0.000136,0.000244,0.000074,8.717467,21.110749,5.207241,972.321869,15,0,stopped,,,,
2026-06-18 23:43:26.325,50,0.040901,0.160683,9.771460,334.701723,,,,,,,-0.000136,0.000244,0.000074,8.717320,21.107547,5.203413,972.321795,15,0,stopped,,,,
2026-06-18 23:43:26.375,50,0.040887,0.160710,9.771447,334.701723,,,,,,,-0.000136,0.000244,0.000074,8.717172,21.104346,5.199586,972.321721,15,0,stopped,,,,
2026-06-18 23:43:26.425,50,0.040874,0.160737,9.771433,334.701723,,,,,,,-0.000136,0.000244,0.000074,8.717025,21.101145,5.195759,972.321647,15,0,stopped,,,,
2026-06-18 23:43:26.475,50,0.040860,0.160764,9.771420,334.701723,,,,,,,-0.000136,0.000244,0.000074,8.716877,21.097944,5.191932,972.321574,15,0,stopped,,,,
2026-06-18 23:43:26.525,50,0.040847,0.160791,9.771406,334.701723,,,,,,,-0.000136,0.000244,0.000074,8.716730,21.094744,5.188107,972.321500,15,0,stopped,,,,
2026-06-18 23:43:26.575,50,0.040833,0.160818,9.771392,334.701723,,,,,,,-0.000136,0.000244,0.000074,8.716582,21.091545,5.184282,972.321426,15,0,stopped,,,,
2026-06-18 23:43:26.625,50,0.040819,0.160845,9.771378,334.701723,,,,,,,-0.000136,0.000244,0.000074,8.716434,21.088346,5.180457,972.321352,15,0,stopped,,,,
2026-06-18 23:43:26.675,50,0.040806,0.160872,9.771365,334.701723,,,,,,,-0.000136,0.000244,0.000074,8.716286,21.085147,5.176633,972.321278,15,0,stopped,,,,
2026-06-18 23:43:26.725,50,0.040792,0.160899,9.771351,334.701723,,,,,,,-0.000136,0.000244,0.000074,8.716139,21.081950,5.172810,972.321204,15,0,stopped,,,,
2026-06-18 23:43:26.775,50,0.040779,0.160926,9.771337,334.701723,,,,,,,-0.000136,0.000244,0.000074,8.715991,21.078753,5.168988,972.321130,15,0,stopped,,,,
2026-06-18 23:43:26.825,50,0.040765,0.160954,9.771324,334.701723,,,,,,,-0.000136,0.000244,0.000074,8.715843,21.075556,5.165166,972.321056,15,0,stopped,,,,
2026-06-18 23:43:26.875,50,0.040752,0.160981,9.771310,334.701723,,,,,,,-0.000136,0.000244,0.000074,8.715695,21.072360,5.161346,972.320983,15,0,stopped,,,,
2026-06-18 23:43:26.925,50,0.040738,0.161008,9.771296,334.701723,,,,,,,-0.000136,0.000244,0.000074,8.715547,21.069165,5.157526,972.320909,15,0,stopped,,,,
2026-06-18 23:43:26.975,50,0.040724,0.161035,9.771283,334.701723,,,,,,,-0.000136,0.000244,0.000074,8.715399,21.065970,5.153706,972.320835,15,0,stopped,,,,
2026-06-18 23:43:27.025,50,0.040711,0.161062,9.771269,334.701723,,,,,,,-0.000136,0.000244,0.000074,8.715250,21.062776,5.149888,972.320761,15,0,stopped,,,,
2026-06-18 23:43:27.075,50,0.040697,0.161089,9.771255,334.701723,,,,,,,-0.000136,0.000244,0.000074,8.715102,21.059583,5.146070,972.320687,15,0,stopped,,,,
2026-06-18 23:43:27.125,50,0.040684,0.161116,9.771241,334.701723,,,,,,,-0.000136,0.000244,0.000074,8.714954,21.056391,5.142254,972.320614,15,0,stopped,,,,
2026-06-18 23:43:27.175,50,0.040670,0.161144,9.771228,334.701723,,,,,,,-0.000136,0.000244,0.000074,8.714805,21.053199,5.138438,972.320540,15,0,stopped,,,,
2026-06-18 23:43:27.225,50,0.040657,0.161171,9.771214,334.701723,,,,,,,-0.000136,0.000244,0.000074,8.714657,21.050008,5.134623,972.320466,15,0,stopped,,,,
2026-06-18 23:43:27.275,50,0.040643,0.161198,9.771200,334.701723,,,,,,,-0.000136,0.000244,0.000074,8.714509,21.046818,5.130809,972.320393,15,0,stopped,,,,
2026-06-18 23:43:27.325,50,0.040629,0.161225,9.771186,334.701723,,,,,,,-0.000136,0.000244,0.000074,8.714360,21.043628,5.126996,972.320319,15,0,stopped,,,,
2026-06-18 23:43:27.375,50,0.040616,0.161253,9.771173,334.701723,,,,,,,-0.000136,0.000244,0.000074,8.714212,21.040440,5.123184,972.320245,15,0,stopped,,,,
2026-06-18 23:43:27.425,50,0.040602,0.161280,9.771159,334.701723,,,,,,,-0.000136,0.000244,0.000074,8.714063,21.037252,5.119373,972.320172,15,0,stopped,,,,
2026-06-18 23:43:27.475,50,0.040589,0.161307,9.771145,334.701723,,,,,,,-0.000136,0.000244,0.000074,8.713914,21.034065,5.115563,972.320098,15,0,stopped,,,,
2026-06-18 23:43:27.525,50,0.040575,0.161334,9.771131,334.701723,,,,,,,-0.000136,0.000244,0.000074,8.713766,21.030879,5.111754,972.320025,15,0,stopped,,,,
2026-06-18 23:43:27.575,50,0.040562,0.161362,9.771118,334.701723,,,,,,,-0.000136,0.000244,0.000074,8.713617,21.027694,5.107946,972.319951,15,0,stopped,,,,
2026-06-18 23:43:27.625,50,0.040548,0.161389,9.771104,334.701723,,,,,,,-0.000136,0.000244,0.000074,8.713468,21.024510,5.104139,972.319877,15,0,stopped,,,,
2026-06-18 23:43:27.675,50,0.040535,0.161416,9.771090,334.701723,,,,,,,-0.000136,0.000244,0.000074,8.713319,21.021327,5.100334,972.319804,15,0,stopped,,,,
2026-06-18 23:43:27.725,50,0.040521,0.161443,9.771076,334.701723,,,,,,,-0.000136,0.000244,0.000074,8.713170,21.018144,5.096529,972.319730,15,0,stopped,,,,
2026-06-18 23:43:27.775,50,0.040508,0.161471,9.771062,334.701723,,,,,,,-0.000136,0.000244,0.000074,8.713021,21.014963,5.092725,972.319657,15,0,stopped,,,,
2026-06-18 23:43:27.825,50,0.040494,0.161498,9.771049,334.701723,,,,,,,-0.000136,0.000244,0.000074,8.712872,21.011782,5.088923,972.319583,15,0,stopped,,,,
2026-06-18 23:43:27.875,50,0.040481,0.161525,9.771035,334.701723,,,,,,,-0.000136,0.000244,0.000074,8.712723,21.008603,5.085122,972.319510,15,0,stopped,,,,
2026-06-18 23:43:27.925,50,0.040467,0.161553,9.771021,334.701723,,,,,,,-0.000136,0.000244,0.000074,8.712574,21.005424,5.081322,972.319437,15,0,stopped,,,,
2026-06-18 23:43:27.975,50,0.040454,0.161580,9.771007,334.701723,,,,,,,-0.000136,0.000244,0.000074,8.712425,21.002247,5.077523,972.319363,15,0,stopped,,,,
2026-06-18 23:43:28.025,50,0.040440,0.161607,9.770993,334.701723,,,,,,,-0.000136,0.000244,0.000074,8.712276,20.999071,5.073726,972.319290,15,0,stopped,,,,
2026-06-18 23:43:28.075,50,0.040427,0.161635,9.770980,334.701723,,,,,,,-0.000136,0.000244,0.000074,8.712127,20.995895,5.069930,972.319216,15,0,stopped,,,,
2026-06-18 23:43:28.125,50,0.040413,0.161662,9.770966,334.701723,,,,,,,-0.000136,0.000244,0.000074,8.711977,20.992721,5.066135,972.319143,15,0,stopped,,,,
2026-06-18 23:43:28.175,50,0.040400,0.161690,9.770952,334.701723,,,,,,,-0.000136,0.000244,0.000074,8.711828,20.989548,5.062341,972.319070,15,0,stopped,,,,
2026-06-18 23:43:28.225,50,0.040386,0.161717,9.770938,334.701723,,,,,,,-0.000136,0.000244,0.000074,8.711679,20.986376,5.058549,972.318997,15,0,stopped,,,,
2026-06-18 23:43:28.275,50,0.040373,0.161744,9.770924,334.701723,,,,,,,-0.000136,0.000244,0.000074,8.711529,20.983205,5.054758,972.318923,15,0,stopped,,,,
2026-06-18 23:43:28.325,50,0.040359,0.161772,9.770910,334.701723,,,,,,,-0.000136,0.000244,0.000074,8.711380,20.980035,5.050968,972.318850,15,0,stopped,,,,
2026-06-18 23:43:28.375,50,0.040346,0.161799,9.770897,334.701723,,,,,,,-0.000136,0.000244,0.000074,8.711231,20.976867,5.047180,972.318777,15,0,stopped,,,,
2026-06-18 23:43:28.425,50,0.040332,0.161827,9.770883,334.701723,,,,,,,-0.000136,0.000244,0.000074,8.711081,20.973699,5.043393,972.318704,15,0,stopped,,,,
2026-06-18 23:43:28.475,50,0.040319,0.161854,9.770869,334.701723,,,,,,,-0.000136,0.000244,0.000074,8.710931,20.970533,5.039608,972.318631,15,0,stopped,,,,
2026-06-18 23:43:28.525,50,0.040305,0.161881,9.770855,334.701723,,,,,,,-0.000136,0.000244,0.000074,8.710782,20.967368,5.035824,972.318558,15,0,stopped,,,,
2026-06-18 23:43:28.575,50,0.040292,0.161909,9.770841,334.701723,,,,,,,-0.000136,0.000244,0.000074,8.710632,20.964204,5.032042,972.318484,15,0,stopped,,,,
2026-06-18 23:43:28.625,50,0.040279,0.161936,9.770827,334.701723,,,,,,,-0.000136,0.000244,0.000074,8.710483,20.961042,5.028261,972.318411,15,0,stopped,,,,
2026-06-18 23:43:28.675,50,0.040265,0.161964,9.770813,334.701723,,,,,,,-0.000136,0.000244,0.000074,8.710333,20.957880,5.024482,972.318338,15,0,stopped,,,,
2026-06-18 23:43:28.725,50,0.040252,0.161991,9.770800,334.701723,,,,,,,-0.000136,0.000244,0.000074,8.710183,20.954720,5.020704,972.318265,15,0,stopped,,,,
2026-06-18 23:43:28.775,50,0.040238,0.162019,9.770786,334.701723,,,,,,,-0.000136,0.000244,0.000074,8.710033,20.951562,5.016927,972.318192,15,0,stopped,,,,
2026-06-18 23:43:28.825,50,0.040225,0.162046,9.770772,334.701723,,,,,,,-0.000136,0.000244,0.000074,8.709883,20.948404,5.013153,972.318120,15,0,stopped,,,,
2026-06-18 23:43:28.875,50,0.040211,0.162074,9.770758,334.701723,,,,,,,-0.000136,0.000244,0.000074,8.709734,20.945248,5.009380,972.318047,15,0,stopped,,,,
2026-06-18 23:43:28.925,50,0.040198,0.162101,9.770744,334.701723,,,,,,,-0.000136,0.000244,0.000074,8.709584,20.942094,5.005608,972.317974,15,0,stopped,,,,
2026-06-18 23:43:28.975,50,0.040185,0.162129,9.770730,334.701723,,,,,,,-0.000136,0.000244,0.000074,8.709434,20.938940,5.001838,972.317901,15,0,stopped,,,,
2026-06-18 23:43:29.025,50,0.040171,0.162156,9.770716,334.701723,,,,,,,-0.000136,0.000244,0.000074,8.709284,20.935788,4.998070,972.317828,15,0,stopped,,,,
2026-06-18 23:43:29.075,50,0.040158,0.162184,9.770702,334.701723,,,,,,,-0.000136,0.000244,0.000074,8.709134,20.932638,4.994304,972.317755,15,0,stopped,,,,
2026-06-18 23:43:29.125,50,0.040145,0.162211,9.770689,334.701723,,,,,,,-0.000136,0.000244,0.000074,8.708984,20.929489,4.990539,972.317683,15,0,stopped,,,,
2026-06-18 23:43:29.175,50,0.040131,0.162239,9.770675,334.701723,,,,,,,-0.000136,0.000244,0.000074,8.708834,20.926341,4.986776,972.317610,15,0,stopped,,,,
2026-06-18 23:43:29.225,50,0.040118,0.162266,9.770661,334.701723,,,,,,,-0.000136,0.000244,0.000074,8.708684,20.923195,4.983014,972.317537,15,0,stopped,,,,
2026-06-18 23:43:29.275,50,0.040104,0.162294,9.770647,334.701723,,,,,,,-0.000136,0.000244,0.000074,8.708533,20.920051,4.979255,972.317465,15,0,stopped,,,,
2026-06-18 23:43:29.325,50,0.040091,0.162321,9.770633,334.701723,,,,,,,-0.000136,0.000244,0.000074,8.708383,20.916907,4.975497,972.317392,15,0,stopped,,,,
2026-06-18 23:43:29.375,50,0.040078,0.162349,9.770619,334.701723,,,,,,,-0.000136,0.000244,0.000074,8.708233,20.913766,4.971741,972.317319,15,0,stopped,,,,
2026-06-18 23:43:29.425,50,0.040064,0.162376,9.770605,334.701723,,,,,,,-0.000136,0.000244,0.000074,8.708083,20.910626,4.967987,972.317247,15,0,stopped,,,,
2026-06-18 23:43:29.475,50,0.040051,0.162404,9.770591,334.701723,,,,,,,-0.000136,0.000244,0.000074,8.707933,20.907487,4.964235,972.317174,15,0,stopped,,,,
2026-06-18 23:43:29.525,50,0.040038,0.162431,9.770577,334.701723,,,,,,,-0.000136,0.000244,0.000074,8.707782,20.904350,4.960485,972.317102,15,0,stopped,,,,
2026-06-18 23:43:29.575,50,0.040024,0.162459,9.770563,334.701723,,,,,,,-0.000136,0.000244,0.000074,8.707632,20.901215,4.956736,972.317030,15,0,stopped,,,,
2026-06-18 23:43:29.625,50,0.040011,0.162487,9.770549,334.701723,,,,,,,-0.000136,0.000244,0.000074,8.707482,20.898081,4.952989,972.316957,15,0,stopped,,,,
2026-06-18 23:43:29.675,50,0.039998,0.162514,9.770536,334.701723,,,,,,,-0.000136,0.000244,0.000074,8.707331,20.894949,4.949245,972.316885,15,0,stopped,,,,
2026-06-18 23:43:29.725,50,0.039984,0.162542,9.770522,334.701723,,,,,,,-0.000136,0.000244,0.000074,8.707181,20.891818,4.945502,972.316812,15,0,stopped,,,,
2026-06-18 23:43:29.775,50,0.039971,0.162569,9.770508,334.701723,,,,,,,-0.000136,0.000244,0.000074,8.707030,20.888689,4.941761,972.316740,15,0,stopped,,,,
2026-06-18 23:43:29.825,50,0.039958,0.162597,9.770494,334.701723,,,,,,,-0.000136,0.000244,0.000074,8.706880,20.885562,4.938023,972.316668,15,0,stopped,,,,
2026-06-18 23:43:29.875,50,0.039945,0.162624,9.770480,334.701723,,,,,,,-0.000136,0.000244,0.000074,8.706729,20.882436,4.934286,972.316596,15,0,stopped,,,,
2026-06-18 23:43:29.925,50,0.039931,0.162652,9.770466,334.701723,,,,,,,-0.000136,0.000244,0.000074,8.706579,20.879313,4.930551,972.316524,15,0,stopped,,,,
2026-06-18 23:43:29.975,50,0.039918,0.162680,9.770452,334.701723,,,,,,,-0.000136,0.000244,0.000074,8.706428,20.876190,4.926819,972.316452,15,0,stopped,,,,
2026-06-18 23:43:30.025,50,0.039905,0.162707,9.770438,334.701723,,,,,,,-0.000136,0.000244,0.000074,8.706278,20.873070,4.923088,972.316379,15,0,stopped,,,,
2026-06-18 23:43:30.075,50,0.039892,0.162735,9.770424,334.701723,,,,,,,-0.000136,0.000244,0.000074,8.706127,20.869951,4.919360,972.316307,15,0,stopped,,,,
2026-06-18 23:43:30.125,50,0.039878,0.162762,9.770410,334.701723,,,,,,,-0.000136,0.000244,0.000074,8.705976,20.866835,4.915634,972.316235,15,0,stopped,,,,
2026-06-18 23:43:30.175,50,0.039865,0.162790,9.770396,334.701723,,,,,,,-0.000136,0.000244,0.000074,8.705826,20.863720,4.911910,972.316163,15,0,stopped,,,,
2026-06-18 23:43:30.225,50,0.039852,0.162818,9.770382,334.701723,,,,,,,-0.000136,0.000244,0.000074,8.705675,20.860606,4.908188,972.316092,15,0,stopped,,,,
2026-06-18 23:43:30.275,50,0.039839,0.162845,9.770368,334.701723,,,,,,,-0.000136,0.000244,0.000074,8.705524,20.857495,4.904468,972.316020,15,0,stopped,,,,
2026-06-18 23:43:30.325,50,0.039825,0.162873,9.770354,334.701723,,,,,,,-0.000136,0.000244,0.000074,8.705374,20.854385,4.900750,972.315948,15,0,stopped,,,,
2026-06-18 23:43:30.375,50,0.039812,0.162901,9.770340,334.701723,,,,,,,-0.000136,0.000244,0.000074,8.705223,20.851278,4.897035,972.315876,15,0,stopped,,,,
2026-06-18 23:43:30.425,50,0.039799,0.162928,9.770326,334.701723,,,,,,,-0.000136,0.000244,0.000074,8.705072,20.848172,4.893322,972.315804,15,0,stopped,,,,
2026-06-18 23:43:30.475,50,0.039786,0.162956,9.770312,334.701723,,,,,,,-0.000136,0.000244,0.000074,8.704921,20.845068,4.889611,972.315733,15,0,stopped,,,,
2026-06-18 23:43:30.525,50,0.039773,0.162984,9.770298,334.701723,,,,,,,-0.000136,0.000244,0.000074,8.704771,20.841966,4.885903,972.315661,15,0,stopped,,,,
2026-06-18 23:43:30.575,50,0.039759,0.163011,9.770284,334.701723,,,,,,,-0.000136,0.000244,0.000074,8.704620,20.838866,4.882196,972.315589,15,0,stopped,,,,
2026-06-18 23:43:30.625,50,0.039746,0.163039,9.770270,334.701723,,,,,,,-0.000136,0.000244,0.000074,8.704469,20.835768,4.878493,972.315518,15,0,stopped,,,,
2026-06-18 23:43:30.675,50,0.039733,0.163067,9.770257,334.701723,,,,,,,-0.000136,0.000244,0.000074,8.704318,20.832672,4.874791,972.315446,15,0,stopped,,,,
2026-06-18 23:43:30.725,50,0.039720,0.163094,9.770243,334.701723,,,,,,,-0.000136,0.000244,0.000074,8.704167,20.829578,4.871092,972.315375,15,0,stopped,,,,
2026-06-18 23:43:30.775,50,0.039707,0.163122,9.770229,334.701723,,,,,,,-0.000136,0.000244,0.000074,8.704016,20.826486,4.867395,972.315303,15,0,stopped,,,,
2026-06-18 23:43:30.825,50,0.039694,0.163150,9.770215,334.701723,,,,,,,-0.000136,0.000244,0.000074,8.703865,20.823395,4.863701,972.315232,15,0,stopped,,,,
2026-06-18 23:43:30.875,50,0.039681,0.163177,9.770201,334.701723,,,,,,,-0.000136,0.000244,0.000074,8.703715,20.820307,4.860009,972.315161,15,0,stopped,,,,
2026-06-18 23:43:30.925,50,0.039668,0.163205,9.770187,334.701723,,,,,,,-0.000136,0.000244,0.000074,8.703564,20.817221,4.856320,972.315089,15,0,stopped,,,,
2026-06-18 23:43:30.975,50,0.039654,0.163233,9.770173,334.701723,,,,,,,-0.000136,0.000244,0.000074,8.703413,20.814137,4.852633,972.315018,15,0,stopped,,,,
2026-06-18 23:43:31.025,50,0.039641,0.163260,9.770159,334.701723,,,,,,,-0.000136,0.000244,0.000074,8.703262,20.811056,4.848948,972.314947,15,0,stopped,,,,
2026-06-18 23:43:31.075,50,0.039628,0.163288,9.770145,334.701723,,,,,,,-0.000136,0.000244,0.000074,8.703111,20.807976,4.845266,972.314876,15,0,stopped,,,,
2026-06-18 23:43:31.125,50,0.039615,0.163316,9.770131,334.701723,,,,,,,-0.000136,0.000244,0.000074,8.702960,20.804898,4.841587,972.314805,15,0,stopped,,,,
2026-06-18 23:43:31.175,50,0.039602,0.163343,9.770117,334.701723,,,,,,,-0.000136,0.000244,0.000074,8.702809,20.801823,4.837910,972.314734,15,0,stopped,,,,
2026-06-18 23:43:31.225,50,0.039589,0.163371,9.770103,334.701723,,,,,,,-0.000136,0.000244,0.000074,8.702658,20.798750,4.834236,972.314663,15,0,stopped,,,,
2026-06-18 23:43:31.275,50,0.039576,0.163399,9.770089,334.701723,,,,,,,-0.000136,0.000244,0.000074,8.702507,20.795678,4.830564,972.314592,15,0,stopped,,,,
2026-06-18 23:43:31.325,50,0.039563,0.163426,9.770075,334.701723,,,,,,,-0.000136,0.000244,0.000074,8.702355,20.792609,4.826895,972.314521,15,0,stopped,,,,
2026-06-18 23:43:31.375,50,0.039550,0.163454,9.770061,334.701723,,,,,,,-0.000136,0.000244,0.000074,8.702204,20.789543,4.823229,972.314450,15,0,stopped,,,,
2026-06-18 23:43:31.425,50,0.039537,0.163482,9.770047,334.701723,,,,,,,-0.000136,0.000244,0.000074,8.702053,20.786478,4.819565,972.314379,15,0,stopped,,,,
2026-06-18 23:43:31.475,50,0.039524,0.163510,9.770033,334.701723,,,,,,,-0.000136,0.000244,0.000074,8.701902,20.783416,4.815904,972.314308,15,0,stopped,,,,
2026-06-18 23:43:31.525,50,0.039511,0.163537,9.770019,334.701723,,,,,,,-0.000136,0.000244,0.000074,8.701751,20.780356,4.812246,972.314238,15,0,stopped,,,,
2026-06-18 23:43:31.575,50,0.039498,0.163565,9.770005,334.701723,,,,,,,-0.000136,0.000244,0.000074,8.701600,20.777298,4.808590,972.314167,15,0,stopped,,,,
2026-06-18 23:43:31.625,50,0.039485,0.163593,9.769991,334.701723,,,,,,,-0.000136,0.000244,0.000074,8.701449,20.774243,4.804938,972.314096,15,0,stopped,,,,
2026-06-18 23:43:31.675,50,0.039472,0.163620,9.769977,334.701723,,,,,,,-0.000136,0.000244,0.000074,8.701298,20.771190,4.801288,972.314026,15,0,stopped,,,,
2026-06-18 23:43:31.725,50,0.039459,0.163648,9.769963,334.701723,,,,,,,-0.000136,0.000244,0.000074,8.701147,20.768139,4.797640,972.313955,15,0,stopped,,,,
2026-06-18 23:43:31.775,50,0.039446,0.163676,9.769949,334.701723,,,,,,,-0.000136,0.000244,0.000074,8.700995,20.765091,4.793996,972.313885,15,0,stopped,,,,
2026-06-18 23:43:31.825,50,0.039433,0.163703,9.769935,334.701723,,,,,,,-0.000136,0.000244,0.000074,8.700844,20.762045,4.790354,972.313815,15,0,stopped,,,,
2026-06-18 23:43:31.875,50,0.039420,0.163731,9.769921,334.701723,,,,,,,-0.000136,0.000244,0.000074,8.700693,20.759001,4.786716,972.313744,15,0,stopped,,,,
2026-06-18 23:43:31.925,50,0.039407,0.163759,9.769907,334.701723,,,,,,,-0.000136,0.000244,0.000074,8.700542,20.755960,4.783080,972.313674,15,0,stopped,,,,
2026-06-18 23:43:31.975,50,0.039394,0.163787,9.769893,334.701723,,,,,,,-0.000136,0.000244,0.000074,8.700391,20.752922,4.779447,972.313604,15,0,stopped,,,,
2026-06-18 23:43:32.025,50,0.039381,0.163814,9.769879,334.701723,,,,,,,-0.000136,0.000244,0.000074,8.700240,20.749885,4.775817,972.313534,15,0,stopped,,,,
2026-06-18 23:43:32.075,50,0.039369,0.163842,9.769865,334.701723,,,,,,,-0.000136,0.000244,0.000074,8.700088,20.746851,4.772190,972.313464,15,0,stopped,,,,
2026-06-18 23:43:32.125,50,0.039356,0.163870,9.769851,334.701723,,,,,,,-0.000136,0.000244,0.000074,8.699937,20.743820,4.768566,972.313394,15,0,stopped,,,,
2026-06-18 23:43:32.175,50,0.039343,0.163898,9.769837,334.701723,,,,,,,-0.000136,0.000244,0.000074,8.699786,20.740791,4.764945,972.313324,15,0,stopped,,,,
2026-06-18 23:43:32.225,50,0.039330,0.163925,9.769823,334.701723,,,,,,,-0.000136,0.000244,0.000074,8.699635,20.737765,4.761327,972.313254,15,0,stopped,,,,
2026-06-18 23:43:32.275,50,0.039317,0.163953,9.769809,334.701723,,,,,,,-0.000136,0.000244,0.000074,8.699484,20.734741,4.757712,972.313184,15,0,stopped,,,,
2026-06-18 23:43:32.325,50,0.039304,0.163981,9.769795,334.701723,,,,,,,-0.000136,0.000244,0.000074,8.699332,20.731720,4.754100,972.313114,15,0,stopped,,,,
2026-06-18 23:43:32.375,50,0.039291,0.164008,9.769781,334.701723,,,,,,,-0.000136,0.000244,0.000074,8.699181,20.728701,4.750491,972.313044,15,0,stopped,,,,
2026-06-18 23:43:32.425,50,0.039279,0.164036,9.769767,334.701723,,,,,,,-0.000136,0.000244,0.000074,8.699030,20.725685,4.746885,972.312975,15,0,stopped,,,,
2026-06-18 23:43:32.475,50,0.039266,0.164064,9.769753,334.701723,,,,,,,-0.000136,0.000244,0.000074,8.698879,20.722671,4.743282,972.312905,15,0,stopped,,,,
2026-06-18 23:43:32.525,50,0.039253,0.164092,9.769739,334.701723,,,,,,,-0.000136,0.000244,0.000074,8.698727,20.719660,4.739682,972.312836,15,0,stopped,,,,
2026-06-18 23:43:32.575,50,0.039240,0.164119,9.769725,334.701723,,,,,,,-0.000136,0.000244,0.000074,8.698576,20.716652,4.736086,972.312766,15,0,stopped,,,,
2026-06-18 23:43:32.625,50,0.039227,0.164147,9.769711,334.701723,,,,,,,-0.000136,0.000244,0.000074,8.698425,20.713646,4.732492,972.312697,15,0,stopped,,,,
2026-06-18 23:43:32.675,50,0.039215,0.164175,9.769697,334.701723,,,,,,,-0.000136,0.000244,0.000074,8.698274,20.710643,4.728902,972.312627,15,0,stopped,,,,
2026-06-18 23:43:32.725,50,0.039202,0.164202,9.769683,334.701723,,,,,,,-0.000136,0.000244,0.000074,8.698123,20.707643,4.725315,972.312558,15,0,stopped,,,,
2026-06-18 23:43:32.775,50,0.039189,0.164230,9.769669,334.701723,,,,,,,-0.000136,0.000244,0.000074,8.697971,20.704646,4.721732,972.312489,15,0,stopped,,,,
2026-06-18 23:43:32.825,50,0.039177,0.164258,9.769655,334.701723,,,,,,,-0.000136,0.000244,0.000074,8.697820,20.701651,4.718151,972.312419,15,0,stopped,,,,
2026-06-18 23:43:32.875,50,0.039164,0.164286,9.769641,334.701723,,,,,,,-0.000136,0.000244,0.000074,8.697669,20.698659,4.714574,972.312350,15,0,stopped,,,,
2026-06-18 23:43:32.925,50,0.039151,0.164313,9.769627,334.701723,,,,,,,-0.000136,0.000244,0.000074,8.697518,20.695669,4.711000,972.312281,15,0,stopped,,,,
2026-06-18 23:43:32.975,50,0.039138,0.164341,9.769613,334.701723,,,,,,,-0.000136,0.000244,0.000074,8.697367,20.692683,4.707430,972.312212,15,0,stopped,,,,
2026-06-18 23:43:33.025,50,0.039126,0.164369,9.769599,334.701723,,,,,,,-0.000136,0.000244,0.000074,8.697215,20.689699,4.703863,972.312143,15,0,stopped,,,,
2026-06-18 23:43:33.075,50,0.039113,0.164397,9.769585,334.701723,,,,,,,-0.000136,0.000244,0.000074,8.697064,20.686718,4.700299,972.312074,15,0,stopped,,,,
2026-06-18 23:43:33.125,50,0.039100,0.164424,9.769571,334.701723,,,,,,,-0.000136,0.000244,0.000074,8.696913,20.683740,4.696738,972.312006,15,0,stopped,,,,
2026-06-18 23:43:33.175,50,0.039088,0.164452,9.769557,334.701723,,,,,,,-0.000136,0.000244,0.000074,8.696762,20.680765,4.693181,972.311937,15,0,stopped,,,,
2026-06-18 23:43:33.225,50,0.039075,0.164480,9.769543,334.701723,,,,,,,-0.000136,0.000244,0.000074,8.696611,20.677792,4.689628,972.311868,15,0,stopped,,,,
2026-06-18 23:43:33.275,50,0.039063,0.164507,9.769529,334.701723,,,,,,,-0.000136,0.000244,0.000074,8.696459,20.674823,4.686078,972.311800,15,0,stopped,,,,
2026-06-18 23:43:33.325,50,0.039050,0.164535,9.769515,334.701723,,,,,,,-0.000136,0.000244,0.000074,8.696308,20.671856,4.682531,972.311731,15,0,stopped,,,,
2026-06-18 23:43:33.375,50,0.039037,0.164563,9.769501,334.701723,,,,,,,-0.000136,0.000244,0.000074,8.696157,20.668892,4.678988,972.311663,15,0,stopped,,,,
2026-06-18 23:43:33.425,50,0.039025,0.164591,9.769487,334.701723,,,,,,,-0.000136,0.000244,0.000074,8.696006,20.665932,4.675448,972.311594,15,0,stopped,,,,
2026-06-18 23:43:33.475,50,0.039012,0.164618,9.769473,334.701723,,,,,,,-0.000136,0.000244,0.000074,8.695855,20.662974,4.671912,972.311526,15,0,stopped,,,,
2026-06-18 23:43:33.525,50,0.039000,0.164646,9.769459,334.701723,,,,,,,-0.000136,0.000244,0.000074,8.695704,20.660019,4.668379,972.311458,15,0,stopped,,,,
2026-06-18 23:43:33.575,50,0.038987,0.164674,9.769445,334.701723,,,,,,,-0.000136,0.000244,0.000074,8.695553,20.657067,4.664850,972.311389,15,0,stopped,,,,
2026-06-18 23:43:33.625,50,0.038975,0.164701,9.769431,334.701723,,,,,,,-0.000136,0.000244,0.000074,8.695401,20.654118,4.661324,972.311321,15,0,stopped,,,,
2026-06-18 23:43:33.675,50,0.038962,0.164729,9.769417,334.701723,,,,,,,-0.000136,0.000244,0.000074,8.695250,20.651172,4.657803,972.311253,15,0,stopped,,,,
2026-06-18 23:43:33.725,50,0.038950,0.164757,9.769403,334.701723,,,,,,,-0.000136,0.000244,0.000074,8.695099,20.648229,4.654284,972.311185,15,0,stopped,,,,
2026-06-18 23:43:33.775,50,0.038937,0.164785,9.769389,334.701723,,,,,,,-0.000136,0.000244,0.000074,8.694948,20.645290,4.650770,972.311117,15,0,stopped,,,,
2026-06-18 23:43:33.825,50,0.038925,0.164812,9.769375,334.701723,,,,,,,-0.000136,0.000244,0.000074,8.694797,20.642353,4.647259,972.311049,15,0,stopped,,,,
2026-06-18 23:43:33.875,50,0.038912,0.164840,9.769361,334.701723,,,,,,,-0.000136,0.000244,0.000074,8.694646,20.639419,4.643752,972.310982,15,0,stopped,,,,
2026-06-18 23:43:33.925,50,0.038900,0.164868,9.769347,334.701723,,,,,,,-0.000136,0.000244,0.000074,8.694495,20.636489,4.640248,972.310914,15,0,stopped,,,,
2026-06-18 23:43:33.975,50,0.038887,0.164895,9.769333,334.701723,,,,,,,-0.000136,0.000244,0.000074,8.694344,20.633561,4.636748,972.310846,15,0,stopped,,,,
2026-06-18 23:43:34.025,50,0.038875,0.164923,9.769319,334.701723,,,,,,,-0.000136,0.000244,0.000074,8.694193,20.630637,4.633252,972.310779,15,0,stopped,,,,
2026-06-18 23:43:34.075,50,0.038862,0.164951,9.769305,334.701723,,,,,,,-0.000136,0.000244,0.000074,8.694042,20.627716,4.629760,972.310711,15,0,stopped,,,,
2026-06-18 23:43:34.125,50,0.038850,0.164978,9.769291,334.701723,,,,,,,-0.000136,0.000244,0.000074,8.693891,20.624798,4.626272,972.310644,15,0,stopped,,,,
2026-06-18 23:43:34.175,50,0.038838,0.165006,9.769277,334.701723,,,,,,,-0.000136,0.000244,0.000074,8.693740,20.621884,4.622787,972.310576,15,0,stopped,,,,
2026-06-18 23:43:34.225,50,0.038825,0.165034,9.769263,334.701723,,,,,,,-0.000136,0.000244,0.000074,8.693589,20.618972,4.619306,972.310509,15,0,stopped,,,,
2026-06-18 23:43:34.275,50,0.038813,0.165061,9.769249,334.701723,,,,,,,-0.000136,0.000244,0.000074,8.693438,20.616064,4.615830,972.310442,15,0,stopped,,,,
2026-06-18 23:43:34.325,50,0.038801,0.165089,9.769235,334.701723,,,,,,,-0.000136,0.000244,0.000074,8.693287,20.613159,4.612357,972.310375,15,0,stopped,,,,
2026-06-18 23:43:34.375,50,0.038788,0.165117,9.769221,334.701723,,,,,,,-0.000136,0.000244,0.000074,8.693136,20.610257,4.608888,972.310308,15,0,stopped,,,,
2026-06-18 23:43:34.425,50,0.038776,0.165144,9.769207,334.701723,,,,,,,-0.000136,0.000244,0.000074,8.692985,20.607359,4.605422,972.310241,15,0,stopped,,,,
2026-06-18 23:43:34.475,50,0.038764,0.165172,9.769193,334.701723,,,,,,,-0.000136,0.000244,0.000074,8.692835,20.604464,4.601961,972.310174,15,0,stopped,,,,
2026-06-18 23:43:34.525,50,0.038751,0.165200,9.769179,334.701723,,,,,,,-0.000136,0.000244,0.000074,8.692684,20.601572,4.598504,972.310107,15,0,stopped,,,,
2026-06-18 23:43:34.575,50,0.038739,0.165227,9.769165,334.701723,,,,,,,-0.000136,0.000244,0.000074,8.692533,20.598683,4.595051,972.310040,15,0,stopped,,,,
2026-06-18 23:43:34.625,50,0.038727,0.165255,9.769151,334.701723,,,,,,,-0.000136,0.000244,0.000074,8.692382,20.595798,4.591601,972.309974,15,0,stopped,,,,
2026-06-18 23:43:34.675,50,0.038715,0.165283,9.769137,334.701723,,,,,,,-0.000136,0.000244,0.000074,8.692231,20.592916,4.588156,972.309907,15,0,stopped,,,,
2026-06-18 23:43:34.725,50,0.038702,0.165310,9.769123,334.701723,,,,,,,-0.000136,0.000244,0.000074,8.692080,20.590038,4.584715,972.309841,15,0,stopped,,,,
2026-06-18 23:43:34.775,50,0.038690,0.165338,9.769109,334.701723,,,,,,,-0.000136,0.000244,0.000074,8.691930,20.587163,4.581278,972.309774,15,0,stopped,,,,
2026-06-18 23:43:34.825,50,0.038678,0.165366,9.769095,334.701723,,,,,,,-0.000136,0.000244,0.000074,8.691779,20.584292,4.577845,972.309708,15,0,stopped,,,,
2026-06-18 23:43:34.875,50,0.038666,0.165393,9.769081,334.701723,,,,,,,-0.000136,0.000244,0.000074,8.691628,20.581424,4.574416,972.309642,15,0,stopped,,,,
2026-06-18 23:43:34.925,50,0.038654,0.165421,9.769067,334.701723,,,,,,,-0.000136,0.000244,0.000074,8.691478,20.578559,4.570991,972.309575,15,0,stopped,,,,
2026-06-18 23:43:34.975,50,0.038641,0.165448,9.769054,334.701723,,,,,,,-0.000136,0.000244,0.000074,8.691327,20.575698,4.567571,972.309509,15,0,stopped,,,,
2026-06-18 23:43:35.025,50,0.038629,0.165476,9.769040,334.701723,,,,,,,-0.000136,0.000244,0.000074,8.691176,20.572840,4.564154,972.309443,15,0,stopped,,,,
2026-06-18 23:43:35.075,50,0.038617,0.165504,9.769026,334.701723,,,,,,,-0.000136,0.000244,0.000074,8.691026,20.569986,4.560742,972.309377,15,0,stopped,,,,
2026-06-18 23:43:35.125,50,0.038605,0.165531,9.769012,334.701723,,,,,,,-0.000136,0.000244,0.000074,8.690875,20.567135,4.557334,972.309311,15,0,stopped,,,,
2026-06-18 23:43:35.175,50,0.038593,0.165559,9.768998,334.701723,,,,,,,-0.000136,0.000244,0.000074,8.690724,20.564288,4.553930,972.309246,15,0,stopped,,,,
2026-06-18 23:43:35.225,50,0.038581,0.165587,9.768984,334.701723,,,,,,,-0.000136,0.000244,0.000074,8.690574,20.561445,4.550531,972.309180,15,0,stopped,,,,
2026-06-18 23:43:35.275,50,0.038569,0.165614,9.768970,334.701723,,,,,,,-0.000136,0.000244,0.000074,8.690423,20.558605,4.547135,972.309114,15,0,stopped,,,,
2026-06-18 23:43:35.325,50,0.038557,0.165642,9.768956,334.701723,,,,,,,-0.000136,0.000244,0.000074,8.690273,20.555768,4.543745,972.309049,15,0,stopped,,,,
2026-06-18 23:43:35.375,50,0.038545,0.165669,9.768942,334.701723,,,,,,,-0.000136,0.000244,0.000074,8.690122,20.552936,4.540358,972.308983,15,0,stopped,,,,
2026-06-18 23:43:35.425,50,0.038533,0.165697,9.768928,334.701723,,,,,,,-0.000136,0.000244,0.000074,8.689972,20.550107,4.536976,972.308918,15,0,stopped,,,,
2026-06-18 23:43:35.475,50,0.038521,0.165724,9.768914,334.701723,,,,,,,-0.000136,0.000244,0.000074,8.689822,20.547281,4.533598,972.308853,15,0,stopped,,,,
2026-06-18 23:43:35.525,50,0.038509,0.165752,9.768900,334.701723,,,,,,,-0.000136,0.000244,0.000074,8.689671,20.544460,4.530224,972.308788,15,0,stopped,,,,
2026-06-18 23:43:35.575,50,0.038497,0.165780,9.768886,334.701723,,,,,,,-0.000136,0.000244,0.000074,8.689521,20.541641,4.526855,972.308722,15,0,stopped,,,,
2026-06-18 23:43:35.625,50,0.038485,0.165807,9.768872,334.701723,,,,,,,-0.000136,0.000244,0.000074,8.689371,20.538827,4.523491,972.308657,15,0,stopped,,,,
2026-06-18 23:43:35.675,50,0.038473,0.165835,9.768858,334.701723,,,,,,,-0.000136,0.000244,0.000074,8.689220,20.536016,4.520130,972.308592,15,0,stopped,,,,
2026-06-18 23:43:35.725,50,0.038461,0.165862,9.768845,334.701723,,,,,,,-0.000136,0.000244,0.000074,8.689070,20.533210,4.516775,972.308528,15,0,stopped,,,,
2026-06-18 23:43:35.775,50,0.038449,0.165890,9.768831,334.701723,,,,,,,-0.000136,0.000244,0.000074,8.688920,20.530406,4.513423,972.308463,15,0,stopped,,,,
2026-06-18 23:43:35.825,50,0.038437,0.165917,9.768817,334.701723,,,,,,,-0.000136,0.000244,0.000074,8.688770,20.527607,4.510077,972.308398,15,0,stopped,,,,
2026-06-18 23:43:35.875,50,0.038425,0.165945,9.768803,334.701723,,,,,,,-0.000136,0.000244,0.000074,8.688619,20.524811,4.506734,972.308333,15,0,stopped,,,,
2026-06-18 23:43:35.925,50,0.038413,0.165972,9.768789,334.701723,,,,,,,-0.000136,0.000244,0.000074,8.688469,20.522020,4.503397,972.308269,15,0,stopped,,,,
2026-06-18 23:43:35.975,50,0.038402,0.166000,9.768775,334.701723,,,,,,,-0.000136,0.000244,0.000074,8.688319,20.519232,4.500064,972.308205,15,0,stopped,,,,
2026-06-18 23:43:36.025,50,0.038390,0.166027,9.768761,334.701723,,,,,,,-0.000136,0.000244,0.000074,8.688169,20.516448,4.496735,972.308140,15,0,stopped,,,,
2026-06-18 23:43:36.075,50,0.038378,0.166055,9.768747,334.701723,,,,,,,-0.000136,0.000244,0.000074,8.688019,20.513667,4.493411,972.308076,15,0,stopped,,,,
2026-06-18 23:43:36.125,50,0.038366,0.166082,9.768733,334.701723,,,,,,,-0.000136,0.000244,0.000074,8.687869,20.510891,4.490092,972.308012,15,0,stopped,,,,
2026-06-18 23:43:36.175,50,0.038354,0.166110,9.768719,334.701723,,,,,,,-0.000136,0.000244,0.000074,8.687719,20.508119,4.486778,972.307948,15,0,stopped,,,,
2026-06-18 23:43:36.225,50,0.038343,0.166137,9.768706,334.701723,,,,,,,-0.000136,0.000244,0.000074,8.687569,20.505350,4.483468,972.307884,15,0,stopped,,,,
2026-06-18 23:43:36.275,50,0.038331,0.166165,9.768692,334.701723,,,,,,,-0.000136,0.000244,0.000074,8.687419,20.502585,4.480163,972.307820,15,0,stopped,,,,
2026-06-18 23:43:36.325,50,0.038319,0.166192,9.768678,334.701723,,,,,,,-0.000136,0.000244,0.000074,8.687270,20.499825,4.476862,972.307756,15,0,stopped,,,,
2026-06-18 23:43:36.375,50,0.038307,0.166220,9.768664,334.701723,,,,,,,-0.000136,0.000244,0.000074,8.687120,20.497068,4.473566,972.307692,15,0,stopped,,,,
2026-06-18 23:43:36.425,50,0.038296,0.166247,9.768650,334.701723,,,,,,,-0.000136,0.000244,0.000074,8.686970,20.494315,4.470275,972.307629,15,0,stopped,,,,
2026-06-18 23:43:36.475,50,0.038284,0.166275,9.768636,334.701723,,,,,,,-0.000136,0.000244,0.000074,8.686820,20.491567,4.466989,972.307565,15,0,stopped,,,,
2026-06-18 23:43:36.525,50,0.038272,0.166302,9.768622,334.701723,,,,,,,-0.000136,0.000244,0.000074,8.686670,20.488822,4.463708,972.307502,15,0,stopped,,,,
2026-06-18 23:43:36.575,50,0.038261,0.166330,9.768608,334.701723,,,,,,,-0.000136,0.000244,0.000074,8.686521,20.486081,4.460431,972.307438,15,0,stopped,,,,
2026-06-18 23:43:36.625,50,0.038249,0.166357,9.768595,334.701723,,,,,,,-0.000136,0.000244,0.000074,8.686371,20.483345,4.457160,972.307375,15,0,stopped,,,,
2026-06-18 23:43:36.675,50,0.038237,0.166385,9.768581,334.701723,,,,,,,-0.000136,0.000244,0.000074,8.686222,20.480612,4.453893,972.307312,15,0,stopped,,,,
2026-06-18 23:43:36.725,50,0.038226,0.166412,9.768567,334.701723,,,,,,,-0.000136,0.000244,0.000074,8.686072,20.477884,4.450631,972.307249,15,0,stopped,,,,
2026-06-18 23:43:36.775,50,0.038214,0.166439,9.768553,334.701723,,,,,,,-0.000136,0.000244,0.000074,8.685923,20.475159,4.447374,972.307186,15,0,stopped,,,,
2026-06-18 23:43:36.825,50,0.038203,0.166467,9.768539,334.701723,,,,,,,-0.000136,0.000244,0.000074,8.685773,20.472439,4.444122,972.307123,15,0,stopped,,,,
2026-06-18 23:43:36.875,50,0.038191,0.166494,9.768525,334.701723,,,,,,,-0.000136,0.000244,0.000074,8.685624,20.469723,4.440875,972.307060,15,0,stopped,,,,
2026-06-18 23:43:36.925,50,0.038180,0.166522,9.768512,334.701723,,,,,,,-0.000136,0.000244,0.000074,8.685474,20.467011,4.437633,972.306998,15,0,stopped,,,,
2026-06-18 23:43:36.975,50,0.038168,0.166549,9.768498,334.701723,,,,,,,-0.000136,0.000244,0.000074,8.685325,20.464304,4.434395,972.306935,15,0,stopped,,,,
2026-06-18 23:43:37.025,50,0.038157,0.166576,9.768484,334.701723,,,,,,,-0.000136,0.000244,0.000074,8.685176,20.461600,4.431163,972.306873,15,0,stopped,,,,
2026-06-18 23:43:37.075,50,0.038145,0.166604,9.768470,334.701723,,,,,,,-0.000136,0.000244,0.000074,8.685026,20.458901,4.427936,972.306810,15,0,stopped,,,,
2026-06-18 23:43:37.125,50,0.038134,0.166631,9.768456,334.701723,,,,,,,-0.000136,0.000244,0.000074,8.684877,20.456206,4.424714,972.306748,15,0,stopped,,,,
2026-06-18 23:43:37.175,50,0.038122,0.166658,9.768442,334.701723,,,,,,,-0.000136,0.000244,0.000074,8.684728,20.453515,4.421497,972.306686,15,0,stopped,,,,
2026-06-18 23:43:37.225,50,0.038111,0.166686,9.768429,334.701723,,,,,,,-0.000136,0.000244,0.000074,8.684579,20.450828,4.418285,972.306624,15,0,stopped,,,,
2026-06-18 23:43:37.275,50,0.038099,0.166713,9.768415,334.701723,,,,,,,-0.000136,0.000244,0.000074,8.684430,20.448146,4.415079,972.306562,15,0,stopped,,,,
2026-06-18 23:43:37.325,50,0.038088,0.166740,9.768401,334.701723,,,,,,,-0.000136,0.000244,0.000074,8.684281,20.445468,4.411877,972.306500,15,0,stopped,,,,
2026-06-18 23:43:37.375,50,0.038077,0.166768,9.768387,334.701723,,,,,,,-0.000136,0.000244,0.000074,8.684132,20.442794,4.408681,972.306438,15,0,stopped,,,,
2026-06-18 23:43:37.425,50,0.038065,0.166795,9.768373,334.701723,,,,,,,-0.000136,0.000244,0.000074,8.683983,20.440125,4.405489,972.306376,15,0,stopped,,,,
2026-06-18 23:43:37.475,50,0.038054,0.166822,9.768360,334.701723,,,,,,,-0.000136,0.000244,0.000074,8.683834,20.437460,4.402303,972.306315,15,0,stopped,,,,
2026-06-18 23:43:37.525,50,0.038043,0.166850,9.768346,334.701723,,,,,,,-0.000136,0.000244,0.000074,8.683685,20.434799,4.399122,972.306253,15,0,stopped,,,,
2026-06-18 23:43:37.575,50,0.038032,0.166877,9.768332,334.701723,,,,,,,-0.000136,0.000244,0.000074,8.683536,20.432143,4.395947,972.306192,15,0,stopped,,,,
2026-06-18 23:43:37.625,50,0.038020,0.166904,9.768318,334.701723,,,,,,,-0.000136,0.000244,0.000074,8.683388,20.429491,4.392776,972.306131,15,0,stopped,,,,
2026-06-18 23:43:37.675,50,0.038009,0.166931,9.768305,334.701723,,,,,,,-0.000136,0.000244,0.000074,8.683239,20.426844,4.389611,972.306069,15,0,stopped,,,,
2026-06-18 23:43:37.725,50,0.037998,0.166959,9.768291,334.701723,,,,,,,-0.000136,0.000244,0.000074,8.683090,20.424201,4.386452,972.306008,15,0,stopped,,,,
2026-06-18 23:43:37.775,50,0.037987,0.166986,9.768277,334.701723,,,,,,,-0.000136,0.000244,0.000074,8.682942,20.421563,4.383297,972.305947,15,0,stopped,,,,
2026-06-18 23:43:37.825,50,0.037975,0.167013,9.768263,334.701723,,,,,,,-0.000136,0.000244,0.000074,8.682793,20.418929,4.380148,972.305886,15,0,stopped,,,,
2026-06-18 23:43:37.875,50,0.037964,0.167040,9.768250,334.701723,,,,,,,-0.000136,0.000244,0.000074,8.682645,20.416299,4.377005,972.305826,15,0,stopped,,,,
2026-06-18 23:43:37.925,50,0.037953,0.167068,9.768236,334.701723,,,,,,,-0.000136,0.000244,0.000074,8.682496,20.413674,4.373866,972.305765,15,0,stopped,,,,
2026-06-18 23:43:37.975,50,0.037942,0.167095,9.768222,334.701723,,,,,,,-0.000136,0.000244,0.000074,8.682348,20.411054,4.370733,972.305704,15,0,stopped,,,,
2026-06-18 23:43:38.025,50,0.037931,0.167122,9.768208,334.701723,,,,,,,-0.000136,0.000244,0.000074,8.682200,20.408438,4.367606,972.305644,15,0,stopped,,,,
2026-06-18 23:43:38.075,50,0.037920,0.167149,9.768195,334.701723,,,,,,,-0.000136,0.000244,0.000074,8.682051,20.405826,4.364484,972.305584,15,0,stopped,,,,
2026-06-18 23:43:38.125,50,0.037909,0.167176,9.768181,334.701723,,,,,,,-0.000136,0.000244,0.000074,8.681903,20.403219,4.361368,972.305523,15,0,stopped,,,,
2026-06-18 23:43:38.175,50,0.037898,0.167204,9.768167,334.701723,,,,,,,-0.000136,0.000244,0.000074,8.681755,20.400617,4.358257,972.305463,15,0,stopped,,,,
2026-06-18 23:43:38.225,50,0.037887,0.167231,9.768153,334.701723,,,,,,,-0.000136,0.000244,0.000074,8.681607,20.398020,4.355151,972.305403,15,0,stopped,,,,
2026-06-18 23:43:38.275,50,0.037876,0.167258,9.768140,334.701723,,,,,,,-0.000136,0.000244,0.000074,8.681459,20.395427,4.352051,972.305343,15,0,stopped,,,,
2026-06-18 23:43:38.325,50,0.037865,0.167285,9.768126,334.701723,,,,,,,-0.000136,0.000244,0.000074,8.681311,20.392838,4.348957,972.305283,15,0,stopped,,,,
2026-06-18 23:43:38.375,50,0.037854,0.167312,9.768112,334.701723,,,,,,,-0.000136,0.000244,0.000074,8.681163,20.390255,4.345868,972.305224,15,0,stopped,,,,
2026-06-18 23:43:38.425,50,0.037843,0.167339,9.768099,334.701723,,,,,,,-0.000136,0.000244,0.000074,8.681015,20.387676,4.342785,972.305164,15,0,stopped,,,,
2026-06-18 23:43:38.475,50,0.037832,0.167366,9.768085,334.701723,,,,,,,-0.000136,0.000244,0.000074,8.680867,20.385102,4.339707,972.305105,15,0,stopped,,,,
2026-06-18 23:43:38.525,50,0.037821,0.167393,9.768071,334.701723,,,,,,,-0.000136,0.000244,0.000074,8.680719,20.382532,4.336635,972.305045,15,0,stopped,,,,
2026-06-18 23:43:38.575,50,0.037810,0.167420,9.768058,334.701723,,,,,,,-0.000136,0.000244,0.000074,8.680572,20.379967,4.333569,972.304986,15,0,stopped,,,,
2026-06-18 23:43:38.625,50,0.037799,0.167448,9.768044,334.701723,,,,,,,-0.000136,0.000244,0.000074,8.680424,20.377407,4.330508,972.304927,15,0,stopped,,,,
2026-06-18 23:43:38.675,50,0.037788,0.167475,9.768030,334.701723,,,,,,,-0.000136,0.000244,0.000074,8.680276,20.374852,4.327453,972.304868,15,0,stopped,,,,
2026-06-18 23:43:38.725,50,0.037777,0.167502,9.768017,334.701723,,,,,,,-0.000136,0.000244,0.000074,8.680129,20.372302,4.324404,972.304809,15,0,stopped,,,,
2026-06-18 23:43:38.775,50,0.037766,0.167529,9.768003,334.701723,,,,,,,-0.000136,0.000244,0.000074,8.679981,20.369756,4.321361,972.304750,15,0,stopped,,,,
2026-06-18 23:43:38.825,50,0.037756,0.167556,9.767989,334.701723,,,,,,,-0.000136,0.000244,0.000074,8.679834,20.367215,4.318323,972.304691,15,0,stopped,,,,
2026-06-18 23:43:38.875,50,0.037745,0.167583,9.767976,334.701723,,,,,,,-0.000136,0.000244,0.000074,8.679687,20.364679,4.315291,972.304633,15,0,stopped,,,,
2026-06-18 23:43:38.925,50,0.037734,0.167610,9.767962,334.701723,,,,,,,-0.000136,0.000244,0.000074,8.679539,20.362148,4.312265,972.304574,15,0,stopped,,,,
2026-06-18 23:43:38.975,50,0.037723,0.167637,9.767948,334.701723,,,,,,,-0.000136,0.000244,0.000074,8.679392,20.359622,4.309245,972.304516,15,0,stopped,,,,
2026-06-18 23:43:39.025,50,0.037713,0.167664,9.767935,334.701723,,,,,,,-0.000136,0.000244,0.000074,8.679245,20.357100,4.306231,972.304457,15,0,stopped,,,,
2026-06-18 23:43:39.075,50,0.037702,0.167691,9.767921,334.701723,,,,,,,-0.000136,0.000244,0.000074,8.679098,20.354584,4.303222,972.304399,15,0,stopped,,,,
2026-06-18 23:43:39.125,50,0.037691,0.167718,9.767907,334.701723,,,,,,,-0.000136,0.000244,0.000074,8.678951,20.352073,4.300220,972.304341,15,0,stopped,,,,
2026-06-18 23:43:39.175,50,0.037681,0.167745,9.767894,334.701723,,,,,,,-0.000136,0.000244,0.000074,8.678804,20.349566,4.297223,972.304283,15,0,stopped,,,,
2026-06-18 23:43:39.225,50,0.037670,0.167772,9.767880,334.701723,,,,,,,-0.000136,0.000244,0.000074,8.678657,20.347064,4.294232,972.304225,15,0,stopped,,,,
2026-06-18 23:43:39.275,50,0.037659,0.167798,9.767867,334.701723,,,,,,,-0.000136,0.000244,0.000074,8.678510,20.344568,4.291248,972.304168,15,0,stopped,,,,
2026-06-18 23:43:39.325,50,0.037649,0.167825,9.767853,334.701723,,,,,,,-0.000136,0.000244,0.000074,8.678363,20.342076,4.288269,972.304110,15,0,stopped,,,,
2026-06-18 23:43:39.375,50,0.037638,0.167852,9.767839,334.701723,,,,,,,-0.000136,0.000244,0.000074,8.678217,20.339590,4.285296,972.304053,15,0,stopped,,,,
2026-06-18 23:43:39.425,50,0.037628,0.167879,9.767826,334.701723,,,,,,,-0.000136,0.000244,0.000074,8.678070,20.337108,4.282329,972.303995,15,0,stopped,,,,
2026-06-18 23:43:39.475,50,0.037617,0.167906,9.767812,334.701723,,,,,,,-0.000136,0.000244,0.000074,8.677923,20.334632,4.279369,972.303938,15,0,stopped,,,,
2026-06-18 23:43:39.525,50,0.037607,0.167933,9.767799,334.701723,,,,,,,-0.000136,0.000244,0.000074,8.677777,20.332160,4.276414,972.303881,15,0,stopped,,,,
2026-06-18 23:43:39.575,50,0.037596,0.167960,9.767785,334.701723,,,,,,,-0.000136,0.000244,0.000074,8.677630,20.329694,4.273465,972.303824,15,0,stopped,,,,
2026-06-18 23:43:39.625,50,0.037586,0.167987,9.767772,334.701723,,,,,,,-0.000136,0.000244,0.000074,8.677484,20.327233,4.270523,972.303767,15,0,stopped,,,,
2026-06-18 23:43:39.675,50,0.037575,0.168013,9.767758,334.701723,,,,,,,-0.000136,0.000244,0.000074,8.677338,20.324776,4.267586,972.303710,15,0,stopped,,,,
2026-06-18 23:43:39.725,50,0.037565,0.168040,9.767745,334.701723,,,,,,,-0.000136,0.000244,0.000074,8.677191,20.322325,4.264656,972.303653,15,0,stopped,,,,
2026-06-18 23:43:39.775,50,0.037555,0.168067,9.767731,334.701723,,,,,,,-0.000136,0.000244,0.000074,8.677045,20.319880,4.261732,972.303597,15,0,stopped,,,,
2026-06-18 23:43:39.825,50,0.037544,0.168094,9.767717,334.701723,,,,,,,-0.000136,0.000244,0.000074,8.676899,20.317439,4.258814,972.303540,15,0,stopped,,,,
2026-06-18 23:43:39.875,50,0.037534,0.168121,9.767704,334.701723,,,,,,,-0.000136,0.000244,0.000074,8.676753,20.315004,4.255903,972.303484,15,0,stopped,,,,
2026-06-18 23:43:39.925,50,0.037524,0.168147,9.767690,334.701723,,,,,,,-0.000136,0.000244,0.000074,8.676607,20.312573,4.252997,972.303428,15,0,stopped,,,,
2026-06-18 23:43:39.975,50,0.037513,0.168174,9.767677,334.701723,,,,,,,-0.000136,0.000244,0.000074,8.676461,20.310148,4.250098,972.303372,15,0,stopped,,,,
2026-06-18 23:43:40.025,50,0.037503,0.168201,9.767663,334.701723,,,,,,,-0.000136,0.000244,0.000074,8.676316,20.307729,4.247205,972.303316,15,0,stopped,,,,
2026-06-18 23:43:40.075,50,0.037493,0.168228,9.767650,334.701723,,,,,,,-0.000136,0.000244,0.000074,8.676170,20.305314,4.244319,972.303260,15,0,stopped,,,,
2026-06-18 23:43:40.125,50,0.037482,0.168254,9.767636,334.701723,,,,,,,-0.000136,0.000244,0.000074,8.676024,20.302905,4.241438,972.303204,15,0,stopped,,,,
2026-06-18 23:43:40.175,50,0.037472,0.168281,9.767623,334.701723,,,,,,,-0.000136,0.000244,0.000074,8.675879,20.300501,4.238564,972.303149,15,0,stopped,,,,
2026-06-18 23:43:40.225,50,0.037462,0.168308,9.767610,334.701723,,,,,,,-0.000136,0.000244,0.000074,8.675733,20.298102,4.235697,972.303093,15,0,stopped,,,,
2026-06-18 23:43:40.275,50,0.037452,0.168334,9.767596,334.701723,,,,,,,-0.000136,0.000244,0.000074,8.675588,20.295709,4.232836,972.303038,15,0,stopped,,,,
2026-06-18 23:43:40.325,50,0.037442,0.168361,9.767583,334.701723,,,,,,,-0.000136,0.000244,0.000074,8.675442,20.293321,4.229981,972.302983,15,0,stopped,,,,
2026-06-18 23:43:40.375,50,0.037432,0.168388,9.767569,334.701723,,,,,,,-0.000136,0.000244,0.000074,8.675297,20.290939,4.227132,972.302928,15,0,stopped,,,,
2026-06-18 23:43:40.425,50,0.037421,0.168414,9.767556,334.701723,,,,,,,-0.000136,0.000244,0.000074,8.675152,20.288562,4.224291,972.302873,15,0,stopped,,,,
2026-06-18 23:43:40.475,50,0.037411,0.168441,9.767542,334.701723,,,,,,,-0.000136,0.000244,0.000074,8.675007,20.286190,4.221455,972.302818,15,0,stopped,,,,
2026-06-18 23:43:40.525,50,0.037401,0.168467,9.767529,334.701723,,,,,,,-0.000136,0.000244,0.000074,8.674862,20.283824,4.218626,972.302763,15,0,stopped,,,,
2026-06-18 23:43:40.575,50,0.037391,0.168494,9.767515,334.701723,,,,,,,-0.000136,0.000244,0.000074,8.674717,20.281463,4.215804,972.302709,15,0,stopped,,,,
2026-06-18 23:43:40.625,50,0.037381,0.168521,9.767502,334.701723,,,,,,,-0.000136,0.000244,0.000074,8.674572,20.279107,4.212988,972.302654,15,0,stopped,,,,
2026-06-18 23:43:40.675,50,0.037371,0.168547,9.767489,334.701723,,,,,,,-0.000136,0.000244,0.000074,8.674427,20.276757,4.210178,972.302600,15,0,stopped,,,,
2026-06-18 23:43:40.725,50,0.037361,0.168574,9.767475,334.701723,,,,,,,-0.000136,0.000244,0.000074,8.674282,20.274413,4.207375,972.302546,15,0,stopped,,,,
2026-06-18 23:43:40.775,50,0.037351,0.168600,9.767462,334.701723,,,,,,,-0.000136,0.000244,0.000074,8.674137,20.272074,4.204579,972.302492,15,0,stopped,,,,
2026-06-18 23:43:40.825,50,0.037342,0.168627,9.767448,334.701723,,,,,,,-0.000136,0.000244,0.000074,8.673993,20.269741,4.201789,972.302438,15,0,stopped,,,,
2026-06-18 23:43:40.875,50,0.037332,0.168653,9.767435,334.701723,,,,,,,-0.000136,0.000244,0.000074,8.673848,20.267413,4.199006,972.302384,15,0,stopped,,,,
2026-06-18 23:43:40.925,50,0.037322,0.168680,9.767422,334.701723,,,,,,,-0.000136,0.000244,0.000074,8.673704,20.265090,4.196230,972.302330,15,0,stopped,,,,
2026-06-18 23:43:40.975,50,0.037312,0.168706,9.767408,334.701723,,,,,,,-0.000136,0.000244,0.000074,8.673560,20.262774,4.193460,972.302277,15,0,stopped,,,,
2026-06-18 23:43:41.025,50,0.037302,0.168733,9.767395,334.701723,,,,,,,-0.000136,0.000244,0.000074,8.673415,20.260462,4.190697,972.302223,15,0,stopped,,,,
2026-06-18 23:43:41.075,50,0.037292,0.168759,9.767382,334.701723,,,,,,,-0.000136,0.000244,0.000074,8.673271,20.258157,4.187941,972.302170,15,0,stopped,,,,
2026-06-18 23:43:41.125,50,0.037283,0.168785,9.767368,334.701723,,,,,,,-0.000136,0.000244,0.000074,8.673127,20.255857,4.185191,972.302117,15,0,stopped,,,,
2026-06-18 23:43:41.175,50,0.037273,0.168812,9.767355,334.701723,,,,,,,-0.000136,0.000244,0.000074,8.672983,20.253563,4.182448,972.302064,15,0,stopped,,,,
2026-06-18 23:43:41.225,50,0.037263,0.168838,9.767342,334.701723,,,,,,,-0.000136,0.000244,0.000074,8.672839,20.251274,4.179712,972.302011,15,0,stopped,,,,
2026-06-18 23:43:41.275,50,0.037253,0.168865,9.767328,334.701723,,,,,,,-0.000136,0.000244,0.000074,8.672695,20.248991,4.176983,972.301958,15,0,stopped,,,,
2026-06-18 23:43:41.325,50,0.037244,0.168891,9.767315,334.701723,,,,,,,-0.000136,0.000244,0.000074,8.672552,20.246714,4.174261,972.301905,15,0,stopped,,,,
2026-06-18 23:43:41.375,50,0.037234,0.168917,9.767302,334.701723,,,,,,,-0.000136,0.000244,0.000074,8.672408,20.244443,4.171545,972.301853,15,0,stopped,,,,
2026-06-18 23:43:41.425,50,0.037224,0.168944,9.767288,334.701723,,,,,,,-0.000136,0.000244,0.000074,8.672264,20.242177,4.168836,972.301800,15,0,stopped,,,,
2026-06-18 23:43:41.475,50,0.037215,0.168970,9.767275,334.701723,,,,,,,-0.000136,0.000244,0.000074,8.672121,20.239917,4.166134,972.301748,15,0,stopped,,,,
2026-06-18 23:43:41.525,50,0.037205,0.168996,9.767262,334.701723,,,,,,,-0.000136,0.000244,0.000074,8.671977,20.237663,4.163439,972.301696,15,0,stopped,,,,
2026-06-18 23:43:41.575,50,0.037196,0.169023,9.767248,334.701723,,,,,,,-0.000136,0.000244,0.000074,8.671834,20.235414,4.160751,972.301644,15,0,stopped,,,,
2026-06-18 23:43:41.625,50,0.037186,0.169049,9.767235,334.701723,,,,,,,-0.000136,0.000244,0.000074,8.671691,20.233172,4.158070,972.301592,15,0,stopped,,,,
2026-06-18 23:43:41.675,50,0.037177,0.169075,9.767222,334.701723,,,,,,,-0.000136,0.000244,0.000074,8.671548,20.230935,4.155396,972.301540,15,0,stopped,,,,
2026-06-18 23:43:41.725,50,0.037167,0.169101,9.767209,334.701723,,,,,,,-0.000136,0.000244,0.000074,8.671405,20.228704,4.152729,972.301489,15,0,stopped,,,,
2026-06-18 23:43:41.775,50,0.037158,0.169127,9.767195,334.701723,,,,,,,-0.000136,0.000244,0.000074,8.671262,20.226479,4.150069,972.301437,15,0,stopped,,,,
2026-06-18 23:43:41.825,50,0.037148,0.169154,9.767182,334.701723,,,,,,,-0.000136,0.000244,0.000074,8.671119,20.224260,4.147416,972.301386,15,0,stopped,,,,
2026-06-18 23:43:41.875,50,0.037139,0.169180,9.767169,334.701723,,,,,,,-0.000136,0.000244,0.000074,8.670976,20.222046,4.144769,972.301335,15,0,stopped,,,,
2026-06-18 23:43:41.925,50,0.037130,0.169206,9.767156,334.701723,,,,,,,-0.000136,0.000244,0.000074,8.670833,20.219839,4.142130,972.301284,15,0,stopped,,,,
2026-06-18 23:43:41.975,50,0.037120,0.169232,9.767143,334.701723,,,,,,,-0.000136,0.000244,0.000074,8.670691,20.217637,4.139499,972.301233,15,0,stopped,,,,
2026-06-18 23:43:42.025,50,0.037111,0.169258,9.767129,334.701723,,,,,,,-0.000136,0.000244,0.000074,8.670548,20.215442,4.136874,972.301182,15,0,stopped,,,,
2026-06-18 23:43:42.075,50,0.037102,0.169284,9.767116,334.701723,,,,,,,-0.000136,0.000244,0.000074,8.670406,20.213252,4.134256,972.301131,15,0,stopped,,,,
2026-06-18 23:43:42.125,50,0.037092,0.169310,9.767103,334.701723,,,,,,,-0.000136,0.000244,0.000074,8.670264,20.211069,4.131646,972.301081,15,0,stopped,,,,
2026-06-18 23:43:42.175,50,0.037083,0.169337,9.767090,334.701723,,,,,,,-0.000136,0.000244,0.000074,8.670121,20.208891,4.129042,972.301030,15,0,stopped,,,,
2026-06-18 23:43:42.225,50,0.037074,0.169363,9.767077,334.701723,,,,,,,-0.000136,0.000244,0.000074,8.669979,20.206720,4.126446,972.300980,15,0,stopped,,,,
2026-06-18 23:43:42.275,50,0.037065,0.169389,9.767064,334.701723,,,,,,,-0.000136,0.000244,0.000074,8.669837,20.204554,4.123857,972.300930,15,0,stopped,,,,
2026-06-18 23:43:42.325,50,0.037055,0.169415,9.767050,334.701723,,,,,,,-0.000136,0.000244,0.000074,8.669695,20.202395,4.121275,972.300880,15,0,stopped,,,,
2026-06-18 23:43:42.375,50,0.037046,0.169441,9.767037,334.701723,,,,,,,-0.000136,0.000244,0.000074,8.669553,20.200241,4.118701,972.300830,15,0,stopped,,,,
2026-06-18 23:43:42.425,50,0.037037,0.169467,9.767024,334.701723,,,,,,,-0.000136,0.000244,0.000074,8.669412,20.198094,4.116134,972.300781,15,0,stopped,,,,
2026-06-18 23:43:42.475,50,0.037028,0.169493,9.767011,334.701723,,,,,,,-0.000136,0.000244,0.000074,8.669270,20.195953,4.113574,972.300731,15,0,stopped,,,,
2026-06-18 23:43:42.525,50,0.037019,0.169519,9.766998,334.701723,,,,,,,-0.000136,0.000244,0.000074,8.669129,20.193818,4.111021,972.300682,15,0,stopped,,,,
2026-06-18 23:43:42.575,50,0.037010,0.169545,9.766985,334.701723,,,,,,,-0.000136,0.000244,0.000074,8.668987,20.191689,4.108476,972.300633,15,0,stopped,,,,
2026-06-18 23:43:42.625,50,0.037001,0.169570,9.766972,334.701723,,,,,,,-0.000136,0.000244,0.000074,8.668846,20.189566,4.105938,972.300583,15,0,stopped,,,,
2026-06-18 23:43:42.675,50,0.036992,0.169596,9.766959,334.701723,,,,,,,-0.000136,0.000244,0.000074,8.668704,20.187449,4.103408,972.300535,15,0,stopped,,,,
2026-06-18 23:43:42.725,50,0.036983,0.169622,9.766946,334.701723,,,,,,,-0.000136,0.000244,0.000074,8.668563,20.185339,4.100885,972.300486,15,0,stopped,,,,
2026-06-18 23:43:42.775,50,0.036974,0.169648,9.766932,334.701723,,,,,,,-0.000136,0.000244,0.000074,8.668422,20.183235,4.098369,972.300437,15,0,stopped,,,,
2026-06-18 23:43:42.825,50,0.036965,0.169674,9.766919,334.701723,,,,,,,-0.000136,0.000244,0.000074,8.668281,20.181137,4.095861,972.300389,15,0,stopped,,,,
2026-06-18 23:43:42.875,50,0.036956,0.169700,9.766906,334.701723,,,,,,,-0.000136,0.000244,0.000074,8.668140,20.179045,4.093360,972.300340,15,0,stopped,,,,
2026-06-18 23:43:42.925,50,0.036947,0.169726,9.766893,334.701723,,,,,,,-0.000136,0.000244,0.000074,8.668000,20.176960,4.090867,972.300292,15,0,stopped,,,,
2026-06-18 23:43:42.975,50,0.036939,0.169751,9.766880,334.701723,,,,,,,-0.000136,0.000244,0.000074,8.667859,20.174880,4.088381,972.300244,15,0,stopped,,,,
2026-06-18 23:43:43.025,50,0.036930,0.169777,9.766867,334.701723,,,,,,,-0.000136,0.000244,0.000074,8.667718,20.172807,4.085903,972.300196,15,0,stopped,,,,
2026-06-18 23:43:43.075,50,0.036921,0.169803,9.766854,334.701723,,,,,,,-0.000136,0.000244,0.000074,8.667578,20.170741,4.083432,972.300148,15,0,stopped,,,,
2026-06-18 23:43:43.125,50,0.036912,0.169829,9.766841,334.701723,,,,,,,-0.000136,0.000244,0.000074,8.667438,20.168681,4.080969,972.300100,15,0,stopped,,,,
2026-06-18 23:43:43.175,50,0.036903,0.169854,9.766828,334.701723,,,,,,,-0.000136,0.000244,0.000074,8.667297,20.166627,4.078514,972.300053,15,0,stopped,,,,
2026-06-18 23:43:43.225,50,0.036895,0.169880,9.766815,334.701723,,,,,,,-0.000136,0.000244,0.000074,8.667157,20.164579,4.076066,972.300005,15,0,stopped,,,,
2026-06-18 23:43:43.275,50,0.036886,0.169906,9.766802,334.701723,,,,,,,-0.000136,0.000244,0.000074,8.667017,20.162538,4.073625,972.299958,15,0,stopped,,,,
2026-06-18 23:43:43.325,50,0.036877,0.169931,9.766789,334.701723,,,,,,,-0.000136,0.000244,0.000074,8.666877,20.160503,4.071193,972.299911,15,0,stopped,,,,
2026-06-18 23:43:43.375,50,0.036869,0.169957,9.766776,334.701723,,,,,,,-0.000136,0.000244,0.000074,8.666737,20.158475,4.068768,972.299864,15,0,stopped,,,,
2026-06-18 23:43:43.425,50,0.036860,0.169983,9.766764,334.701723,,,,,,,-0.000136,0.000244,0.000074,8.666598,20.156453,4.066351,972.299817,15,0,stopped,,,,
2026-06-18 23:43:43.475,50,0.036852,0.170008,9.766751,334.701723,,,,,,,-0.000136,0.000244,0.000074,8.666458,20.154438,4.063941,972.299771,15,0,stopped,,,,
2026-06-18 23:43:43.525,50,0.036843,0.170034,9.766738,334.701723,,,,,,,-0.000136,0.000244,0.000074,8.666319,20.152429,4.061539,972.299724,15,0,stopped,,,,
2026-06-18 23:43:43.575,50,0.036835,0.170059,9.766725,334.701723,,,,,,,-0.000136,0.000244,0.000074,8.666179,20.150426,4.059145,972.299678,15,0,stopped,,,,
2026-06-18 23:43:43.625,50,0.036826,0.170085,9.766712,334.701723,,,,,,,-0.000136,0.000244,0.000074,8.666040,20.148430,4.056759,972.299632,15,0,stopped,,,,
2026-06-18 23:43:43.675,50,0.036818,0.170110,9.766699,334.701723,,,,,,,-0.000136,0.000244,0.000074,8.665901,20.146441,4.054381,972.299586,15,0,stopped,,,,
2026-06-18 23:43:43.725,50,0.036809,0.170136,9.766686,334.701723,,,,,,,-0.000136,0.000244,0.000074,8.665762,20.144458,4.052010,972.299540,15,0,stopped,,,,
2026-06-18 23:43:43.775,50,0.036801,0.170161,9.766673,334.701723,,,,,,,-0.000136,0.000244,0.000074,8.665623,20.142482,4.049647,972.299494,15,0,stopped,,,,
2026-06-18 23:43:43.825,50,0.036792,0.170187,9.766660,334.701723,,,,,,,-0.000136,0.000244,0.000074,8.665484,20.140512,4.047292,972.299449,15,0,stopped,,,,
2026-06-18 23:43:43.875,50,0.036784,0.170212,9.766648,334.701723,,,,,,,-0.000136,0.000244,0.000074,8.665345,20.138549,4.044945,972.299403,15,0,stopped,,,,
2026-06-18 23:43:43.925,50,0.036776,0.170238,9.766635,334.701723,,,,,,,-0.000136,0.000244,0.000074,8.665206,20.136592,4.042606,972.299358,15,0,stopped,,,,
2026-06-18 23:43:43.975,50,0.036768,0.170263,9.766622,334.701723,,,,,,,-0.000136,0.000244,0.000074,8.665068,20.134642,4.040275,972.299313,15,0,stopped,,,,
2026-06-18 23:43:44.025,50,0.036759,0.170289,9.766609,334.701723,,,,,,,-0.000136,0.000244,0.000074,8.664929,20.132699,4.037952,972.299268,15,0,stopped,,,,
2026-06-18 23:43:44.075,50,0.036751,0.170314,9.766596,334.701723,,,,,,,-0.000136,0.000244,0.000074,8.664791,20.130762,4.035637,972.299223,15,0,stopped,,,,
2026-06-18 23:43:44.125,50,0.036743,0.170339,9.766583,334.701723,,,,,,,-0.000136,0.000244,0.000074,8.664653,20.128832,4.033329,972.299178,15,0,stopped,,,,
2026-06-18 23:43:44.175,50,0.036735,0.170365,9.766571,334.701723,,,,,,,-0.000136,0.000244,0.000074,8.664515,20.126909,4.031030,972.299134,15,0,stopped,,,,
2026-06-18 23:43:44.225,50,0.036727,0.170390,9.766558,334.701723,,,,,,,-0.000136,0.000244,0.000074,8.664377,20.124993,4.028739,972.299090,15,0,stopped,,,,
2026-06-18 23:43:44.275,50,0.036718,0.170415,9.766545,334.701723,,,,,,,-0.000136,0.000244,0.000074,8.664239,20.123083,4.026456,972.299045,15,0,stopped,,,,
2026-06-18 23:43:44.325,50,0.036710,0.170440,9.766532,334.701723,,,,,,,-0.000136,0.000244,0.000074,8.664101,20.121180,4.024181,972.299001,15,0,stopped,,,,
2026-06-18 23:43:44.375,50,0.036702,0.170466,9.766520,334.701723,,,,,,,-0.000136,0.000244,0.000074,8.663964,20.119284,4.021914,972.298957,15,0,stopped,,,,
2026-06-18 23:43:44.425,50,0.036694,0.170491,9.766507,334.701723,,,,,,,-0.000136,0.000244,0.000074,8.663826,20.117394,4.019655,972.298914,15,0,stopped,,,,
2026-06-18 23:43:44.475,50,0.036686,0.170516,9.766494,334.701723,,,,,,,-0.000136,0.000244,0.000074,8.663689,20.115512,4.017404,972.298870,15,0,stopped,,,,
2026-06-18 23:43:44.525,50,0.036678,0.170541,9.766481,334.701723,,,,,,,-0.000136,0.000244,0.000074,8.663551,20.113636,4.015161,972.298827,15,0,stopped,,,,
2026-06-18 23:43:44.575,50,0.036670,0.170566,9.766469,334.701723,,,,,,,-0.000136,0.000244,0.000074,8.663414,20.111767,4.012927,972.298784,15,0,stopped,,,,
2026-06-18 23:43:44.625,50,0.036662,0.170591,9.766456,334.701723,,,,,,,-0.000136,0.000244,0.000074,8.663277,20.109905,4.010701,972.298740,15,0,stopped,,,,
2026-06-18 23:43:44.675,50,0.036655,0.170617,9.766443,334.701723,,,,,,,-0.000136,0.000244,0.000074,8.663140,20.108049,4.008483,972.298697,15,0,stopped,,,,
2026-06-18 23:43:44.725,50,0.036647,0.170642,9.766431,334.701723,,,,,,,-0.000136,0.000244,0.000074,8.663004,20.106201,4.006273,972.298655,15,0,stopped,,,,
2026-06-18 23:43:44.775,50,0.036639,0.170667,9.766418,334.701723,,,,,,,-0.000136,0.000244,0.000074,8.662867,20.104360,4.004071,972.298612,15,0,stopped,,,,
2026-06-18 23:43:44.825,50,0.036631,0.170692,9.766405,334.701723,,,,,,,-0.000136,0.000244,0.000074,8.662730,20.102525,4.001878,972.298570,15,0,stopped,,,,
2026-06-18 23:43:44.875,50,0.036623,0.170717,9.766393,334.701723,,,,,,,-0.000136,0.000244,0.000074,8.662594,20.100698,3.999693,972.298527,15,0,stopped,,,,
2026-06-18 23:43:44.925,50,0.036616,0.170742,9.766380,334.701723,,,,,,,-0.000136,0.000244,0.000074,8.662458,20.098877,3.997517,972.298485,15,0,stopped,,,,
2026-06-18 23:43:44.975,50,0.036608,0.170767,9.766368,334.701723,,,,,,,-0.000136,0.000244,0.000074,8.662321,20.097063,3.995348,972.298443,15,0,stopped,,,,
2026-06-18 23:43:45.025,50,0.036600,0.170792,9.766355,334.701723,,,,,,,-0.000136,0.000244,0.000074,8.662185,20.095257,3.993189,972.298401,15,0,stopped,,,,
2026-06-18 23:43:45.075,50,0.036593,0.170817,9.766342,334.701723,,,,,,,-0.000136,0.000244,0.000074,8.662049,20.093457,3.991037,972.298360,15,0,stopped,,,,
2026-06-18 23:43:45.125,50,0.036585,0.170842,9.766330,334.701723,,,,,,,-0.000136,0.000244,0.000074,8.661913,20.091665,3.988894,972.298318,15,0,stopped,,,,
2026-06-18 23:43:45.175,50,0.036577,0.170866,9.766317,334.701723,,,,,,,-0.000136,0.000244,0.000074,8.661778,20.089879,3.986759,972.298277,15,0,stopped,,,,
2026-06-18 23:43:45.225,50,0.036570,0.170891,9.766305,334.701723,,,,,,,-0.000136,0.000244,0.000074,8.661642,20.088101,3.984633,972.298236,15,0,stopped,,,,
2026-06-18 23:43:45.275,50,0.036562,0.170916,9.766292,334.701723,,,,,,,-0.000136,0.000244,0.000074,8.661507,20.086329,3.982515,972.298195,15,0,stopped,,,,
2026-06-18 23:43:45.325,50,0.036555,0.170941,9.766280,334.701723,,,,,,,-0.000136,0.000244,0.000074,8.661371,20.084565,3.980406,972.298154,15,0,stopped,,,,
2026-06-18 23:43:45.375,50,0.036547,0.170966,9.766267,334.701723,,,,,,,-0.000136,0.000244,0.000074,8.661236,20.082808,3.978305,972.298113,15,0,stopped,,,,
2026-06-18 23:43:45.425,50,0.036540,0.170991,9.766255,334.701723,,,,,,,-0.000136,0.000244,0.000074,8.661101,20.081058,3.976213,972.298073,15,0,stopped,,,,
2026-06-18 23:43:45.475,50,0.036532,0.171015,9.766242,334.701723,,,,,,,-0.000136,0.000244,0.000074,8.660966,20.079315,3.974130,972.298032,15,0,stopped,,,,
2026-06-18 23:43:45.525,50,0.036525,0.171040,9.766230,334.701723,,,,,,,-0.000136,0.000244,0.000074,8.660831,20.077579,3.972055,972.297992,15,0,stopped,,,,
2026-06-18 23:43:45.575,50,0.036518,0.171065,9.766217,334.701723,,,,,,,-0.000136,0.000244,0.000074,8.660697,20.075851,3.969988,972.297952,15,0,stopped,,,,
2026-06-18 23:43:45.625,50,0.036510,0.171089,9.766205,334.701723,,,,,,,-0.000136,0.000244,0.000074,8.660562,20.074130,3.967930,972.297912,15,0,stopped,,,,
2026-06-18 23:43:45.675,50,0.036503,0.171114,9.766192,334.701723,,,,,,,-0.000136,0.000244,0.000074,8.660428,20.072415,3.965881,972.297873,15,0,stopped,,,,
2026-06-18 23:43:45.725,50,0.036496,0.171139,9.766180,334.701723,,,,,,,-0.000136,0.000244,0.000074,8.660293,20.070709,3.963841,972.297833,15,0,stopped,,,,
2026-06-18 23:43:45.775,50,0.036489,0.171163,9.766167,334.701723,,,,,,,-0.000136,0.000244,0.000074,8.660159,20.069009,3.961809,972.297794,15,0,stopped,,,,
2026-06-18 23:43:45.825,50,0.036482,0.171188,9.766155,334.701723,,,,,,,-0.000136,0.000244,0.000074,8.660025,20.067317,3.959786,972.297755,15,0,stopped,,,,
2026-06-18 23:43:45.875,50,0.036474,0.171212,9.766142,334.701723,,,,,,,-0.000136,0.000244,0.000074,8.659891,20.065632,3.957771,972.297716,15,0,stopped,,,,
2026-06-18 23:43:45.925,50,0.036467,0.171237,9.766130,334.701723,,,,,,,-0.000136,0.000244,0.000074,8.659757,20.063954,3.955765,972.297677,15,0,stopped,,,,
2026-06-18 23:43:45.975,50,0.036460,0.171261,9.766118,334.701723,,,,,,,-0.000136,0.000244,0.000074,8.659623,20.062284,3.953769,972.297638,15,0,stopped,,,,
2026-06-18 23:43:46.025,50,0.036453,0.171286,9.766105,334.701723,,,,,,,-0.000136,0.000244,0.000074,8.659490,20.060621,3.951780,972.297600,15,0,stopped,,,,
2026-06-18 23:43:46.075,50,0.036446,0.171310,9.766093,334.701723,,,,,,,-0.000136,0.000244,0.000074,8.659357,20.058965,3.949801,972.297561,15,0,stopped,,,,
2026-06-18 23:43:46.125,50,0.036439,0.171335,9.766081,334.701723,,,,,,,-0.000136,0.000244,0.000074,8.659223,20.057317,3.947831,972.297523,15,0,stopped,,,,
2026-06-18 23:43:46.175,50,0.036432,0.171359,9.766068,334.701723,,,,,,,-0.000136,0.000244,0.000074,8.659090,20.055676,3.945869,972.297485,15,0,stopped,,,,
2026-06-18 23:43:46.225,50,0.036425,0.171384,9.766056,334.701723,,,,,,,-0.000136,0.000244,0.000074,8.658957,20.054043,3.943916,972.297447,15,0,stopped,,,,
2026-06-18 23:43:46.275,50,0.036418,0.171408,9.766044,334.701723,,,,,,,-0.000136,0.000244,0.000074,8.658824,20.052417,3.941972,972.297410,15,0,stopped,,,,
2026-06-18 23:43:46.325,50,0.036411,0.171432,9.766031,334.701723,,,,,,,-0.000136,0.000244,0.000074,8.658691,20.050798,3.940037,972.297372,15,0,stopped,,,,
2026-06-18 23:43:46.375,50,0.036404,0.171457,9.766019,334.701723,,,,,,,-0.000136,0.000244,0.000074,8.658559,20.049187,3.938111,972.297335,15,0,stopped,,,,
2026-06-18 23:43:46.425,50,0.036398,0.171481,9.766007,334.701723,,,,,,,-0.000136,0.000244,0.000074,8.658426,20.047584,3.936194,972.297298,15,0,stopped,,,,
2026-06-18 23:43:46.475,50,0.036391,0.171505,9.765995,334.701723,,,,,,,-0.000136,0.000244,0.000074,8.658294,20.045988,3.934286,972.297261,15,0,stopped,,,,
2026-06-18 23:43:46.525,50,0.036384,0.171529,9.765982,334.701723,,,,,,,-0.000136,0.000244,0.000074,8.658162,20.044399,3.932387,972.297224,15,0,stopped,,,,
2026-06-18 23:43:46.575,50,0.036377,0.171554,9.765970,334.701723,,,,,,,-0.000136,0.000244,0.000074,8.658030,20.042818,3.930497,972.297187,15,0,stopped,,,,
2026-06-18 23:43:46.625,50,0.036371,0.171578,9.765958,334.701723,,,,,,,-0.000136,0.000244,0.000074,8.657898,20.041245,3.928616,972.297151,15,0,stopped,,,,
2026-06-18 23:43:46.675,50,0.036364,0.171602,9.765946,334.701723,,,,,,,-0.000136,0.000244,0.000074,8.657766,20.039679,3.926744,972.297115,15,0,stopped,,,,
2026-06-18 23:43:46.725,50,0.036357,0.171626,9.765933,334.701723,,,,,,,-0.000136,0.000244,0.000074,8.657634,20.038121,3.924881,972.297078,15,0,stopped,,,,
2026-06-18 23:43:46.775,50,0.036351,0.171650,9.765921,334.701723,,,,,,,-0.000136,0.000244,0.000074,8.657503,20.036570,3.923027,972.297043,15,0,stopped,,,,
2026-06-18 23:43:46.825,50,0.036344,0.171674,9.765909,334.701723,,,,,,,-0.000136,0.000244,0.000074,8.657371,20.035027,3.921182,972.297007,15,0,stopped,,,,
2026-06-18 23:43:46.875,50,0.036338,0.171698,9.765897,334.701723,,,,,,,-0.000136,0.000244,0.000074,8.657240,20.033492,3.919347,972.296971,15,0,stopped,,,,
2026-06-18 23:43:46.925,50,0.036331,0.171722,9.765885,334.701723,,,,,,,-0.000136,0.000244,0.000074,8.657109,20.031964,3.917520,972.296936,15,0,stopped,,,,
2026-06-18 23:43:46.975,50,0.036325,0.171746,9.765873,334.701723,,,,,,,-0.000136,0.000244,0.000074,8.656978,20.030444,3.915703,972.296901,15,0,stopped,,,,
2026-06-18 23:43:47.025,50,0.036318,0.171770,9.765861,334.701723,,,,,,,-0.000136,0.000244,0.000074,8.656847,20.028932,3.913895,972.296866,15,0,stopped,,,,
2026-06-18 23:43:47.075,50,0.036312,0.171794,9.765848,334.701723,,,,,,,-0.000136,0.000244,0.000074,8.656717,20.027427,3.912096,972.296831,15,0,stopped,,,,
2026-06-18 23:43:47.125,50,0.036306,0.171818,9.765836,334.701723,,,,,,,-0.000136,0.000244,0.000074,8.656586,20.025930,3.910307,972.296796,15,0,stopped,,,,
2026-06-18 23:43:47.175,50,0.036299,0.171842,9.765824,334.701723,,,,,,,-0.000136,0.000244,0.000074,8.656456,20.024441,3.908526,972.296762,15,0,stopped,,,,
2026-06-18 23:43:47.225,50,0.036293,0.171866,9.765812,334.701723,,,,,,,-0.000136,0.000244,0.000074,8.656326,20.022960,3.906755,972.296727,15,0,stopped,,,,
2026-06-18 23:43:47.275,50,0.036287,0.171890,9.765800,334.701723,,,,,,,-0.000136,0.000244,0.000074,8.656195,20.021486,3.904994,972.296693,15,0,stopped,,,,
2026-06-18 23:43:47.325,50,0.036281,0.171914,9.765788,334.701723,,,,,,,-0.000136,0.000244,0.000074,8.656065,20.020020,3.903241,972.296659,15,0,stopped,,,,
2026-06-18 23:43:47.375,50,0.036274,0.171938,9.765776,334.701723,,,,,,,-0.000136,0.000244,0.000074,8.655936,20.018563,3.901498,972.296625,15,0,stopped,,,,
2026-06-18 23:43:47.425,50,0.036268,0.171961,9.765764,334.701723,,,,,,,-0.000136,0.000244,0.000074,8.655806,20.017112,3.899765,972.296592,15,0,stopped,,,,
2026-06-18 23:43:47.475,50,0.036262,0.171985,9.765752,334.701723,,,,,,,-0.000136,0.000244,0.000074,8.655676,20.015670,3.898040,972.296558,15,0,stopped,,,,
2026-06-18 23:43:47.525,50,0.036256,0.172009,9.765740,334.701723,,,,,,,-0.000136,0.000244,0.000074,8.655547,20.014236,3.896326,972.296525,15,0,stopped,,,,
2026-06-18 23:43:47.575,50,0.036250,0.172033,9.765728,334.701723,,,,,,,-0.000136,0.000244,0.000074,8.655418,20.012809,3.894620,972.296492,15,0,stopped,,,,
2026-06-18 23:43:47.625,50,0.036244,0.172056,9.765716,334.701723,,,,,,,-0.000136,0.000244,0.000074,8.655289,20.011391,3.892924,972.296459,15,0,stopped,,,,
2026-06-18 23:43:47.675,50,0.036238,0.172080,9.765704,334.701723,,,,,,,-0.000136,0.000244,0.000074,8.655160,20.009980,3.891238,972.296427,15,0,stopped,,,,
2026-06-18 23:43:47.725,50,0.036232,0.172104,9.765692,334.701723,,,,,,,-0.000136,0.000244,0.000074,8.655031,20.008578,3.889561,972.296394,15,0,stopped,,,,
2026-06-18 23:43:47.775,50,0.036226,0.172127,9.765680,334.701723,,,,,,,-0.000136,0.000244,0.000074,8.654902,20.007183,3.887893,972.296362,15,0,stopped,,,,
2026-06-18 23:43:47.825,50,0.036220,0.172151,9.765669,334.701723,,,,,,,-0.000136,0.000244,0.000074,8.654774,20.005796,3.886236,972.296330,15,0,stopped,,,,
2026-06-18 23:43:47.875,50,0.036214,0.172174,9.765657,334.701723,,,,,,,-0.000136,0.000244,0.000074,8.654646,20.004417,3.884587,972.296298,15,0,stopped,,,,
2026-06-18 23:43:47.925,50,0.036208,0.172198,9.765645,334.701723,,,,,,,-0.000136,0.000244,0.000074,8.654517,20.003047,3.882949,972.296266,15,0,stopped,,,,
2026-06-18 23:43:47.975,50,0.036203,0.172221,9.765633,334.701723,,,,,,,-0.000136,0.000244,0.000074,8.654389,20.001684,3.881319,972.296234,15,0,stopped,,,,
2026-06-18 23:43:48.025,50,0.036197,0.172245,9.765621,334.701723,,,,,,,-0.000136,0.000244,0.000074,8.654261,20.000329,3.879700,972.296203,15,0,stopped,,,,
2026-06-18 23:43:48.075,50,0.036191,0.172268,9.765609,334.701723,,,,,,,-0.000136,0.000244,0.000074,8.654134,19.998983,3.878090,972.296172,15,0,stopped,,,,
2026-06-18 23:43:48.125,50,0.036186,0.172291,9.765597,334.701723,,,,,,,-0.000136,0.000244,0.000074,8.654006,19.997644,3.876490,972.296141,15,0,stopped,,,,
2026-06-18 23:43:48.175,50,0.036180,0.172315,9.765586,334.701723,,,,,,,-0.000136,0.000244,0.000074,8.653879,19.996314,3.874899,972.296110,15,0,stopped,,,,
2026-06-18 23:43:48.225,50,0.036174,0.172338,9.765574,334.701723,,,,,,,-0.000136,0.000244,0.000074,8.653751,19.994991,3.873318,972.296079,15,0,stopped,,,,
2026-06-18 23:43:48.275,50,0.036169,0.172361,9.765562,334.701723,,,,,,,-0.000136,0.000244,0.000074,8.653624,19.993677,3.871747,972.296049,15,0,stopped,,,,
2026-06-18 23:43:48.325,50,0.036163,0.172385,9.765550,334.701723,,,,,,,-0.000136,0.000244,0.000074,8.653497,19.992371,3.870186,972.296018,15,0,stopped,,,,
2026-06-18 23:43:48.375,50,0.036158,0.172408,9.765539,334.701723,,,,,,,-0.000136,0.000244,0.000074,8.653370,19.991074,3.868634,972.295988,15,0,stopped,,,,
2026-06-18 23:43:48.425,50,0.036152,0.172431,9.765527,334.701723,,,,,,,-0.000136,0.000244,0.000074,8.653244,19.989784,3.867093,972.295958,15,0,stopped,,,,
2026-06-18 23:43:48.475,50,0.036147,0.172454,9.765515,334.701723,,,,,,,-0.000136,0.000244,0.000074,8.653117,19.988503,3.865561,972.295929,15,0,stopped,,,,
2026-06-18 23:43:48.525,50,0.036141,0.172478,9.765503,334.701723,,,,,,,-0.000136,0.000244,0.000074,8.652991,19.987229,3.864039,972.295899,15,0,stopped,,,,
2026-06-18 23:43:48.575,50,0.036136,0.172501,9.765492,334.701723,,,,,,,-0.000136,0.000244,0.000074,8.652865,19.985964,3.862526,972.295870,15,0,stopped,,,,
2026-06-18 23:43:48.625,50,0.036131,0.172524,9.765480,334.701723,,,,,,,-0.000136,0.000244,0.000074,8.652739,19.984708,3.861024,972.295841,15,0,stopped,,,,
2026-06-18 23:43:48.675,50,0.036125,0.172547,9.765468,334.701723,,,,,,,-0.000136,0.000244,0.000074,8.652613,19.983459,3.859531,972.295812,15,0,stopped,,,,
2026-06-18 23:43:48.725,50,0.036120,0.172570,9.765457,334.701723,,,,,,,-0.000136,0.000244,0.000074,8.652487,19.982219,3.858049,972.295783,15,0,stopped,,,,
2026-06-18 23:43:48.775,50,0.036115,0.172593,9.765445,334.701723,,,,,,,-0.000136,0.000244,0.000074,8.652361,19.980987,3.856576,972.295754,15,0,stopped,,,,
2026-06-18 23:43:48.825,50,0.036110,0.172616,9.765434,334.701723,,,,,,,-0.000136,0.000244,0.000074,8.652236,19.979764,3.855113,972.295726,15,0,stopped,,,,
2026-06-18 23:43:48.875,50,0.036104,0.172639,9.765422,334.701723,,,,,,,-0.000136,0.000244,0.000074,8.652111,19.978549,3.853661,972.295698,15,0,stopped,,,,
2026-06-18 23:43:48.925,50,0.036099,0.172662,9.765410,334.701723,,,,,,,-0.000136,0.000244,0.000074,8.651986,19.977342,3.852218,972.295670,15,0,stopped,,,,
2026-06-18 23:43:48.975,50,0.036094,0.172685,9.765399,334.701723,,,,,,,-0.000136,0.000244,0.000074,8.651861,19.976144,3.850785,972.295642,15,0,stopped,,,,
2026-06-18 23:43:49.025,50,0.036089,0.172708,9.765387,334.701723,,,,,,,-0.000136,0.000244,0.000074,8.651736,19.974954,3.849363,972.295614,15,0,stopped,,,,
2026-06-18 23:43:49.075,50,0.036084,0.172731,9.765376,334.701723,,,,,,,-0.000136,0.000244,0.000074,8.651611,19.973772,3.847950,972.295587,15,0,stopped,,,,
2026-06-18 23:43:49.125,50,0.036079,0.172753,9.765364,334.701723,,,,,,,-0.000136,0.000244,0.000074,8.651487,19.972599,3.846548,972.295560,15,0,stopped,,,,
2026-06-18 23:43:49.175,50,0.036074,0.172776,9.765353,334.701723,,,,,,,-0.000136,0.000244,0.000074,8.651363,19.971434,3.845155,972.295533,15,0,stopped,,,,
2026-06-18 23:43:49.225,50,0.036069,0.172799,9.765341,334.701723,,,,,,,-0.000136,0.000244,0.000074,8.651239,19.970278,3.843773,972.295506,15,0,stopped,,,,
2026-06-18 23:43:49.275,50,0.036064,0.172822,9.765330,334.701723,,,,,,,-0.000136,0.000244,0.000074,8.651115,19.969130,3.842401,972.295479,15,0,stopped,,,,
2026-06-18 23:43:49.325,50,0.036060,0.172844,9.765318,334.701723,,,,,,,-0.000136,0.000244,0.000074,8.650991,19.967991,3.841039,972.295453,15,0,stopped,,,,
2026-06-18 23:43:49.375,50,0.036055,0.172867,9.765307,334.701723,,,,,,,-0.000136,0.000244,0.000074,8.650867,19.966861,3.839687,972.295427,15,0,stopped,,,,
2026-06-18 23:43:49.425,50,0.036050,0.172890,9.765295,334.701723,,,,,,,-0.000136,0.000244,0.000074,8.650744,19.965738,3.838345,972.295401,15,0,stopped,,,,
2026-06-18 23:43:49.475,50,0.036045,0.172912,9.765284,334.701723,,,,,,,-0.000136,0.000244,0.000074,8.650620,19.964625,3.837014,972.295375,15,0,stopped,,,,
2026-06-18 23:43:49.525,50,0.036041,0.172935,9.765273,334.701723,,,,,,,-0.000136,0.000244,0.000074,8.650497,19.963520,3.835693,972.295349,15,0,stopped,,,,
2026-06-18 23:43:49.575,50,0.036036,0.172957,9.765261,334.701723,,,,,,,-0.000136,0.000244,0.000074,8.650374,19.962423,3.834382,972.295324,15,0,stopped,,,,
2026-06-18 23:43:49.625,50,0.036031,0.172980,9.765250,334.701723,,,,,,,-0.000136,0.000244,0.000074,8.650251,19.961336,3.833082,972.295298,15,0,stopped,,,,
2026-06-18 23:43:49.675,50,0.036027,0.173002,9.765238,334.701723,,,,,,,-0.000136,0.000244,0.000074,8.650129,19.960256,3.831792,972.295273,15,0,stopped,,,,
2026-06-18 23:43:49.725,50,0.036022,0.173025,9.765227,334.701723,,,,,,,-0.000136,0.000244,0.000074,8.650006,19.959186,3.830512,972.295249,15,0,stopped,,,,
2026-06-18 23:43:49.775,50,0.036018,0.173047,9.765216,334.701723,,,,,,,-0.000136,0.000244,0.000074,8.649884,19.958124,3.829242,972.295224,15,0,stopped,,,,
2026-06-18 23:43:49.825,50,0.036013,0.173070,9.765204,334.701723,,,,,,,-0.000136,0.000244,0.000074,8.649762,19.957071,3.827983,972.295199,15,0,stopped,,,,
2026-06-18 23:43:49.875,50,0.036009,0.173092,9.765193,334.701723,,,,,,,-0.000136,0.000244,0.000074,8.649640,19.956026,3.826734,972.295175,15,0,stopped,,,,
2026-06-18 23:43:49.925,50,0.036004,0.173114,9.765182,334.701723,,,,,,,-0.000136,0.000244,0.000074,8.649518,19.954991,3.825496,972.295151,15,0,stopped,,,,
2026-06-18 23:43:49.975,50,0.036000,0.173137,9.765171,334.701723,,,,,,,-0.000136,0.000244,0.000074,8.649397,19.953964,3.824268,972.295127,15,0,stopped,,,,
2026-06-18 23:43:50.025,50,0.035996,0.173159,9.765159,334.701723,,,,,,,-0.000136,0.000244,0.000074,8.649275,19.952945,3.823051,972.295104,15,0,stopped,,,,
2026-06-18 23:43:50.075,50,0.035991,0.173181,9.765148,334.701723,,,,,,,-0.000136,0.000244,0.000074,8.649154,19.951936,3.821844,972.295080,15,0,stopped,,,,
2026-06-18 23:43:50.125,50,0.035987,0.173203,9.765137,334.701723,,,,,,,-0.000136,0.000244,0.000074,8.649033,19.950935,3.820647,972.295057,15,0,stopped,,,,
2026-06-18 23:43:50.175,50,0.035983,0.173226,9.765126,334.701723,,,,,,,-0.000136,0.000244,0.000074,8.648912,19.949943,3.819462,972.295034,15,0,stopped,,,,
2026-06-18 23:43:50.225,50,0.035979,0.173248,9.765114,334.701723,,,,,,,-0.000136,0.000244,0.000074,8.648791,19.948960,3.818286,972.295011,15,0,stopped,,,,
2026-06-18 23:43:50.275,50,0.035975,0.173270,9.765103,334.701723,,,,,,,-0.000136,0.000244,0.000074,8.648670,19.947986,3.817121,972.294988,15,0,stopped,,,,
2026-06-18 23:43:50.325,50,0.035970,0.173292,9.765092,334.701723,,,,,,,-0.000136,0.000244,0.000074,8.648550,19.947020,3.815967,972.294966,15,0,stopped,,,,
2026-06-18 23:43:50.375,50,0.035966,0.173314,9.765081,334.701723,,,,,,,-0.000136,0.000244,0.000074,8.648430,19.946064,3.814824,972.294944,15,0,stopped,,,,
2026-06-18 23:43:50.425,50,0.035962,0.173336,9.765070,334.701723,,,,,,,-0.000136,0.000244,0.000074,8.648310,19.945116,3.813691,972.294922,15,0,stopped,,,,
2026-06-18 23:43:50.475,50,0.035958,0.173358,9.765059,334.701723,,,,,,,-0.000136,0.000244,0.000074,8.648190,19.944177,3.812568,972.294900,15,0,stopped,,,,
2026-06-18 23:43:50.525,50,0.035954,0.173380,9.765048,334.701723,,,,,,,-0.000136,0.000244,0.000074,8.648070,19.943247,3.811457,972.294878,15,0,stopped,,,,
2026-06-18 23:43:50.575,50,0.035950,0.173402,9.765037,334.701723,,,,,,,-0.000136,0.000244,0.000074,8.647950,19.942327,3.810356,972.294857,15,0,stopped,,,,
2026-06-18 23:43:50.625,50,0.035947,0.173424,9.765026,334.701723,,,,,,,-0.000136,0.000244,0.000074,8.647831,19.941415,3.809266,972.294836,15,0,stopped,,,,
2026-06-18 23:43:50.675,50,0.035943,0.173446,9.765015,334.701723,,,,,,,-0.000136,0.000244,0.000074,8.647712,19.940512,3.808186,972.294815,15,0,stopped,,,,
2026-06-18 23:43:50.725,50,0.035939,0.173467,9.765004,334.701723,,,,,,,-0.000136,0.000244,0.000074,8.647593,19.939618,3.807117,972.294794,15,0,stopped,,,,
2026-06-18 23:43:50.775,50,0.035935,0.173489,9.764993,334.701723,,,,,,,-0.000136,0.000244,0.000074,8.647474,19.938733,3.806059,972.294773,15,0,stopped,,,,
2026-06-18 23:43:50.825,50,0.035931,0.173511,9.764982,334.701723,,,,,,,-0.000136,0.000244,0.000074,8.647355,19.937857,3.805012,972.294753,15,0,stopped,,,,
2026-06-18 23:43:50.875,50,0.035928,0.173533,9.764971,334.701723,,,,,,,-0.000136,0.000244,0.000074,8.647237,19.936990,3.803976,972.294733,15,0,stopped,,,,
2026-06-18 23:43:50.925,50,0.035924,0.173554,9.764960,334.701723,,,,,,,-0.000136,0.000244,0.000074,8.647119,19.936132,3.802950,972.294713,15,0,stopped,,,,
2026-06-18 23:43:50.975,50,0.035921,0.173576,9.764949,334.701723,,,,,,,-0.000136,0.000244,0.000074,8.647001,19.935284,3.801936,972.294693,15,0,stopped,,,,
2026-06-18 23:43:51.025,50,0.035917,0.173598,9.764938,334.701723,,,,,,,-0.000136,0.000244,0.000074,8.646883,19.934444,3.800932,972.294674,15,0,stopped,,,,
2026-06-18 23:43:51.075,50,0.035913,0.173619,9.764927,334.701723,,,,,,,-0.000136,0.000244,0.000074,8.646765,19.933614,3.799939,972.294654,15,0,stopped,,,,
2026-06-18 23:43:51.125,50,0.035910,0.173641,9.764916,334.701723,,,,,,,-0.000136,0.000244,0.000074,8.646647,19.932792,3.798957,972.294635,15,0,stopped,,,,
2026-06-18 23:43:51.175,50,0.035907,0.173662,9.764905,334.701723,,,,,,,-0.000136,0.000244,0.000074,8.646530,19.931980,3.797986,972.294616,15,0,stopped,,,,
2026-06-18 23:43:51.225,50,0.035903,0.173684,9.764894,334.701723,,,,,,,-0.000136,0.000244,0.000074,8.646413,19.931177,3.797026,972.294598,15,0,stopped,,,,
2026-06-18 23:43:51.275,50,0.035900,0.173705,9.764883,334.701723,,,,,,,-0.000136,0.000244,0.000074,8.646296,19.930383,3.796077,972.294579,15,0,stopped,,,,
2026-06-18 23:43:51.325,50,0.035896,0.173727,9.764873,334.701723,,,,,,,-0.000136,0.000244,0.000074,8.646179,19.929599,3.795139,972.294561,15,0,stopped,,,,
2026-06-18 23:43:51.375,50,0.035893,0.173748,9.764862,334.701723,,,,,,,-0.000136,0.000244,0.000074,8.646062,19.928823,3.794212,972.294543,15,0,stopped,,,,
2026-06-18 23:43:51.425,50,0.035890,0.173770,9.764851,334.701723,,,,,,,-0.000136,0.000244,0.000074,8.645946,19.928057,3.793296,972.294525,15,0,stopped,,,,
2026-06-18 23:43:51.475,50,0.035887,0.173791,9.764840,334.701723,,,,,,,-0.000136,0.000244,0.000074,8.645829,19.927300,3.792391,972.294507,15,0,stopped,,,,
2026-06-18 23:43:51.525,50,0.035883,0.173812,9.764829,334.701723,,,,,,,-0.000136,0.000244,0.000074,8.645713,19.926552,3.791497,972.294490,15,0,stopped,,,,
2026-06-18 23:43:51.575,50,0.035880,0.173833,9.764819,334.701723,,,,,,,-0.000136,0.000244,0.000074,8.645597,19.925814,3.790615,972.294473,15,0,stopped,,,,
2026-06-18 23:43:51.625,50,0.035877,0.173855,9.764808,334.701723,,,,,,,-0.000136,0.000244,0.000074,8.645482,19.925085,3.789743,972.294456,15,0,stopped,,,,
2026-06-18 23:43:51.675,50,0.035874,0.173876,9.764797,334.701723,,,,,,,-0.000136,0.000244,0.000074,8.645366,19.924365,3.788883,972.294439,15,0,stopped,,,,
2026-06-18 23:43:51.725,50,0.035871,0.173897,9.764787,334.701723,,,,,,,-0.000136,0.000244,0.000074,8.645251,19.923655,3.788034,972.294422,15,0,stopped,,,,
2026-06-18 23:43:51.775,50,0.035868,0.173918,9.764776,334.701723,,,,,,,-0.000136,0.000244,0.000074,8.645135,19.922954,3.787195,972.294406,15,0,stopped,,,,
2026-06-18 23:43:51.825,50,0.035865,0.173939,9.764765,334.701723,,,,,,,-0.000136,0.000244,0.000074,8.645020,19.922262,3.786369,972.294390,15,0,stopped,,,,
2026-06-18 23:43:51.875,50,0.035862,0.173960,9.764755,334.701723,,,,,,,-0.000136,0.000244,0.000074,8.644906,19.921580,3.785553,972.294374,15,0,stopped,,,,
2026-06-18 23:43:51.925,50,0.035859,0.173981,9.764744,334.701723,,,,,,,-0.000136,0.000244,0.000074,8.644791,19.920908,3.784749,972.294358,15,0,stopped,,,,
2026-06-18 23:43:51.975,50,0.035857,0.174002,9.764733,334.701723,,,,,,,-0.000136,0.000244,0.000074,8.644677,19.920244,3.783956,972.294343,15,0,stopped,,,,
2026-06-18 23:43:52.025,50,0.035854,0.174023,9.764723,334.701723,,,,,,,-0.000136,0.000244,0.000074,8.644562,19.919590,3.783174,972.294328,15,0,stopped,,,,
2026-06-18 23:43:52.075,50,0.035851,0.174044,9.764712,334.701723,,,,,,,-0.000136,0.000244,0.000074,8.644448,19.918946,3.782403,972.294313,15,0,stopped,,,,
2026-06-18 23:43:52.125,50,0.035848,0.174065,9.764702,334.701723,,,,,,,-0.000136,0.000244,0.000074,8.644334,19.918311,3.781644,972.294298,15,0,stopped,,,,
2026-06-18 23:43:52.175,50,0.035846,0.174086,9.764691,334.701723,,,,,,,-0.000136,0.000244,0.000074,8.644221,19.917685,3.780897,972.294283,15,0,stopped,,,,
2026-06-18 23:43:52.225,50,0.035843,0.174107,9.764681,334.701723,,,,,,,-0.000136,0.000244,0.000074,8.644107,19.917070,3.780160,972.294269,15,0,stopped,,,,
2026-06-18 23:43:52.275,50,0.035841,0.174127,9.764670,334.701723,,,,,,,-0.000136,0.000244,0.000074,8.643994,19.916463,3.779435,972.294255,15,0,stopped,,,,
2026-06-18 23:43:52.325,50,0.035838,0.174148,9.764660,334.701723,,,,,,,-0.000136,0.000244,0.000074,8.643881,19.915866,3.778722,972.294241,15,0,stopped,,,,
2026-06-18 23:43:52.375,50,0.035836,0.174169,9.764649,334.701723,,,,,,,-0.000136,0.000244,0.000074,8.643768,19.915279,3.778020,972.294227,15,0,stopped,,,,
2026-06-18 23:43:52.425,50,0.035833,0.174189,9.764639,334.701723,,,,,,,-0.000136,0.000244,0.000074,8.643655,19.914701,3.777329,972.294214,15,0,stopped,,,,
2026-06-18 23:43:52.475,50,0.035831,0.174210,9.764628,334.701723,,,,,,,-0.000136,0.000244,0.000074,8.643543,19.914133,3.776650,972.294200,15,0,stopped,,,,
2026-06-18 23:43:52.525,50,0.035828,0.174231,9.764618,334.701723,,,,,,,-0.000136,0.000244,0.000074,8.643431,19.913575,3.775982,972.294187,15,0,stopped,,,,
2026-06-18 23:43:52.575,50,0.035826,0.174251,9.764608,334.701723,,,,,,,-0.000136,0.000244,0.000074,8.643318,19.913026,3.775326,972.294174,15,0,stopped,,,,
2026-06-18 23:43:52.625,50,0.035824,0.174272,9.764597,334.701723,,,,,,,-0.000136,0.000244,0.000074,8.643207,19.912487,3.774682,972.294162,15,0,stopped,,,,
2026-06-18 23:43:52.675,50,0.035821,0.174292,9.764587,334.701723,,,,,,,-0.000136,0.000244,0.000074,8.643095,19.911958,3.774049,972.294149,15,0,stopped,,,,
2026-06-18 23:43:52.725,50,0.035819,0.174313,9.764577,334.701723,,,,,,,-0.000136,0.000244,0.000074,8.642983,19.911438,3.773427,972.294137,15,0,stopped,,,,
2026-06-18 23:43:52.775,50,0.035817,0.174333,9.764566,334.701723,,,,,,,-0.000136,0.000244,0.000074,8.642872,19.910928,3.772818,972.294125,15,0,stopped,,,,
2026-06-18 23:43:52.825,50,0.035815,0.174354,9.764556,334.701723,,,,,,,-0.000136,0.000244,0.000074,8.642761,19.910428,3.772220,972.294114,15,0,stopped,,,,
2026-06-18 23:43:52.875,50,0.035813,0.174374,9.764546,334.701723,,,,,,,-0.000136,0.000244,0.000074,8.642650,19.909937,3.771633,972.294102,15,0,stopped,,,,
2026-06-18 23:43:52.925,50,0.035811,0.174394,9.764535,334.701723,,,,,,,-0.000136,0.000244,0.000074,8.642539,19.909456,3.771058,972.294091,15,0,stopped,,,,
2026-06-18 23:43:52.975,50,0.035809,0.174414,9.764525,334.701723,,,,,,,-0.000136,0.000244,0.000074,8.642429,19.908985,3.770495,972.294080,15,0,stopped,,,,
2026-06-18 23:43:53.025,50,0.035807,0.174435,9.764515,334.701723,,,,,,,-0.000136,0.000244,0.000074,8.642318,19.908524,3.769944,972.294069,15,0,stopped,,,,
2026-06-18 23:43:53.075,50,0.035805,0.174455,9.764505,334.701723,,,,,,,-0.000136,0.000244,0.000074,8.642208,19.908073,3.769404,972.294058,15,0,stopped,,,,
2026-06-18 23:43:53.125,50,0.035803,0.174475,9.764495,334.701723,,,,,,,-0.000136,0.000244,0.000074,8.642098,19.907631,3.768876,972.294048,15,0,stopped,,,,
2026-06-18 23:43:53.175,50,0.035801,0.174495,9.764484,334.701723,,,,,,,-0.000136,0.000244,0.000074,8.641989,19.907199,3.768360,972.294038,15,0,stopped,,,,
2026-06-18 23:43:53.225,50,0.035799,0.174515,9.764474,334.701723,,,,,,,-0.000136,0.000244,0.000074,8.641879,19.906778,3.767856,972.294028,15,0,stopped,,,,
2026-06-18 23:43:53.275,50,0.035798,0.174535,9.764464,334.701723,,,,,,,-0.000136,0.000244,0.000074,8.641770,19.906366,3.767364,972.294018,15,0,stopped,,,,
2026-06-18 23:43:53.325,50,0.035796,0.174555,9.764454,334.701723,,,,,,,-0.000136,0.000244,0.000074,8.641661,19.905964,3.766883,972.294009,15,0,stopped,,,,
2026-06-18 23:43:53.375,50,0.035794,0.174575,9.764444,334.701723,,,,,,,-0.000136,0.000244,0.000074,8.641552,19.905572,3.766414,972.294000,15,0,stopped,,,,
2026-06-18 23:43:53.425,50,0.035793,0.174595,9.764434,334.701723,,,,,,,-0.000136,0.000244,0.000074,8.641443,19.905190,3.765957,972.293991,15,0,stopped,,,,
2026-06-18 23:43:53.475,50,0.035791,0.174615,9.764424,334.701723,,,,,,,-0.000136,0.000244,0.000074,8.641334,19.904817,3.765512,972.293982,15,0,stopped,,,,
2026-06-18 23:43:53.525,50,0.035790,0.174635,9.764414,334.701723,,,,,,,-0.000136,0.000244,0.000074,8.641226,19.904455,3.765079,972.293973,15,0,stopped,,,,
2026-06-18 23:43:53.575,50,0.035788,0.174655,9.764404,334.701723,,,,,,,-0.000136,0.000244,0.000074,8.641118,19.904103,3.764658,972.293965,15,0,stopped,,,,
2026-06-18 23:43:53.625,50,0.035787,0.174675,9.764394,334.701723,,,,,,,-0.000136,0.000244,0.000074,8.641010,19.903761,3.764249,972.293957,15,0,stopped,,,,
2026-06-18 23:43:53.675,50,0.035785,0.174694,9.764384,334.701723,,,,,,,-0.000136,0.000244,0.000074,8.640902,19.903429,3.763852,972.293949,15,0,stopped,,,,
2026-06-18 23:43:53.725,50,0.035784,0.174714,9.764374,334.701723,,,,,,,-0.000136,0.000244,0.000074,8.640795,19.903106,3.763467,972.293942,15,0,stopped,,,,
2026-06-18 23:43:53.775,50,0.035783,0.174734,9.764364,334.701723,,,,,,,-0.000136,0.000244,0.000074,8.640688,19.902794,3.763094,972.293934,15,0,stopped,,,,
2026-06-18 23:43:53.825,50,0.035781,0.174753,9.764354,334.701723,,,,,,,-0.000136,0.000244,0.000074,8.640581,19.902492,3.762733,972.293927,15,0,stopped,,,,
2026-06-18 23:43:53.875,50,0.035780,0.174773,9.764344,334.701723,,,,,,,-0.000136,0.000244,0.000074,8.640474,19.902200,3.762384,972.293920,15,0,stopped,,,,
2026-06-18 23:43:53.925,50,0.035779,0.174792,9.764334,334.701723,,,,,,,-0.000136,0.000244,0.000074,8.640367,19.901919,3.762047,972.293914,15,0,stopped,,,,
2026-06-18 23:43:53.975,50,0.035778,0.174812,9.764324,334.701723,,,,,,,-0.000136,0.000244,0.000074,8.640261,19.901647,3.761722,972.293907,15,0,stopped,,,frame_1781819035445.jpg,
2026-06-18 23:43:54.025,50,0.035777,0.174831,9.764315,334.701723,,,,,,,-0.000136,0.000244,0.000074,8.640155,19.901386,3.761410,972.293901,15,0,stopped,,,frame_1781819035514.jpg,
2026-06-18 23:43:54.075,50,0.035775,0.174851,9.764305,334.701723,,,,,,,-0.000136,0.000244,0.000074,8.640048,19.901134,3.761109,972.293895,15,0,stopped,,,,
2026-06-18 23:43:54.125,50,0.035774,0.174870,9.764295,334.701723,,,,,,,-0.000136,0.000244,0.000074,8.639943,19.900893,3.760821,972.293889,15,0,stopped,,,frame_1781819035582.jpg,
2026-06-18 23:43:54.175,50,0.035773,0.174890,9.764285,334.701723,,,,,,,-0.000136,0.000244,0.000074,8.639837,19.900662,3.760545,972.293884,15,0,stopped,,,frame_1781819035646.jpg,
2026-06-18 23:43:54.225,50,0.035773,0.174909,9.764275,334.701723,,,,,,,-0.000136,0.000244,0.000074,8.639732,19.900442,3.760281,972.293878,15,0,stopped,,,frame_1781819035715.jpg,
2026-06-18 23:43:54.275,50,0.035772,0.174928,9.764266,334.701723,,,,,,,-0.000136,0.000244,0.000074,8.639627,19.900231,3.760030,972.293873,15,0,stopped,,,,
2026-06-18 23:43:54.325,50,0.035771,0.174948,9.764256,334.701723,,,,,,,-0.000136,0.000244,0.000074,8.639522,19.900031,3.759790,972.293869,15,0,stopped,,,frame_1781819035782.jpg,
2026-06-18 23:43:54.375,50,0.035770,0.174967,9.764246,334.701723,,,,,,,-0.000136,0.000244,0.000074,8.639417,19.899841,3.759563,972.293864,15,0,stopped,,,frame_1781819035848.jpg,
2026-06-18 23:43:54.425,50,0.035769,0.174986,9.764237,334.701723,,,,,,,-0.000136,0.000244,0.000074,8.639312,19.899661,3.759348,972.293860,15,0,stopped,,,frame_1781819035918.jpg,
2026-06-18 23:43:54.475,50,0.035768,0.175005,9.764227,334.701723,,,,,,,-0.000136,0.000244,0.000074,8.639208,19.899492,3.759146,972.293856,15,0,stopped,,,,
2026-06-18 23:43:54.525,50,0.035768,0.175024,9.764217,334.701723,,,,,,,-0.000136,0.000244,0.000074,8.639104,19.899333,3.758956,972.293852,15,0,stopped,,,frame_1781819035982.jpg,
2026-06-18 23:43:54.575,50,0.035767,0.175043,9.764208,334.701723,,,,,,,-0.000136,0.000244,0.000074,8.639000,19.899184,3.758778,972.293848,15,0,stopped,,,frame_1781819036050.jpg,
2026-06-18 23:43:54.625,50,0.035767,0.175062,9.764198,334.701723,,,,,,,-0.000136,0.000244,0.000074,8.638896,19.899046,3.758613,972.293845,15,0,stopped,,,frame_1781819036118.jpg,
2026-06-18 23:43:54.675,50,0.035766,0.175081,9.764189,334.701723,,,,,,,-0.000136,0.000244,0.000074,8.638793,19.898918,3.758460,972.293842,15,0,stopped,,,,
2026-06-18 23:43:54.725,50,0.035766,0.175100,9.764179,334.701723,,,,,,,-0.000136,0.000244,0.000074,8.638690,19.898801,3.758319,972.293839,15,0,stopped,,,frame_1781819036186.jpg,
2026-06-18 23:43:54.775,50,0.035765,0.175119,9.764169,334.701723,,,,,,,-0.000136,0.000244,0.000074,8.638587,19.898694,3.758191,972.293836,15,0,stopped,,,frame_1781819036250.jpg,
2026-06-18 23:43:54.825,50,0.035765,0.175138,9.764160,334.701723,,,,,,,-0.000136,0.000244,0.000074,8.638484,19.898597,3.758076,972.293834,15,0,stopped,,,frame_1781819036316.jpg,
2026-06-18 23:43:54.875,50,0.035764,0.175157,9.764150,334.701723,,,,,,,-0.000136,0.000244,0.000074,8.638381,19.898511,3.757973,972.293832,15,0,stopped,,,,
2026-06-18 23:43:54.925,50,0.035764,0.175175,9.764141,334.701723,,,,,,,-0.000136,0.000244,0.000074,8.638279,19.898435,3.757882,972.293830,15,0,stopped,,,frame_1781819036382.jpg,
2026-06-18 23:43:54.975,50,0.035764,0.175194,9.764131,334.701723,,,,,,,-0.000136,0.000244,0.000074,8.638177,19.898370,3.757804,972.293828,15,0,stopped,,,frame_1781819036448.jpg,
2026-06-18 23:43:55.025,50,0.035763,0.175213,9.764122,334.701723,,,,,,,-0.000136,0.000244,0.000074,8.638075,19.898315,3.757739,972.293827,15,0,stopped,,,frame_1781819036517.jpg,
2026-06-18 23:43:55.075,50,0.035763,0.175232,9.764113,334.701723,,,,,,,-0.000136,0.000244,0.000074,8.637973,19.898271,3.757686,972.293825,15,0,stopped,,,,
2026-06-18 23:43:55.125,50,0.035763,0.175250,9.764103,334.701723,,,,,,,-0.000136,0.000244,0.000074,8.637872,19.898237,3.757646,972.293824,15,0,stopped,,,frame_1781819036581.jpg,
2026-06-18 23:43:55.175,50,0.035763,0.175269,9.764094,334.701723,,,,,,,-0.000136,0.000244,0.000074,8.637770,19.898214,3.757618,972.293824,15,0,stopped,,,frame_1781819036648.jpg,
2026-06-18 23:43:55.225,50,0.035763,0.175287,9.764084,334.701723,,,,,,,-0.000136,0.000244,0.000074,8.637669,19.898201,3.757603,972.293823,15,0,stopped,,,frame_1781819036716.jpg,
2026-06-18 23:43:55.275,50,0.049503,0.173130,9.750909,334.701723,,,,,,,-0.000136,0.000244,0.000074,8.515537,20.586237,4.042627,972.293823,15,0,stopped,,,,
2026-06-18 23:43:55.325,50,0.060295,0.161077,9.763418,334.701723,,,,,,,-0.000136,0.000244,0.000074,9.303021,20.554189,5.029617,972.294892,15,0,stopped,,,frame_1781819036787.jpg,
2026-06-18 23:43:55.375,50,0.040334,0.186961,9.769820,334.701723,,,,,,,-0.000136,0.000244,0.000074,9.119020,20.141854,4.589263,972.298121,15,0,stopped,,,frame_1781819036849.jpg,
2026-06-18 23:43:55.425,50,0.033203,0.174909,9.760360,334.701723,,,,,,,-0.000136,0.000244,0.000074,9.208414,19.727654,4.089585,972.358176,15,0,stopped,,,frame_1781819036918.jpg,
2026-06-18 23:43:55.475,50,0.057571,0.157454,9.780593,334.701723,,,,,,,-0.000136,0.000244,0.000074,9.927209,20.373642,5.281056,972.354071,15,0,stopped,,,,
2026-06-18 23:43:55.525,50,0.056471,0.169192,9.768410,334.701723,,,,,,,-0.000136,0.000244,0.000074,9.467667,19.998332,4.741317,972.275379,15,0,stopped,,,frame_1781819036982.jpg,
2026-06-18 23:43:55.575,50,0.028107,0.197416,9.777607,334.701723,,,,,,,-0.000136,0.000244,0.000074,9.080814,20.667236,4.545667,972.280677,15,0,stopped,,,frame_1781819037049.jpg,
2026-06-18 23:43:55.625,50,0.038146,0.160600,9.758895,334.701723,,,,,,,-0.000136,0.000244,0.000074,9.154229,19.837192,4.554816,972.285669,15,0,stopped,,,frame_1781819037118.jpg,
2026-06-18 23:43:55.675,50,0.056499,0.160884,9.772734,334.701723,,,,,,,-0.000136,0.000244,0.000074,9.025327,20.271395,4.449180,972.284272,15,0,stopped,,,,
2026-06-18 23:43:55.725,50,0.045550,0.181015,9.774001,334.701723,,,,,,,-0.000136,0.000244,0.000074,8.483460,20.259847,4.831676,972.282090,15,0,stopped,,,frame_1781819037184.jpg,
2026-06-18 23:43:55.775,50,0.041489,0.179513,9.770389,334.701723,,,,,,,-0.000136,0.000244,0.000074,8.771918,20.536796,4.538748,972.278677,15,0,stopped,,,frame_1781819037249.jpg,
2026-06-18 23:43:55.825,50,0.034572,0.154631,9.765497,334.701723,,,,,,,-0.000136,0.000244,0.000074,8.802147,20.141510,4.659055,972.280779,15,0,stopped,,,frame_1781819037319.jpg,
2026-06-18 23:43:55.875,50,0.052300,0.162943,9.765204,334.701723,,,,,,,-0.000136,0.000244,0.000074,8.833605,19.900973,4.275802,972.281318,15,0,stopped,,,,
2026-06-18 23:43:55.925,50,0.048733,0.163598,9.767128,334.701723,,,,,,,-0.000136,0.000244,0.000074,9.028550,20.073433,4.541522,972.273586,15,0,stopped,,,frame_1781819037385.jpg,
2026-06-18 23:43:55.975,50,0.036810,0.175080,9.764697,334.701723,,,,,,,-0.000136,0.000244,0.000074,9.531685,20.178718,4.570131,972.278925,15,0,stopped,,,frame_1781819037451.jpg,
2026-06-18 23:43:56.025,50,0.050524,0.171510,9.765923,334.701723,,,,,,,-0.000136,0.000244,0.000074,9.267079,20.224546,3.859087,972.284404,15,0,stopped,,,frame_1781819037521.jpg,
2026-06-18 23:43:56.075,50,0.049830,0.161955,9.769577,334.701723,,,,,,,-0.000136,0.000244,0.000074,9.046992,20.155130,4.491917,972.287721,15,0,stopped,,,,
2026-06-18 23:43:56.125,50,0.033470,0.164707,9.763499,334.701723,,,,,,,-0.000136,0.000244,0.000074,9.059991,20.200198,4.687513,972.291153,15,0,stopped,,,frame_1781819037587.jpg,
2026-06-18 23:43:56.175,50,0.037884,0.185314,9.762853,334.701723,,,,,,,-0.000136,0.000244,0.000074,8.686936,20.715265,4.830745,972.295470,15,0,stopped,,,frame_1781819037652.jpg,
2026-06-18 23:43:56.225,50,0.036221,0.154065,9.767258,334.701723,,,,,,,-0.000136,0.000244,0.000074,9.365410,20.023520,4.597805,972.294682,15,0,stopped,,,frame_1781819037718.jpg,
2026-06-18 23:43:56.275,50,0.015599,0.148390,9.776486,334.701723,,,,,,,-0.000136,0.000244,0.000074,8.822254,19.827713,4.775908,972.294434,15,0,stopped,,,,
2026-06-18 23:43:56.325,50,0.027659,0.126904,9.763198,334.701723,,,,,,,-0.000136,0.000244,0.000074,8.933788,20.082609,4.507497,972.296154,15,0,stopped,,,frame_1781819037783.jpg,
2026-06-18 23:43:56.375,50,0.090854,0.221502,9.754576,334.701723,,,,,,,-0.000136,0.000244,0.000074,9.810828,20.215458,4.586546,972.298306,15,0,stopped,,,frame_1781819037850.jpg,
2026-06-18 23:43:56.425,50,0.086488,0.202084,9.770513,334.701723,,,,,,,-0.000136,0.000244,0.000074,9.411007,20.246179,3.817263,972.298908,15,0,stopped,,,frame_1781819037924.jpg,
2026-06-18 23:43:56.475,50,0.019995,0.162574,9.763314,334.701723,,,,,,,-0.000136,0.000244,0.000074,9.232024,20.104126,4.549880,972.288932,15,0,stopped,,,,
2026-06-18 23:43:56.525,50,0.005978,0.147958,9.767712,334.701723,,,,,,,-0.000136,0.000244,0.000074,9.190130,20.257870,4.463281,972.289613,15,0,stopped,,,frame_1781819037985.jpg,
2026-06-18 23:43:56.575,50,0.073807,0.136606,9.766197,334.701723,,,,,,,-0.000136,0.000244,0.000074,9.488471,20.043181,4.647042,972.295284,15,0,stopped,,,frame_1781819038048.jpg,
2026-06-18 23:43:56.625,50,0.072432,0.190218,9.764237,334.701723,,,,,,,-0.000136,0.000244,0.000074,8.963615,20.490237,4.206611,972.294799,15,0,stopped,,,frame_1781819038123.jpg,
2026-06-18 23:43:56.675,50,0.030692,0.215176,9.766605,334.701723,,,,,,,-0.000136,0.000244,0.000074,9.228202,20.097320,4.851283,972.294041,15,0,stopped,,,,
2026-06-18 23:43:56.725,50,0.018702,0.147427,9.769488,334.701723,,,,,,,-0.000136,0.000244,0.000074,9.075420,20.122072,4.060077,972.293412,15,0,stopped,,,frame_1781819038184.jpg,
2026-06-18 23:43:56.775,50,0.058415,0.134137,9.764501,334.701723,,,,,,,-0.000136,0.000244,0.000074,9.043067,20.350691,5.158761,972.293987,15,0,stopped,,,frame_1781819038250.jpg,
2026-06-18 23:43:56.825,50,0.060408,0.176299,9.766837,334.701723,,,,,,,-0.000136,0.000244,0.000074,9.232656,20.031773,4.677926,972.295713,15,0,stopped,,,frame_1781819038318.jpg,
2026-06-18 23:43:56.875,50,0.025326,0.187216,9.764668,334.701723,,,,,,,-0.000136,0.000244,0.000074,9.255596,19.956363,5.013347,972.300258,15,0,stopped,,,,
2026-06-18 23:43:56.925,50,0.035762,0.176537,9.768468,334.701723,,,,,,,-0.000136,0.000244,0.000074,9.544224,20.062225,3.797242,972.300315,15,0,stopped,,,frame_1781819038387.jpg,
2026-06-18 23:43:56.975,50,0.063399,0.152736,9.766519,334.701723,,,,,,,-0.000136,0.000244,0.000074,9.332266,20.248849,3.867875,972.297985,15,0,stopped,,,frame_1781819038460.jpg,
2026-06-18 23:43:57.025,50,0.047228,0.168880,9.772744,334.701723,,,,,,,-0.000136,0.000244,0.000074,9.452693,19.892974,4.405366,972.296911,15,0,stopped,,,frame_1781819038516.jpg,
2026-06-18 23:43:57.075,50,0.028673,0.182455,9.767560,334.701723,,,,,,,-0.000136,0.000244,0.000074,9.063349,19.970943,4.014781,972.295968,15,0,stopped,,,,
2026-06-18 23:43:57.125,50,0.038881,0.167612,9.766606,334.701723,,,,,,,-0.000136,0.000244,0.000074,9.101020,20.295442,4.190584,972.294722,15,0,stopped,,,frame_1781819038585.jpg,
2026-06-18 23:43:57.175,50,0.060878,0.159740,9.769776,334.701723,,,,,,,-0.000136,0.000244,0.000074,9.053982,20.447145,4.547930,972.295545,15,0,stopped,,,frame_1781819038654.jpg,
2026-06-18 23:43:57.225,50,0.047199,0.167632,9.768118,334.701723,,,,,,,-0.000136,0.000244,0.000074,9.726717,19.952836,4.586468,972.297602,15,0,stopped,,,frame_1781819038722.jpg,
2026-06-18 23:43:57.275,50,0.037111,0.177172,9.770832,334.701723,,,,,,,-0.000136,0.000244,0.000074,9.611090,20.178799,4.790233,972.286322,15,0,stopped,,,,
2026-06-18 23:43:57.325,50,0.043675,0.164602,9.771482,334.701723,,,,,,,-0.000136,0.000244,0.000074,9.459631,20.185273,4.644694,972.283915,15,0,stopped,,,frame_1781819038788.jpg,
2026-06-18 23:43:57.375,50,0.059243,0.153765,9.764459,334.701723,,,,,,,-0.000136,0.000244,0.000074,9.247458,20.434503,4.355595,972.287700,15,0,stopped,,,frame_1781819038857.jpg,
2026-06-18 23:43:57.425,50,0.034461,0.173044,9.761719,334.701723,,,,,,,-0.000136,0.000244,0.000074,9.474312,20.393732,4.515601,972.293876,15,0,stopped,,,frame_1781819038918.jpg,
2026-06-18 23:43:57.475,50,0.037533,0.178242,9.763315,334.701723,,,,,,,-0.000136,0.000244,0.000074,8.598950,20.246976,4.109233,972.297201,15,0,stopped,,,,
2026-06-18 23:43:57.525,50,0.055762,0.161896,9.770479,334.701723,,,,,,,-0.000136,0.000244,0.000074,9.165583,20.140183,4.437417,972.295185,15,0,stopped,,,frame_1781819038986.jpg,
2026-06-18 23:43:57.575,50,0.058195,0.162774,9.769699,334.701723,,,,,,,-0.000136,0.000244,0.000074,9.220660,20.143090,4.368588,972.297691,15,0,stopped,,,frame_1781819039053.jpg,
2026-06-18 23:43:57.625,50,0.043305,0.173704,9.756911,334.701723,,,,,,,-0.000136,0.000244,0.000074,9.503679,19.932384,4.615069,972.302833,15,0,stopped,,,frame_1781819039120.jpg,
2026-06-18 23:43:57.675,50,0.035859,0.170860,9.770683,334.701723,,,,,,,-0.000136,0.000244,0.000074,8.869108,20.407247,4.463872,972.301621,15,0,stopped,,,,
2026-06-18 23:43:57.725,50,0.048780,0.166475,9.769942,334.701723,,,,,,,-0.000136,0.000244,0.000074,9.463097,20.537775,4.654625,972.300051,15,0,stopped,,,frame_1781819039186.jpg,
2026-06-18 23:43:57.775,50,0.040355,0.164336,9.755529,334.701723,,,,,,,-0.000136,0.000244,0.000074,8.837671,19.924155,4.876525,972.297529,15,0,stopped,,,frame_1781819039261.jpg,
2026-06-18 23:43:57.825,50,0.037048,0.170954,9.761373,334.701723,,,,,,,-0.000136,0.000244,0.000074,9.196878,20.194295,4.493613,972.297126,15,0,stopped,,,frame_1781819039317.jpg,
2026-06-18 23:43:57.875,50,0.041705,0.174139,9.769697,334.701723,,,,,,,-0.000136,0.000244,0.000074,9.042793,20.480692,4.297424,972.296392,15,0,stopped,,,,
2026-06-18 23:43:57.925,50,0.050914,0.163220,9.766024,334.701723,,,,,,,-0.000136,0.000244,0.000074,9.112321,20.244261,4.365851,972.292162,15,0,stopped,,,frame_1781819039384.jpg,
2026-06-18 23:43:57.975,50,0.043067,0.168800,9.767886,334.701723,,,,,,,-0.000136,0.000244,0.000074,9.331147,20.299470,4.408234,972.290665,15,0,stopped,,,frame_1781819039454.jpg,
2026-06-18 23:43:58.025,50,0.045786,0.170299,9.761139,334.701723,,,,,,,-0.000136,0.000244,0.000074,9.401300,20.178816,4.088143,972.289811,15,0,stopped,,,frame_1781819039519.jpg,
2026-06-18 23:43:58.075,50,0.043664,0.171640,9.765508,334.701723,,,,,,,-0.000136,0.000244,0.000074,8.985166,19.948995,4.050152,972.293427,15,0,stopped,,,,
2026-06-18 23:43:58.125,50,0.046199,0.162959,9.771966,334.701723,,,,,,,-0.000136,0.000244,0.000074,9.193715,20.074084,4.226958,972.294828,15,0,stopped,,,frame_1781819039583.jpg,
2026-06-18 23:43:58.175,50,0.037939,0.165748,9.767170,334.701723,,,,,,,-0.000136,0.000244,0.000074,9.225970,20.151140,4.070822,972.292073,15,0,stopped,,,frame_1781819039655.jpg,
2026-06-18 23:43:58.225,50,0.042922,0.163077,9.775530,334.701723,,,,,,,-0.000136,0.000244,0.000074,9.094860,20.309346,4.250789,972.287925,15,0,stopped,,,frame_1781819039719.jpg,
2026-06-18 23:43:58.275,50,0.046274,0.171181,9.768233,334.701723,,,,,,,-0.000136,0.000244,0.000074,9.254348,19.934999,4.503393,972.286547,15,0,stopped,,,,
2026-06-18 23:43:58.325,50,0.047143,0.163017,9.763989,334.701723,,,,,,,-0.000136,0.000244,0.000074,9.308905,20.360869,4.809873,972.302291,15,0,stopped,,,frame_1781819039785.jpg,
2026-06-18 23:43:58.375,50,0.048131,0.167818,9.771267,334.701723,,,,,,,-0.000136,0.000244,0.000074,9.374979,19.889790,4.129167,972.302388,15,0,stopped,,,frame_1781819039852.jpg,
2026-06-18 23:43:58.425,50,0.038495,0.175209,9.767474,334.701723,,,,,,,-0.000136,0.000244,0.000074,8.694111,19.960061,4.841453,972.297088,15,0,stopped,,,frame_1781819039920.jpg,
2026-06-18 23:43:58.475,50,0.048898,0.162558,9.755473,334.701723,,,,,,,-0.000136,0.000244,0.000074,8.723231,20.255013,4.680342,972.293685,15,0,stopped,,,,
2026-06-18 23:43:58.525,50,0.048211,0.168465,9.774927,334.701723,,,,,,,-0.000136,0.000244,0.000074,8.848194,20.160552,4.702336,972.292363,15,0,stopped,,,frame_1781819039990.jpg,
2026-06-18 23:43:58.575,50,0.042999,0.167448,9.775057,334.701723,,,,,,,-0.000136,0.000244,0.000074,9.800648,20.053201,4.666160,972.291575,15,0,stopped,,,frame_1781819040051.jpg,
2026-06-18 23:43:58.625,50,0.048280,0.169337,9.764321,334.701723,,,,,,,-0.000136,0.000244,0.000074,9.174006,20.350474,4.300538,972.288166,15,0,stopped,,,frame_1781819040117.jpg,
2026-06-18 23:43:58.675,50,0.048952,0.163814,9.759322,334.701723,,,,,,,-0.000136,0.000244,0.000074,8.964122,20.136404,4.414303,972.284902,15,0,stopped,,,,
2026-06-18 23:43:58.725,50,0.052265,0.165037,9.762748,334.701723,,,,,,,-0.000136,0.000244,0.000074,9.023917,19.924657,4.527429,972.289623,15,0,stopped,,,frame_1781819040190.jpg,
2026-06-18 23:43:58.775,50,0.041344,0.162653,9.767973,334.701723,,,,,,,-0.000136,0.000244,0.000074,9.463667,20.119578,4.007767,972.291643,15,0,stopped,,,frame_1781819040254.jpg,
2026-06-18 23:43:58.825,50,0.047160,0.173390,9.771261,334.701723,,,,,,,-0.000136,0.000244,0.000074,9.168430,19.892175,4.505919,972.292969,15,0,stopped,,,frame_1781819040321.jpg,
2026-06-18 23:43:58.875,50,0.046605,0.165690,9.774537,334.701723,,,,,,,-0.000136,0.000244,0.000074,8.987580,20.016284,4.410195,972.288019,15,0,stopped,,,,
2026-06-18 23:43:58.925,50,0.039208,0.171661,9.760953,334.701723,,,,,,,-0.000136,0.000244,0.000074,9.051066,19.982018,4.827381,972.285777,15,0,stopped,,,frame_1781819040398.jpg,
2026-06-18 23:43:58.975,50,0.047734,0.171335,9.762432,334.701723,,,,,,,-0.000136,0.000244,0.000074,8.545815,20.244110,4.169206,972.287330,15,0,stopped,,,frame_1781819040455.jpg,
2026-06-18 23:43:59.025,50,0.055957,0.163350,9.761626,334.701723,,,,,,,-0.000136,0.000244,0.000074,9.031806,20.478104,4.691537,972.286597,15,0,stopped,,,frame_1781819040521.jpg,
2026-06-18 23:43:59.075,50,0.052966,0.167489,9.768611,334.701723,,,,,,,-0.000136,0.000244,0.000074,9.415424,19.883789,4.370292,972.285432,15,0,stopped,,,,
2026-06-18 23:43:59.125,50,0.048066,0.163471,9.759097,334.701723,,,,,,,-0.000136,0.000244,0.000074,8.897173,20.345831,4.377426,972.287100,15,0,stopped,,,frame_1781819040590.jpg,
2026-06-18 23:43:59.175,50,0.045415,0.166685,9.776123,334.701723,,,,,,,-0.000136,0.000244,0.000074,9.387133,20.156399,4.637772,972.285607,15,0,stopped,,,frame_1781819040654.jpg,
2026-06-18 23:43:59.225,50,0.052022,0.170895,9.764536,334.701723,,,,,,,-0.000136,0.000244,0.000074,8.784952,20.377226,3.937558,972.281033,15,0,stopped,,,frame_1781819040723.jpg,
2026-06-18 23:43:59.275,50,0.043307,0.157428,9.767753,334.701723,,,,,,,-0.000136,0.000244,0.000074,9.330507,20.126595,5.006307,972.283716,15,0,stopped,,,,
2026-06-18 23:43:59.325,50,0.043214,0.172204,9.763175,334.701723,,,,,,,-0.000136,0.000244,0.000074,8.890208,20.350633,4.350527,972.288007,15,0,stopped,,,frame_1781819040787.jpg,
2026-06-18 23:43:59.375,50,0.045859,0.171993,9.766795,334.701723,,,,,,,-0.000136,0.000244,0.000074,9.709299,19.995610,4.391762,972.297547,15,0,stopped,,,frame_1781819040857.jpg,
2026-06-18 23:43:59.425,50,0.042709,0.162664,9.763374,334.701723,,,,,,,-0.000136,0.000244,0.000074,8.981988,20.319657,4.802919,972.300262,15,0,stopped,,,frame_1781819040922.jpg,
2026-06-18 23:43:59.475,50,0.052018,0.166198,9.764323,334.701723,,,,,,,-0.000136,0.000244,0.000074,8.959974,20.115339,4.989171,972.301989,15,0,stopped,,,,
2026-06-18 23:43:59.525,50,0.042912,0.163808,9.771571,334.701723,,,,,,,-0.000136,0.000244,0.000074,8.868894,20.205376,4.535109,972.296715,15,0,stopped,,,frame_1781819040986.jpg,
2026-06-18 23:43:59.575,50,0.048644,0.168005,9.770515,334.701723,,,,,,,-0.000136,0.000244,0.000074,8.937297,20.348186,4.696818,972.294689,15,0,stopped,,,frame_1781819041054.jpg,
2026-06-18 23:43:59.625,50,0.040677,0.174602,9.768325,334.701723,,,,,,,-0.000136,0.000244,0.000074,9.540286,20.330936,5.052166,972.294738,15,0,stopped,,,frame_1781819041121.jpg,
2026-06-18 23:43:59.675,50,0.048070,0.171952,9.764411,334.701723,,,,,,,-0.000136,0.000244,0.000074,9.098333,20.170533,4.648923,972.296834,15,0,stopped,,,,
2026-06-18 23:43:59.725,50,0.044351,0.168644,9.766924,334.701723,,,,,,,-0.000136,0.000244,0.000074,9.611666,20.030414,4.175679,972.297598,15,0,stopped,,,frame_1781819041189.jpg,
2026-06-18 23:43:59.775,50,0.041791,0.170192,9.746314,334.701723,,,,,,,-0.000136,0.000244,0.000074,9.628620,20.364369,5.391337,972.293550,15,0,stopped,,,frame_1781819041258.jpg,
2026-06-18 23:43:59.825,50,0.055042,0.164753,9.704804,334.701723,,,,,,,-0.000136,0.000244,0.000074,9.408984,20.383339,5.016350,972.289314,15,0,stopped,,,frame_1781819041321.jpg,
2026-06-18 23:43:59.875,50,0.042843,0.163386,9.749048,334.701723,,,,,,,-0.000136,0.000244,0.000074,9.249589,20.247197,4.840522,972.286855,15,0,stopped,,,,
2026-06-18 23:43:59.925,50,0.049425,0.164549,9.750031,334.701723,,,,,,,-0.000136,0.000244,0.000074,9.254253,20.058116,4.875241,972.294725,15,0,stopped,,,frame_1781819041388.jpg,
2026-06-18 23:43:59.975,50,0.049972,0.168920,9.746997,334.701723,,,,,,,-0.000136,0.000244,0.000074,9.554490,20.119144,4.922960,972.298051,15,0,stopped,,,frame_1781819041455.jpg,
2026-06-18 23:44:00.025,50,0.046233,0.162596,9.756343,334.701723,,,,,,,-0.000136,0.000244,0.000074,9.404909,20.380452,4.383596,972.296947,15,0,stopped,,,frame_1781819041519.jpg,
2026-06-18 23:44:00.075,50,0.043191,0.163196,9.762725,334.701723,,,,,,,-0.000136,0.000244,0.000074,9.327416,20.284673,4.666914,972.293623,15,0,stopped,,,,
2026-06-18 23:44:00.125,50,0.050571,0.175713,9.771311,334.701723,,,,,,,-0.000136,0.000244,0.000074,9.467957,20.108639,4.672600,972.291654,15,0,stopped,,,frame_1781819041588.jpg,
2026-06-18 23:44:00.175,50,0.045852,0.166539,9.763680,334.701723,,,,,,,-0.000136,0.000244,0.000074,9.414584,20.570431,5.045640,972.294487,15,0,stopped,,,frame_1781819041655.jpg,
2026-06-18 23:44:00.225,50,0.045965,0.163477,9.765167,334.701723,,,,,,,-0.000136,0.000244,0.000074,9.428725,20.093399,4.775695,972.297396,15,0,stopped,,,frame_1781819041719.jpg,
2026-06-18 23:44:00.275,50,0.045150,0.171814,9.775857,334.701723,,,,,,,-0.000136,0.000244,0.000074,9.481324,20.383988,5.077600,972.298636,15,0,stopped,,,,
2026-06-18 23:44:00.325,50,0.045018,0.173246,9.768747,334.701723,,,,,,,-0.000136,0.000244,0.000074,9.481901,20.186573,5.178604,972.287837,15,0,stopped,,,frame_1781819041786.jpg,
2026-06-18 23:44:00.375,50,0.049041,0.163262,9.768474,334.701723,,,,,,,-0.000136,0.000244,0.000074,9.332666,20.039668,4.735553,972.284961,15,0,stopped,,,frame_1781819041855.jpg,
2026-06-18 23:44:00.425,50,0.042816,0.164672,9.773752,334.701723,,,,,,,-0.000136,0.000244,0.000074,9.169719,20.209705,4.525931,972.290174,15,0,stopped,,,frame_1781819041920.jpg,
2026-06-18 23:44:00.475,50,0.035428,0.174300,9.765973,334.701723,,,,,,,-0.000136,0.000244,0.000074,9.472024,19.976206,5.364887,972.295640,15,0,stopped,,,,
2026-06-18 23:44:00.525,50,0.039154,0.166470,9.772948,334.701723,,,,,,,-0.000136,0.000244,0.000074,9.278484,20.079902,5.152766,972.299066,15,0,stopped,,,frame_1781819041986.jpg,
2026-06-18 23:44:00.575,50,0.050548,0.163537,9.772053,334.701723,,,,,,,-0.000136,0.000244,0.000074,9.266741,20.227499,5.243515,972.298708,15,0,stopped,,,frame_1781819042052.jpg,
2026-06-18 23:44:00.625,50,0.042551,0.160891,9.769608,334.701723,,,,,,,-0.000136,0.000244,0.000074,9.490727,20.225965,4.611328,972.298146,15,0,stopped,,,frame_1781819042124.jpg,
2026-06-18 23:44:00.675,50,0.041276,0.167457,9.773410,334.701723,,,,,,,-0.000136,0.000244,0.000074,8.951339,20.389307,4.889698,972.297230,15,0,stopped,,,,
2026-06-18 23:44:00.725,50,0.047644,0.169333,9.764500,334.701723,,,,,,,-0.000136,0.000244,0.000074,9.578361,20.308829,4.446247,972.292492,15,0,stopped,,,frame_1781819042188.jpg,
2026-06-18 23:44:00.775,50,0.043382,0.162601,9.774881,334.701723,,,,,,,-0.000136,0.000244,0.000074,9.528900,20.278991,5.081385,972.289444,15,0,stopped,,,frame_1781819042257.jpg,
2026-06-18 23:44:00.825,50,0.037496,0.164641,9.768935,334.701723,,,,,,,-0.000136,0.000244,0.000074,9.908132,20.231381,5.305734,972.288796,15,0,stopped,,,frame_1781819042324.jpg,
2026-06-18 23:44:00.875,50,0.041076,0.169018,9.767299,334.701723,,,,,,,-0.000136,0.000244,0.000074,9.646948,20.061856,5.239437,972.290348,15,0,stopped,,,,
2026-06-18 23:44:00.925,50,0.051590,0.164124,9.776680,334.701723,,,,,,,-0.000136,0.000244,0.000074,9.166035,20.102120,4.465421,972.295755,15,0,stopped,,,frame_1781819042389.jpg,
2026-06-18 23:44:00.975,50,0.047108,0.167219,9.770179,334.701723,,,,,,,-0.000136,0.000244,0.000074,9.285594,20.353072,4.378253,972.300287,15,0,stopped,,,frame_1781819042461.jpg,
2026-06-18 23:44:01.025,50,0.044739,0.168130,9.765279,334.701723,,,,,,,-0.000136,0.000244,0.000074,9.070589,20.013769,4.666185,972.300318,15,0,stopped,,,,
2026-06-18 23:44:01.075,50,0.045689,0.171981,9.768072,334.701723,,,,,,,-0.000136,0.000244,0.000074,9.045785,20.478193,5.186181,972.298219,15,0,stopped,,,frame_1781819042527.jpg,
2026-06-18 23:44:01.125,50,0.045066,0.171175,9.764808,334.701723,,,,,,,-0.000136,0.000244,0.000074,9.205145,20.355241,4.520333,972.300732,15,0,stopped,,,frame_1781819042588.jpg,
2026-06-18 23:44:01.175,50,0.041863,0.166212,9.760508,334.701723,,,,,,,-0.000136,0.000244,0.000074,9.417872,20.294271,4.286394,972.301568,15,0,stopped,,,frame_1781819042651.jpg,
2026-06-18 23:44:01.225,50,0.047001,0.159447,9.768329,334.701723,,,,,,,-0.000136,0.000244,0.000074,9.299238,19.565682,4.671503,972.298527,15,0,stopped,,,frame_1781819042722.jpg,
2026-06-18 23:44:01.275,50,0.045860,0.172370,9.769927,334.701723,,,,,,,-0.000136,0.000244,0.000074,9.256327,20.183721,5.046084,972.292666,15,0,stopped,,,,
2026-06-18 23:44:01.325,50,0.043291,0.166822,9.764567,334.701723,,,,,,,-0.000136,0.000244,0.000074,9.410343,20.136358,4.727759,972.286445,15,0,stopped,,,frame_1781819042787.jpg,
2026-06-18 23:44:01.375,50,0.040028,0.170287,9.769712,334.701723,,,,,,,-0.000136,0.000244,0.000074,8.845022,20.092810,4.867711,972.293225,15,0,stopped,,,frame_1781819042853.jpg,
2026-06-18 23:44:01.425,50,0.050825,0.176789,9.764233,334.701723,,,,,,,-0.000136,0.000244,0.000074,9.019474,20.045412,4.367600,972.294583,15,0,stopped,,,,
2026-06-18 23:44:01.475,50,0.052868,0.172186,9.764346,334.701723,,,,,,,-0.000136,0.000244,0.000074,9.412270,20.017763,4.774866,972.292038,15,0,stopped,,,frame_1781819042929.jpg,
2026-06-18 23:44:01.525,50,0.049407,0.171669,9.767352,334.701723,,,,,,,-0.000136,0.000244,0.000074,8.815889,19.903261,4.938798,972.295651,15,0,stopped,,,frame_1781819042988.jpg,
2026-06-18 23:44:01.575,50,0.044431,0.166411,9.772205,334.701723,,,,,,,-0.000136,0.000244,0.000074,9.504212,20.266933,4.717874,972.298933,15,0,stopped,,,frame_1781819043053.jpg,
2026-06-18 23:44:01.625,50,0.042781,0.169514,9.765797,334.701723,,,,,,,-0.000136,0.000244,0.000074,9.465928,19.906167,4.639654,972.300023,15,0,stopped,,,frame_1781819043125.jpg,
2026-06-18 23:44:01.675,50,0.046476,0.166244,9.765945,334.701723,,,,,,,-0.000136,0.000244,0.000074,9.125476,20.241099,4.406519,972.301326,15,0,stopped,,,,
2026-06-18 23:44:01.725,50,0.044542,0.168135,9.772583,334.701723,,,,,,,-0.000136,0.000244,0.000074,9.435513,20.419266,4.543206,972.302791,15,0,stopped,,,frame_1781819043189.jpg,
2026-06-18 23:44:01.775,50,0.042409,0.171019,9.769989,334.701723,,,,,,,-0.000136,0.000244,0.000074,9.686738,19.823568,4.823538,972.302139,15,0,stopped,,,frame_1781819043254.jpg,
2026-06-18 23:44:01.825,50,0.043480,0.167964,9.766382,334.701723,,,,,,,-0.000136,0.000244,0.000074,9.206070,20.281606,4.688635,972.302518,15,0,stopped,,,frame_1781819043323.jpg,
2026-06-18 23:44:01.875,50,0.047278,0.162528,9.766666,334.701723,,,,,,,-0.000136,0.000244,0.000074,9.048207,20.276808,5.169107,972.305574,15,0,stopped,,,,
2026-06-18 23:44:01.925,50,0.046987,0.170113,9.771975,334.701723,,,,,,,-0.000136,0.000244,0.000074,9.171527,19.891415,4.627110,972.300408,15,0,stopped,,,frame_1781819043387.jpg,
2026-06-18 23:44:01.975,50,0.045221,0.169978,9.766198,334.701723,,,,,,,-0.000136,0.000244,0.000074,9.032684,20.078362,4.692481,972.296846,15,0,stopped,,,frame_1781819043457.jpg,
2026-06-18 23:44:02.025,50,0.050154,0.171846,9.765160,334.701723,,,,,,,-0.000136,0.000244,0.000074,8.723100,20.649875,4.779463,972.303090,15,0,stopped,,,,
2026-06-18 23:44:02.075,50,0.047467,0.166608,9.771622,334.701723,,,,,,,-0.000136,0.000244,0.000074,9.062942,20.045526,4.313006,972.302948,15,0,stopped,,,frame_1781819043529.jpg,
2026-06-18 23:44:02.125,50,0.042197,0.172331,9.768803,334.701723,,,,,,,-0.000136,0.000244,0.000074,9.348087,20.488576,4.451009,972.301636,15,0,stopped,,,frame_1781819043588.jpg,
2026-06-18 23:44:02.175,50,0.047591,0.162872,9.756342,334.701723,,,,,,,-0.000136,0.000244,0.000074,9.418031,20.436713,4.475232,972.301636,15,0,stopped,,,frame_1781819043664.jpg,
2026-06-18 23:44:02.225,50,0.050714,0.171101,9.771311,334.701723,,,,,,,-0.000136,0.000244,0.000074,8.851285,20.231220,4.789924,972.301464,15,0,stopped,,,frame_1781819043724.jpg,
2026-06-18 23:44:02.275,50,0.052216,0.187820,9.761614,334.701723,,,,,,,-0.000136,0.000244,0.000074,9.419170,20.400866,4.378125,972.300658,15,0,stopped,,,,
2026-06-18 23:44:02.325,50,0.066205,0.184454,9.784606,334.701723,,,,,,,-0.000136,0.000244,0.000074,9.080744,20.391365,5.022542,972.298772,15,0,stopped,,,frame_1781819043792.jpg,
2026-06-18 23:44:02.375,50,0.071455,0.129053,9.766621,334.701723,,,,,,,-0.000136,0.000244,0.000074,9.684325,20.524726,4.245842,972.297398,15,0,stopped,,,frame_1781819043862.jpg,
2026-06-18 23:44:02.425,50,0.038246,0.158202,9.791795,334.701723,,,,,,,-0.000136,0.000244,0.000074,8.809501,20.073609,4.928716,972.304516,15,0,stopped,,,,
2026-06-18 23:44:02.475,50,0.038855,0.204824,9.789678,334.701723,,,,,,,-0.000136,0.000244,0.000074,8.748593,20.289274,4.609344,972.304320,15,0,stopped,,,frame_1781819043927.jpg,
2026-06-18 23:44:02.525,50,0.038736,0.166404,9.769694,334.701723,,,,,,,-0.000136,0.000244,0.000074,8.513153,20.470973,4.510919,972.301807,15,0,stopped,,,frame_1781819043991.jpg,
2026-06-18 23:44:02.575,50,0.051070,0.179284,9.762747,334.701723,,,,,,,-0.000136,0.000244,0.000074,9.252436,19.952261,4.246235,972.295094,15,0,stopped,,,frame_1781819044063.jpg,
2026-06-18 23:44:02.625,50,0.059082,0.171666,9.772793,334.701723,,,,,,,-0.000136,0.000244,0.000074,8.989688,20.301399,4.011990,972.295031,15,0,stopped,,,,
2026-06-18 23:44:02.675,50,0.045830,0.158447,9.769241,334.701723,,,,,,,-0.000136,0.000244,0.000074,9.290730,20.405281,4.441822,972.303914,15,0,stopped,,,frame_1781819044127.jpg,
2026-06-18 23:44:02.725,50,0.028473,0.156346,9.763750,334.701723,,,,,,,-0.000136,0.000244,0.000074,9.087793,19.953278,4.241008,972.301416,15,0,stopped,,,frame_1781819044192.jpg,
2026-06-18 23:44:02.775,50,0.034560,0.155769,9.765095,334.701723,,,,,,,-0.000136,0.000244,0.000074,8.926361,19.839811,3.831667,972.298390,15,0,stopped,,,frame_1781819044266.jpg,
2026-06-18 23:44:02.825,50,0.056780,0.187433,9.766040,334.701723,,,,,,,-0.000136,0.000244,0.000074,9.311942,20.165207,4.260257,972.299649,15,0,stopped,,,frame_1781819044325.jpg,
2026-06-18 23:44:02.875,50,0.042088,0.171128,9.768057,334.701723,,,,,,,-0.000136,0.000244,0.000074,9.069981,20.405004,4.431954,972.302063,15,0,stopped,,,,
2026-06-18 23:44:02.925,50,0.008741,0.144591,9.767854,334.701723,,,,,,,-0.000136,0.000244,0.000074,9.368381,20.111441,4.312495,972.305907,15,0,stopped,,,frame_1781819044389.jpg,
2026-06-18 23:44:02.975,50,0.027950,0.128745,9.788203,334.701723,,,,,,,-0.000136,0.000244,0.000074,8.412906,20.226484,4.802292,972.305538,15,0,stopped,,,frame_1781819044465.jpg,
2026-06-18 23:44:03.025,50,0.068857,0.155893,9.782318,334.701723,,,,,,,-0.000136,0.000244,0.000074,8.665236,20.283845,4.553382,972.303909,15,0,stopped,,,,
2026-06-18 23:44:03.075,50,0.088278,0.236905,9.773567,334.701723,,,,,,,-0.000136,0.000244,0.000074,8.961605,20.340937,4.195017,972.296281,15,0,stopped,,,frame_1781819044527.jpg,
2026-06-18 23:44:03.125,50,0.055254,0.229757,9.769372,334.701723,,,,,,,-0.000136,0.000244,0.000074,9.169548,20.508561,4.445929,972.297092,15,0,stopped,,,frame_1781819044595.jpg,
2026-06-18 23:44:03.175,50,0.015071,0.151163,9.779365,334.701723,,,,,,,-0.000136,0.000244,0.000074,8.639975,20.244939,4.450368,972.299425,15,0,stopped,,,frame_1781819044664.jpg,
2026-06-18 23:44:03.225,50,0.037723,0.134922,9.772654,334.701723,,,,,,,-0.000136,0.000244,0.000074,8.987594,20.024322,4.271306,972.308438,15,0,stopped,,,frame_1781819044723.jpg,
2026-06-18 23:44:03.275,50,0.065789,0.135593,9.774027,334.701723,,,,,,,-0.000136,0.000244,0.000074,8.913631,20.375910,4.335057,972.308451,15,0,stopped,,,,
2026-06-18 23:44:03.325,50,0.046701,0.191277,9.770869,334.701723,,,,,,,-0.000136,0.000244,0.000074,9.351406,20.393380,3.898520,972.300656,15,0,stopped,,,frame_1781819044789.jpg,
2026-06-18 23:44:03.375,50,0.031794,0.212002,9.767763,334.701723,,,,,,,-0.000136,0.000244,0.000074,9.505909,20.448693,5.108157,972.301784,15,0,stopped,,,frame_1781819044857.jpg,
2026-06-18 23:44:03.425,50,0.048269,0.152420,9.766786,334.701723,,,,,,,-0.000136,0.000244,0.000074,9.600690,20.202489,4.160584,972.303950,15,0,stopped,,,frame_1781819044923.jpg,
2026-06-18 23:44:03.475,50,0.061959,0.130801,9.771450,334.701723,,,,,,,-0.000136,0.000244,0.000074,8.821552,19.741352,4.325880,972.306849,15,0,stopped,,,,
2026-06-18 23:44:03.525,50,0.038837,0.173580,9.767895,334.701723,,,,,,,-0.000136,0.000244,0.000074,9.274150,20.233803,4.160200,972.305138,15,0,stopped,,,frame_1781819044988.jpg,
2026-06-18 23:44:03.575,50,0.039962,0.198952,9.764951,334.701723,,,,,,,-0.000136,0.000244,0.000074,9.001070,19.724864,4.327580,972.302654,15,0,stopped,,,frame_1781819045055.jpg,
2026-06-18 23:44:03.625,50,0.060600,0.161218,9.765326,334.701723,,,,,,,-0.000136,0.000244,0.000074,9.223200,19.931526,4.376274,972.301251,15,0,stopped,,,frame_1781819045125.jpg,
2026-06-18 23:44:03.675,50,0.045821,0.143423,9.748044,334.701723,,,,,,,-0.000136,0.000244,0.000074,8.955858,20.386035,4.245600,972.301584,15,0,stopped,,,,
2026-06-18 23:44:03.725,50,0.023067,0.154275,9.758127,334.701723,,,,,,,-0.000136,0.000244,0.000074,9.293880,20.171077,4.385566,972.304147,15,0,stopped,,,frame_1781819045190.jpg,
2026-06-18 23:44:03.775,50,0.043734,0.184051,9.761635,334.701723,,,,,,,-0.000136,0.000244,0.000074,8.730046,19.494500,4.526880,972.296853,15,0,stopped,,,frame_1781819045262.jpg,
2026-06-18 23:44:03.825,50,0.066818,0.182957,9.754955,334.701723,,,,,,,-0.000136,0.000244,0.000074,9.033012,20.178521,3.980470,972.290444,15,0,stopped,,,frame_1781819045324.jpg,
2026-06-18 23:44:03.875,50,0.039596,0.161337,9.763581,334.701723,,,,,,,-0.000136,0.000244,0.000074,9.186048,20.152498,3.798895,972.296911,15,0,stopped,,,,
2026-06-18 23:44:03.925,50,0.026304,0.159399,9.766032,334.701723,,,,,,,-0.000136,0.000244,0.000074,9.549517,20.272667,3.836034,972.297913,15,0,stopped,,,frame_1781819045389.jpg,
2026-06-18 23:44:03.975,50,0.053552,0.159983,9.764283,334.701723,,,,,,,-0.000136,0.000244,0.000074,9.192634,20.013733,4.083007,972.298090,15,0,stopped,,,frame_1781819045459.jpg,
2026-06-18 23:44:04.025,50,0.065536,0.170311,9.766565,334.701723,,,,,,,-0.000136,0.000244,0.000074,9.555607,19.972679,4.449070,972.297904,15,0,stopped,,,,
2026-06-18 23:44:04.075,50,0.041531,0.185816,9.769528,334.701723,,,,,,,-0.000136,0.000244,0.000074,9.685164,20.369684,5.256830,972.298123,15,0,stopped,,,frame_1781819045526.jpg,
2026-06-18 23:44:04.125,50,0.028527,0.176044,9.763987,334.701723,,,,,,,-0.000136,0.000244,0.000074,9.200446,20.176721,4.407612,972.299177,15,0,stopped,,,frame_1781819045589.jpg,
2026-06-18 23:44:04.175,50,0.062867,0.153528,9.761371,334.701723,,,,,,,-0.000136,0.000244,0.000074,9.301708,20.186855,4.454460,972.303055,15,0,stopped,,,frame_1781819045659.jpg,
2026-06-18 23:44:04.225,50,0.071842,0.157575,9.770351,334.701723,,,,,,,-0.000136,0.000244,0.000074,8.836088,20.085059,4.381407,972.306275,15,0,stopped,,,,
2026-06-18 23:44:04.275,50,0.019300,0.176208,9.759979,334.701723,,,,,,,-0.000136,0.000244,0.000074,9.324343,20.201062,4.953458,972.300802,15,0,stopped,,,frame_1781819045729.jpg,
2026-06-18 23:44:04.325,50,0.027508,0.175344,9.766677,334.701723,,,,,,,-0.000136,0.000244,0.000074,9.021182,20.031667,4.742132,972.300600,15,0,stopped,,,frame_1781819045795.jpg,
2026-06-18 23:44:04.375,50,0.080305,0.157885,9.767934,334.701723,,,,,,,-0.000136,0.000244,0.000074,9.502432,20.473083,4.733432,972.303294,15,0,stopped,,,frame_1781819045859.jpg,
2026-06-18 23:44:04.425,50,0.060474,0.171799,9.765802,334.701723,,,,,,,-0.000136,0.000244,0.000074,9.516000,20.037914,4.174675,972.304269,15,0,stopped,,,,
2026-06-18 23:44:04.475,50,0.013330,0.181311,9.762300,334.701723,,,,,,,-0.000136,0.000244,0.000074,9.191801,20.096197,4.227751,972.303455,15,0,stopped,,,frame_1781819045932.jpg,
2026-06-18 23:44:04.525,50,0.036391,0.164333,9.764732,334.701723,,,,,,,-0.000136,0.000244,0.000074,8.935323,19.848824,4.534616,972.298095,15,0,stopped,,,frame_1781819045995.jpg,
2026-06-18 23:44:04.575,50,0.067417,0.152433,9.771563,334.701723,,,,,,,-0.000136,0.000244,0.000074,8.685809,19.883619,4.281957,972.293459,15,0,stopped,,,frame_1781819046059.jpg,
2026-06-18 23:44:04.625,50,0.063115,0.164916,9.766150,334.701723,,,,,,,-0.000136,0.000244,0.000074,9.504163,20.196149,4.363851,972.292627,15,0,stopped,,,,
2026-06-18 23:44:04.675,50,0.019721,0.187078,9.785863,334.701723,,,,,,,-0.000136,0.000244,0.000074,9.313849,20.295176,4.094866,972.299490,15,0,stopped,,,frame_1781819046128.jpg,
2026-06-18 23:44:04.725,50,0.028013,0.168792,9.769003,334.701723,,,,,,,-0.000136,0.000244,0.000074,9.053023,19.950789,4.865005,972.301863,15,0,stopped,,,frame_1781819046197.jpg,
2026-06-18 23:44:04.775,50,0.072373,0.160974,9.763132,334.701723,,,,,,,-0.000136,0.000244,0.000074,9.160945,20.262544,4.805518,972.302726,15,0,stopped,,,frame_1781819046257.jpg,
2026-06-18 23:44:04.825,50,0.052208,0.155246,9.770320,334.701723,,,,,,,-0.000136,0.000244,0.000074,8.554454,19.932435,4.310878,972.301728,15,0,stopped,,,,
2026-06-18 23:44:04.875,50,0.029647,0.179617,9.772652,334.701723,,,,,,,-0.000136,0.000244,0.000074,9.268355,20.092444,4.429214,972.300478,15,0,stopped,,,frame_1781819046326.jpg,
2026-06-18 23:44:04.925,50,0.039279,0.158752,9.761770,334.701723,,,,,,,-0.000136,0.000244,0.000074,8.829891,20.277368,4.124232,972.298517,15,0,stopped,,,frame_1781819046394.jpg,
2026-06-18 23:44:04.975,50,0.058750,0.159300,9.762254,334.701723,,,,,,,-0.000136,0.000244,0.000074,9.043847,20.163408,4.080679,972.297111,15,0,stopped,,,frame_1781819046456.jpg,
2026-06-18 23:44:05.025,50,0.051483,0.187192,9.766767,334.701723,,,,,,,-0.000136,0.000244,0.000074,9.125600,19.995800,4.255747,972.295386,15,0,stopped,,,,
2026-06-18 23:44:05.075,50,0.034808,0.168431,9.758878,334.701723,,,,,,,-0.000136,0.000244,0.000074,8.385756,20.436539,4.346636,972.288321,15,0,stopped,,,frame_1781819046528.jpg,
2026-06-18 23:44:05.125,50,0.035537,0.167409,9.761399,334.701723,,,,,,,-0.000136,0.000244,0.000074,9.107791,20.345034,3.997050,972.290135,15,0,stopped,,,frame_1781819046591.jpg,
2026-06-18 23:44:05.175,50,0.047430,0.169692,9.763233,334.701723,,,,,,,-0.000136,0.000244,0.000074,9.612488,19.911764,4.586534,972.303227,15,0,stopped,,,frame_1781819046658.jpg,
2026-06-18 23:44:05.225,50,0.050103,0.144996,9.765753,334.701723,,,,,,,-0.000136,0.000244,0.000074,9.680253,20.198683,4.949344,972.300831,15,0,stopped,,,frame_1781819046725.jpg,
2026-06-18 23:44:05.275,50,0.050510,0.162725,9.770035,334.701723,,,,,,,-0.000136,0.000244,0.000074,9.578690,19.831559,4.313483,972.297973,15,0,stopped,,,,
2026-06-18 23:44:05.325,50,0.041932,0.172768,9.776936,334.701723,,,,,,,-0.000136,0.000244,0.000074,9.283878,20.396112,4.438665,972.296482,15,0,stopped,,,frame_1781819046803.jpg,
2026-06-18 23:44:05.375,50,0.042400,0.174733,9.764639,334.701723,,,,,,,-0.000136,0.000244,0.000074,9.398724,19.965981,4.523843,972.297346,15,0,stopped,,,frame_1781819046857.jpg,
2026-06-18 23:44:05.425,50,0.046616,0.167602,9.777296,334.701723,,,,,,,-0.000136,0.000244,0.000074,8.886044,20.195068,4.011988,972.299659,15,0,stopped,,,,
2026-06-18 23:44:05.475,50,0.052606,0.160542,9.760900,334.701723,,,,,,,-0.000136,0.000244,0.000074,9.101312,20.356489,4.248912,972.301441,15,0,stopped,,,frame_1781819046926.jpg,
2026-06-18 23:44:05.525,50,0.035872,0.160872,9.768194,334.701723,,,,,,,-0.000136,0.000244,0.000074,9.424100,20.304516,4.657831,972.299912,15,0,stopped,,,frame_1781819046994.jpg,
2026-06-18 23:44:05.575,50,0.041483,0.184997,9.755040,334.701723,,,,,,,-0.000136,0.000244,0.000074,8.987326,20.785700,4.236752,972.294203,15,0,stopped,,,frame_1781819047062.jpg,
2026-06-18 23:44:05.625,50,0.043431,0.197900,9.772661,334.701723,,,,,,,-0.000136,0.000244,0.000074,8.713907,19.705662,4.045768,972.296285,15,0,stopped,,,,
2026-06-18 23:44:05.675,50,0.041580,0.157833,9.775164,334.701723,,,,,,,-0.000136,0.000244,0.000074,8.863118,20.338486,3.950217,972.298063,15,0,stopped,,,frame_1781819047127.jpg,
2026-06-18 23:44:05.725,50,0.060153,0.137863,9.762209,334.701723,,,,,,,-0.000136,0.000244,0.000074,8.822991,19.599514,3.782000,972.298706,15,0,stopped,,,frame_1781819047191.jpg,
2026-06-18 23:44:05.775,50,0.033054,0.163294,9.766657,334.701723,,,,,,,-0.000136,0.000244,0.000074,9.230282,20.305015,4.266699,972.295617,15,0,stopped,,,frame_1781819047262.jpg,
2026-06-18 23:44:05.825,50,0.035349,0.198474,9.758472,334.701723,,,,,,,-0.000136,0.000244,0.000074,9.214100,20.058458,4.200338,972.289158,15,0,stopped,,,,
2026-06-18 23:44:05.875,50,0.053965,0.179828,9.764797,334.701723,,,,,,,-0.000136,0.000244,0.000074,9.240014,20.572068,4.569679,972.295894,15,0,stopped,,,frame_1781819047327.jpg,
2026-06-18 23:44:05.925,50,0.057210,0.133946,9.779679,334.701723,,,,,,,-0.000136,0.000244,0.000074,9.376707,19.922994,4.698969,972.299416,15,0,stopped,,,frame_1781819047393.jpg,
2026-06-18 23:44:05.975,50,0.039155,0.161593,9.772102,334.701723,,,,,,,-0.000136,0.000244,0.000074,9.247600,20.361799,5.061219,972.301256,15,0,stopped,,,frame_1781819047463.jpg,
2026-06-18 23:44:06.025,50,0.024421,0.202690,9.769552,334.701723,,,,,,,-0.000136,0.000244,0.000074,9.330746,20.327234,5.083567,972.300643,15,0,stopped,,,,
2026-06-18 23:44:06.075,50,0.044000,0.189377,9.775001,334.701723,,,,,,,-0.000136,0.000244,0.000074,9.052777,20.348981,4.354323,972.299392,15,0,stopped,,,frame_1781819047537.jpg,
2026-06-18 23:44:06.125,50,0.069219,0.139186,9.774188,334.701723,,,,,,,-0.000136,0.000244,0.000074,9.184186,20.125605,4.190709,972.293539,15,0,stopped,,,frame_1781819047595.jpg,
2026-06-18 23:44:06.175,50,0.043233,0.140740,9.770490,334.701723,,,,,,,-0.000136,0.000244,0.000074,9.150218,20.349399,4.160512,972.293385,15,0,stopped,,,frame_1781819047661.jpg,
2026-06-18 23:44:06.225,50,0.029028,0.177309,9.769520,334.701723,,,,,,,-0.000136,0.000244,0.000074,9.487418,20.050558,4.282200,972.294629,15,0,stopped,,,,
2026-06-18 23:44:06.275,50,0.039033,0.194818,9.769785,334.701723,,,,,,,-0.000136,0.000244,0.000074,9.441537,20.347875,4.164970,972.292403,15,0,stopped,,,frame_1781819047729.jpg,
2026-06-18 23:44:06.325,50,0.063884,0.175013,9.770079,334.701723,,,,,,,-0.000136,0.000244,0.000074,8.866923,20.248618,3.877223,972.292485,15,0,stopped,,,frame_1781819047794.jpg,
2026-06-18 23:44:06.375,50,0.045627,0.157259,9.760505,334.701723,,,,,,,-0.000136,0.000244,0.000074,8.841894,20.334401,3.649617,972.295569,15,0,stopped,,,frame_1781819047858.jpg,
2026-06-18 23:44:06.425,50,0.033733,0.155449,9.764639,334.701723,,,,,,,-0.000136,0.000244,0.000074,9.687671,19.851908,4.752526,972.300566,15,0,stopped,,,,
2026-06-18 23:44:06.475,50,0.061368,0.165556,9.763343,334.701723,,,,,,,-0.000136,0.000244,0.000074,9.417071,20.094208,4.476360,972.303267,15,0,stopped,,,frame_1781819047928.jpg,
2026-06-18 23:44:06.525,50,0.059983,0.173889,9.764452,334.701723,,,,,,,-0.000136,0.000244,0.000074,8.415350,19.919188,4.372916,972.302387,15,0,stopped,,,frame_1781819047992.jpg,
2026-06-18 23:44:06.575,50,0.038297,0.178489,9.766753,334.701723,,,,,,,-0.000136,0.000244,0.000074,8.351465,19.906020,4.549648,972.300673,15,0,stopped,,,frame_1781819048055.jpg,
2026-06-18 23:44:06.625,50,0.043065,0.161504,9.771543,334.701723,,,,,,,-0.000136,0.000244,0.000074,8.866361,20.485603,4.527864,972.297864,15,0,stopped,,,,
2026-06-18 23:44:06.675,50,0.060602,0.138187,9.765129,334.701723,,,,,,,-0.000136,0.000244,0.000074,9.278854,20.071734,4.551636,972.297385,15,0,stopped,,,frame_1781819048126.jpg,
2026-06-18 23:44:06.725,50,0.049992,0.172196,9.771980,334.701723,,,,,,,-0.000136,0.000244,0.000074,9.652184,20.006729,5.147717,972.297799,15,0,stopped,,,frame_1781819048197.jpg,
2026-06-18 23:44:06.775,50,0.032984,0.190177,9.765190,334.701723,,,,,,,-0.000136,0.000244,0.000074,9.107360,20.170416,4.172923,972.299762,15,0,stopped,,,frame_1781819048263.jpg,
2026-06-18 23:44:06.825,50,0.033801,0.175898,9.769213,334.701723,,,,,,,-0.000136,0.000244,0.000074,9.004255,20.191788,4.343824,972.296486,15,0,stopped,,,,
2026-06-18 23:44:06.875,50,0.064333,0.131711,9.765832,334.701723,,,,,,,-0.000136,0.000244,0.000074,8.933305,20.228811,4.684237,972.294196,15,0,stopped,,,frame_1781819048329.jpg,
2026-06-18 23:44:06.925,50,0.055186,0.168647,9.766512,334.701723,,,,,,,-0.000136,0.000244,0.000074,9.104981,20.027041,4.585093,972.299294,15,0,stopped,,,frame_1781819048393.jpg,
2026-06-18 23:44:06.975,50,0.040906,0.180511,9.764722,334.701723,,,,,,,-0.000136,0.000244,0.000074,9.614816,20.015580,4.575307,972.301039,15,0,stopped,,,frame_1781819048472.jpg,
2026-06-18 23:44:07.025,50,0.049335,0.172823,9.763089,334.701723,,,,,,,-0.000136,0.000244,0.000074,9.578926,19.991015,4.726048,972.302622,15,0,stopped,,,,
2026-06-18 23:44:07.075,50,0.051384,0.161341,9.762167,334.701723,,,,,,,-0.000136,0.000244,0.000074,9.831472,20.445267,4.467200,972.306651,15,0,stopped,,,frame_1781819048531.jpg,
2026-06-18 23:44:07.125,50,0.024020,0.174025,9.758527,334.701723,,,,,,,-0.000136,0.000244,0.000074,9.079154,20.037677,4.448220,972.307488,15,0,stopped,,,frame_1781819048593.jpg,
2026-06-18 23:44:07.175,50,0.038250,0.192209,9.762361,334.701723,,,,,,,-0.000136,0.000244,0.000074,8.778290,20.533154,5.189645,972.295210,15,0,stopped,,,frame_1781819048663.jpg,
2026-06-18 23:44:07.225,50,0.056062,0.153751,9.772892,334.701723,,,,,,,-0.000136,0.000244,0.000074,9.134631,19.858375,4.930373,972.295330,15,0,stopped,,,,
2026-06-18 23:44:07.275,50,0.052064,0.158427,9.769858,334.701723,,,,,,,-0.000136,0.000244,0.000074,9.211351,19.825220,4.587019,972.295776,15,0,stopped,,,frame_1781819048729.jpg,
2026-06-18 23:44:07.325,50,0.038905,0.184040,9.767240,334.701723,,,,,,,-0.000136,0.000244,0.000074,9.030470,20.013086,4.428238,972.295776,15,0,stopped,,,frame_1781819048795.jpg,
2026-06-18 23:44:07.375,50,0.045727,0.174035,9.771281,334.701723,,,,,,,-0.000136,0.000244,0.000074,9.615997,20.173539,4.385963,972.296310,15,0,stopped,,,frame_1781819048859.jpg,
2026-06-18 23:44:07.425,50,0.052126,0.164877,9.765517,334.701723,,,,,,,-0.000136,0.000244,0.000074,9.516000,19.993739,4.726195,972.298071,15,0,stopped,,,,
2026-06-18 23:44:07.475,50,0.041865,0.151357,9.763131,334.701723,,,,,,,-0.000136,0.000244,0.000074,9.125786,19.911999,4.778470,972.303363,15,0,stopped,,,frame_1781819048937.jpg,
2026-06-18 23:44:07.525,50,0.035189,0.172095,9.766159,334.701723,,,,,,,-0.000136,0.000244,0.000074,9.472447,20.179011,4.740349,972.306644,15,0,stopped,,,frame_1781819049000.jpg,
2026-06-18 23:44:07.575,50,0.049051,0.190532,9.772016,334.701723,,,,,,,-0.000136,0.000244,0.000074,9.283661,19.474310,4.705692,972.300573,15,0,stopped,,,frame_1781819049056.jpg,
2026-06-18 23:44:07.625,50,0.052905,0.169510,9.774332,334.701723,,,,,,,-0.000136,0.000244,0.000074,8.875946,20.351825,4.511808,972.301154,15,0,stopped,,,,
2026-06-18 23:44:07.675,50,0.039113,0.141877,9.770119,334.701723,,,,,,,-0.000136,0.000244,0.000074,9.119969,20.176836,4.646797,972.302378,15,0,stopped,,,frame_1781819049129.jpg,
2026-06-18 23:44:07.725,50,0.034448,0.149724,9.768263,334.701723,,,,,,,-0.000136,0.000244,0.000074,8.769722,20.074781,4.342507,972.303102,15,0,stopped,,,frame_1781819049195.jpg,
2026-06-18 23:44:07.775,50,0.042164,0.171849,9.767309,334.701723,,,,,,,-0.000136,0.000244,0.000074,9.291828,19.671434,4.754759,972.300629,15,0,stopped,,,frame_1781819049256.jpg,
2026-06-18 23:44:07.825,50,0.053067,0.182510,9.771634,334.701723,,,,,,,-0.000136,0.000244,0.000074,9.528515,20.033898,5.233443,972.293834,15,0,stopped,,,,
2026-06-18 23:44:07.875,50,0.048716,0.169608,9.767516,334.701723,,,,,,,-0.000136,0.000244,0.000074,9.344080,20.433453,3.953162,972.297300,15,0,stopped,,,frame_1781819049326.jpg,
2026-06-18 23:44:07.925,50,0.043694,0.163030,9.763555,334.701723,,,,,,,-0.000136,0.000244,0.000074,9.205681,19.859887,4.955197,972.299432,15,0,stopped,,,frame_1781819049397.jpg,
2026-06-18 23:44:07.975,50,0.047741,0.165557,9.773524,334.701723,,,,,,,-0.000136,0.000244,0.000074,9.634921,20.434728,4.059141,972.295366,15,0,stopped,,,frame_1781819049461.jpg,
2026-06-18 23:44:08.025,50,0.062522,0.159200,9.766473,334.701723,,,,,,,-0.000136,0.000244,0.000074,9.324462,20.132931,4.958648,972.294935,15,0,stopped,,,,
2026-06-18 23:44:08.075,50,0.040539,0.155136,9.766617,334.701723,,,,,,,-0.000136,0.000244,0.000074,9.029149,20.003502,5.074915,972.295583,15,0,stopped,,,frame_1781819049533.jpg,
2026-06-18 23:44:08.125,50,0.043209,0.180841,9.769272,334.701723,,,,,,,-0.000136,0.000244,0.000074,9.202436,19.675041,4.018773,972.297646,15,0,stopped,,,frame_1781819049592.jpg,
2026-06-18 23:44:08.175,50,0.043421,0.184834,9.768954,334.701723,,,,,,,-0.000136,0.000244,0.000074,9.315915,19.962190,4.308384,972.300201,15,0,stopped,,,frame_1781819049664.jpg,
2026-06-18 23:44:08.225,50,0.049055,0.170119,9.768588,334.701723,,,,,,,-0.000136,0.000244,0.000074,8.760164,20.103244,4.571626,972.305464,15,0,stopped,,,,
2026-06-18 23:44:08.275,50,0.053431,0.163327,9.772465,334.701723,,,,,,,-0.000136,0.000244,0.000074,8.856920,20.349113,4.343224,972.310080,15,0,stopped,,,frame_1781819049726.jpg,
2026-06-18 23:44:08.325,50,0.035086,0.165829,9.770328,334.701723,,,,,,,-0.000136,0.000244,0.000074,8.751846,20.019603,4.583919,972.311197,15,0,stopped,,,frame_1781819049795.jpg,
2026-06-18 23:44:08.375,50,0.045115,0.187763,9.762942,334.701723,,,,,,,-0.000136,0.000244,0.000074,9.289417,19.757412,4.969169,972.308385,15,0,stopped,,,frame_1781819049863.jpg,
2026-06-18 23:44:08.425,50,0.051275,0.176690,9.766948,334.701723,,,,,,,-0.000136,0.000244,0.000074,9.793461,20.251818,4.463939,972.307538,15,0,stopped,,,,
2026-06-18 23:44:08.475,50,0.047191,0.164151,9.759587,334.701723,,,,,,,-0.000136,0.000244,0.000074,8.736659,20.216618,3.679785,972.306830,15,0,stopped,,,frame_1781819049932.jpg,
2026-06-18 23:44:08.525,50,0.044144,0.158434,9.762901,334.701723,,,,,,,-0.000136,0.000244,0.000074,9.672732,20.513693,4.177972,972.303688,15,0,stopped,,,frame_1781819049995.jpg,
2026-06-18 23:44:08.575,50,0.040371,0.145953,9.762605,334.701723,,,,,,,-0.000136,0.000244,0.000074,9.603415,19.972726,4.120396,972.301515,15,0,stopped,,,frame_1781819050063.jpg,
2026-06-18 23:44:08.625,50,0.042058,0.163293,9.762313,334.701723,,,,,,,-0.000136,0.000244,0.000074,9.703392,20.264200,4.308484,972.300133,15,0,stopped,,,,
2026-06-18 23:44:08.675,50,0.039465,0.189696,9.768012,334.701723,,,,,,,-0.000136,0.000244,0.000074,9.576395,19.637637,3.631516,972.300775,15,0,stopped,,,frame_1781819050129.jpg,
2026-06-18 23:44:08.725,50,0.043170,0.184728,9.773505,334.701723,,,,,,,-0.000136,0.000244,0.000074,9.569294,19.771595,4.571975,972.301025,15,0,stopped,,,frame_1781819050196.jpg,
2026-06-18 23:44:08.775,50,0.054086,0.161362,9.761995,334.701723,,,,,,,-0.000136,0.000244,0.000074,9.608672,19.908148,3.894740,972.298440,15,0,stopped,,,frame_1781819050264.jpg,
2026-06-18 23:44:08.825,50,0.038894,0.130252,9.772530,334.701723,,,,,,,-0.000136,0.000244,0.000074,9.187162,20.252140,4.328407,972.301331,15,0,stopped,,,,
2026-06-18 23:44:08.875,50,0.045450,0.145096,9.768018,334.701723,,,,,,,-0.000136,0.000244,0.000074,9.282026,19.740880,4.111355,972.307251,15,0,stopped,,,frame_1781819050334.jpg,
2026-06-18 23:44:08.925,50,0.061732,0.202652,9.772087,334.701723,,,,,,,-0.000136,0.000244,0.000074,8.834234,20.027352,4.463766,972.304908,15,0,stopped,,,frame_1781819050394.jpg,
2026-06-18 23:44:08.975,50,0.044368,0.199572,9.779939,334.701723,,,,,,,-0.000136,0.000244,0.000074,9.296151,19.642016,4.294379,972.304299,15,0,stopped,,,frame_1781819050463.jpg,
2026-06-18 23:44:09.025,50,0.038524,0.158754,9.762518,334.701723,,,,,,,-0.000136,0.000244,0.000074,8.870928,19.827655,4.207734,972.311251,15,0,stopped,,,,
2026-06-18 23:44:09.075,50,0.053336,0.135325,9.768661,334.701723,,,,,,,-0.000136,0.000244,0.000074,9.022408,19.827997,3.922551,972.302936,15,0,stopped,,,frame_1781819050534.jpg,
2026-06-18 23:44:09.125,50,0.049142,0.152853,9.770870,334.701723,,,,,,,-0.000136,0.000244,0.000074,9.338334,19.841905,4.139045,972.296774,15,0,stopped,,,frame_1781819050596.jpg,
2026-06-18 23:44:09.175,50,0.033169,0.197981,9.764165,334.701723,,,,,,,-0.000136,0.000244,0.000074,9.210825,19.825097,4.781832,972.298334,15,0,stopped,,,frame_1781819050665.jpg,
2026-06-18 23:44:09.225,50,0.057941,0.172036,9.772119,334.701723,,,,,,,-0.000136,0.000244,0.000074,8.898816,19.729901,4.651567,972.298157,15,0,stopped,,,,
2026-06-18 23:44:09.275,50,0.045436,0.150830,9.774545,334.701723,,,,,,,-0.000136,0.000244,0.000074,9.320800,20.081200,3.977338,972.297302,15,0,stopped,,,frame_1781819050731.jpg,
2026-06-18 23:44:09.325,50,0.037592,0.153932,9.765049,334.701723,,,,,,,-0.000136,0.000244,0.000074,8.963197,20.343752,4.180331,972.303874,15,0,stopped,,,frame_1781819050801.jpg,
2026-06-18 23:44:09.375,50,0.049286,0.180744,9.771765,334.701723,,,,,,,-0.000136,0.000244,0.000074,8.570284,20.076894,4.539509,972.307070,15,0,stopped,,,frame_1781819050867.jpg,
2026-06-18 23:44:09.425,50,0.044923,0.176509,9.773388,334.701723,,,,,,,-0.000136,0.000244,0.000074,8.879427,20.072271,4.256475,972.303238,15,0,stopped,,,,
2026-06-18 23:44:09.475,50,0.038490,0.152444,9.770809,334.701723,,,,,,,-0.000136,0.000244,0.000074,9.515210,20.003139,4.684259,972.303708,15,0,stopped,,,frame_1781819050932.jpg,
2026-06-18 23:44:09.525,50,0.049331,0.173146,9.785165,334.701723,,,,,,,-0.000136,0.000244,0.000074,8.540089,20.043782,4.654945,972.304732,15,0,stopped,,,frame_1781819050999.jpg,
2026-06-18 23:44:09.575,50,0.068321,0.163823,9.757096,334.701723,,,,,,,-0.000136,0.000244,0.000074,9.039265,20.279128,4.756491,972.303295,15,0,stopped,,,frame_1781819051065.jpg,
2026-06-18 23:44:09.625,50,0.026725,0.201668,9.766574,334.701723,,,,,,,-0.000136,0.000244,0.000074,8.815733,20.036921,4.765356,972.299738,15,0,stopped,,,,
2026-06-18 23:44:09.675,50,0.024045,0.177162,9.775486,334.701723,,,,,,,-0.000136,0.000244,0.000074,9.491248,19.751225,4.768683,972.294069,15,0,stopped,,,frame_1781819051128.jpg,
2026-06-18 23:44:09.725,50,0.060636,0.151478,9.769410,334.701723,,,,,,,-0.000136,0.000244,0.000074,8.723296,20.128995,4.318009,972.300754,15,0,stopped,,,frame_1781819051199.jpg,
2026-06-18 23:44:09.775,50,0.071793,0.154360,9.770453,334.701723,,,,,,,-0.000136,0.000244,0.000074,9.138108,20.093141,4.768044,972.304177,15,0,stopped,,,frame_1781819051266.jpg,
2026-06-18 23:44:09.825,50,0.034740,0.197970,9.768576,334.701723,,,,,,,-0.000136,0.000244,0.000074,9.061544,19.716310,4.585762,972.300676,15,0,stopped,,,,
2026-06-18 23:44:09.875,50,0.023946,0.187123,9.773408,334.701723,,,,,,,-0.000136,0.000244,0.000074,9.307460,19.910192,4.353619,972.302303,15,0,stopped,,,frame_1781819051331.jpg,
2026-06-18 23:44:09.925,50,0.034566,0.150391,9.774906,334.701723,,,,,,,-0.000136,0.000244,0.000074,9.479085,20.132448,4.337747,972.304634,15,0,stopped,,,frame_1781819051399.jpg,
2026-06-18 23:44:09.975,50,0.054495,0.154295,9.776176,334.701723,,,,,,,-0.000136,0.000244,0.000074,9.341159,19.834115,4.372421,972.294775,15,0,stopped,,,frame_1781819051463.jpg,
2026-06-18 23:44:10.025,50,0.042064,0.168398,9.776530,334.701723,,,,,,,-0.000136,0.000244,0.000074,8.883960,19.944260,4.464117,972.294018,15,0,stopped,,,,
2026-06-18 23:44:10.075,50,0.036895,0.182636,9.757033,334.701723,,,,,,,-0.000136,0.000244,0.000074,9.111711,20.076557,4.465200,972.299138,15,0,stopped,,,frame_1781819051533.jpg,
2026-06-18 23:44:10.125,50,0.048696,0.181651,9.776436,334.701723,,,,,,,-0.000136,0.000244,0.000074,9.360768,19.872886,3.925070,972.306594,15,0,stopped,,,frame_1781819051603.jpg,
2026-06-18 23:44:10.175,50,0.056280,0.164387,9.766205,334.701723,,,,,,,-0.000136,0.000244,0.000074,9.234416,20.177240,4.470226,972.309887,15,0,stopped,,,frame_1781819051667.jpg,
2026-06-18 23:44:10.225,50,0.047385,0.166267,9.765669,334.701723,,,,,,,-0.000136,0.000244,0.000074,9.223998,20.038453,4.077980,972.306525,15,0,stopped,,,,
2026-06-18 23:44:10.275,50,0.047712,0.164797,9.776214,334.701723,,,,,,,-0.000136,0.000244,0.000074,9.451198,20.262325,4.843322,972.301329,15,0,stopped,,,,
2026-06-18 23:44:10.325,50,0.045571,0.167064,9.778154,334.701723,,,,,,,-0.000136,0.000244,0.000074,9.020976,20.119841,4.179249,972.295204,15,0,stopped,,,,
2026-06-18 23:44:10.375,50,0.051436,0.175345,9.768571,334.701723,,,,,,,-0.000136,0.000244,0.000074,9.339608,20.262049,4.262412,972.305950,15,0,stopped,,,,
2026-06-18 23:44:10.425,50,0.042815,0.164104,9.775389,334.701723,,,,,,,-0.000136,0.000244,0.000074,9.228560,20.097770,4.456061,972.310427,15,0,stopped,,,,
2026-06-18 23:44:10.475,50,0.044030,0.172825,9.760997,334.701723,,,,,,,-0.000136,0.000244,0.000074,9.219330,19.995800,4.382641,972.312545,15,0,stopped,,,,
2026-06-18 23:44:10.525,50,0.046655,0.164144,9.769645,334.701723,,,,,,,-0.000136,0.000244,0.000074,8.966487,19.947843,4.386321,972.308915,15,0,stopped,,,,
2026-06-18 23:44:10.575,50,0.049927,0.158763,9.773627,334.701723,,,,,,,-0.000136,0.000244,0.000074,8.242050,19.814171,3.984301,972.303281,15,0,stopped,,,,
2026-06-18 23:44:10.625,50,0.039906,0.173985,9.769856,334.701723,,,,,,,-0.000136,0.000244,0.000074,9.070367,20.217161,4.100576,972.295930,15,0,stopped,,,,
2026-06-18 23:44:10.675,50,0.042133,0.161190,9.765206,334.701723,,,,,,,-0.000136,0.000244,0.000074,9.536687,20.340736,4.270269,972.297563,15,0,stopped,,,,
2026-06-18 23:44:10.725,50,0.047720,0.162951,9.765059,334.701723,,,,,,,-0.000136,0.000244,0.000074,9.158093,19.838445,4.450676,972.302734,15,0,stopped,,,,
2026-06-18 23:44:10.775,50,0.049027,0.165174,9.767294,334.701723,,,,,,,-0.000136,0.000244,0.000074,9.539758,20.341257,4.497290,972.302490,15,0,stopped,,,,
2026-06-18 23:44:10.825,50,0.040410,0.162986,9.766211,334.701723,,,,,,,-0.000136,0.000244,0.000074,9.421409,20.204332,4.319953,972.302803,15,0,stopped,,,,
2026-06-18 23:44:10.875,50,0.039735,0.172889,9.769068,334.701723,,,,,,,-0.000136,0.000244,0.000074,8.970796,20.251999,3.909025,972.305251,15,0,stopped,,,,
2026-06-18 23:44:10.925,50,0.047560,0.163310,9.768178,334.701723,,,,,,,-0.000136,0.000244,0.000074,9.226381,19.971363,4.100640,972.303470,15,0,stopped,,,,
2026-06-18 23:44:10.975,50,0.050595,0.166724,9.770799,334.701723,,,,,,,-0.000136,0.000244,0.000074,9.049228,20.165561,3.973883,972.302032,15,0,stopped,,,,
2026-06-18 23:44:11.025,50,0.033884,0.165815,9.763678,334.701723,,,,,,,-0.000136,0.000244,0.000074,9.042034,19.955622,4.704706,972.302497,15,0,stopped,,,,
2026-06-18 23:44:11.075,50,0.055070,0.174092,9.764575,334.701723,,,,,,,-0.000136,0.000244,0.000074,9.616550,20.241052,4.213007,972.303541,15,0,stopped,,,,
2026-06-18 23:44:11.125,50,0.040126,0.168477,9.767864,334.701723,,,,,,,-0.000136,0.000244,0.000074,8.896393,19.652758,4.083663,972.304918,15,0,stopped,,,,
2026-06-18 23:44:11.175,50,0.044994,0.173018,9.778065,334.701723,,,,,,,-0.000136,0.000244,0.000074,9.407456,19.740738,4.182450,972.298967,15,0,stopped,,,,
2026-06-18 23:44:11.225,50,0.043526,0.176047,9.765518,334.701723,,,,,,,-0.000136,0.000244,0.000074,9.082506,19.801517,4.818708,972.296829,15,0,stopped,,,,
2026-06-18 23:44:11.275,50,0.039892,0.168664,9.773047,334.701723,,,,,,,-0.000136,0.000244,0.000074,8.943043,20.136076,4.001505,972.301243,15,0,stopped,,,,
2026-06-18 23:44:11.325,50,0.049123,0.174319,9.777601,334.701723,,,,,,,-0.000136,0.000244,0.000074,9.130973,20.101419,4.736316,972.301073,15,0,stopped,,,,
2026-06-18 23:44:11.375,50,0.047366,0.174446,9.763588,334.701723,,,,,,,-0.000136,0.000244,0.000074,8.540071,19.983923,4.156212,972.299520,15,0,stopped,,,,
2026-06-18 23:44:11.425,50,0.045927,0.171813,9.770824,334.701723,,,,,,,-0.000136,0.000244,0.000074,9.220074,19.863223,4.570439,972.296155,15,0,stopped,,,,
2026-06-18 23:44:11.475,50,0.052509,0.171292,9.773446,334.701723,,,,,,,-0.000136,0.000244,0.000074,8.898208,20.260471,4.802619,972.296996,15,0,stopped,,,,
2026-06-18 23:44:11.525,50,0.042612,0.166624,9.772634,334.701723,,,,,,,-0.000136,0.000244,0.000074,9.073961,19.950018,4.066207,972.299496,15,0,stopped,,,,
2026-06-18 23:44:11.575,50,0.048570,0.176237,9.771970,334.701723,,,,,,,-0.000136,0.000244,0.000074,9.016360,19.885664,4.093603,972.297423,15,0,stopped,,,,
2026-06-18 23:44:11.625,50,0.042661,0.167191,9.775797,334.701723,,,,,,,-0.000136,0.000244,0.000074,8.997134,19.893188,4.497071,972.296629,15,0,stopped,,,,
2026-06-18 23:44:11.675,50,0.045808,0.158971,9.773579,334.701723,,,,,,,-0.000136,0.000244,0.000074,8.442124,20.070398,4.222586,972.298821,15,0,stopped,,,,
2026-06-18 23:44:11.725,50,0.050184,0.170584,9.743595,334.701723,,,,,,,-0.000136,0.000244,0.000074,9.202145,20.135659,4.283695,972.299561,15,0,stopped,,,,
