phone_ts_ms	host_ts_ms	offset_ms
1781814740534	1781814740162	-372
1781814741033	1781814740655	-378
1781814741527	1781814741149	-378
1781814742024	1781814741646	-378
1781814742520	1781814742142	-378
1781814743024	1781814742647	-377
1781814743524	1781814743145	-379
1781814744024	1781814743645	-379
1781814744523	1781814744143	-380
1781814745020	1781814744641	-379
1781814745520	1781814745144	-376
1781814746020	1781814745642	-378
1781814746527	1781814746149	-378
1781814747020	1781814746641	-379
1781814747520	1781814747142	-378
1781814748020	1781814747641	-379
1781814748520	1781814748143	-377
1781814749020	1781814748641	-379
1781814749523	1781814749149	-374
1781814750031	1781814749652	-379
1781814750532	1781814750153	-379
1781814751032	1781814750654	-378
1781814751526	1781814751150	-376
1781814752028	1781814751648	-380
1781814752527	1781814752148	-379
1781814753027	1781814752648	-379
1781814753530	1781814753150	-380
1781814754025	1781814753648	-377
1781814754528	1781814754150	-378
1781814755020	1781814754641	-379
1781814755577	1781814755198	-379
1781814829559	1781814829186	-373
1781814830050	1781814829668	-382
1781814830550	1781814830169	-381
1781814831050	1781814830669	-381
1781814831550	1781814831168	-382
1781814832050	1781814831669	-381
1781814832558	1781814832177	-381
1781814833051	1781814832670	-381
1781814833550	1781814833168	-382
1781814834052	1781814833672	-380
1781814834551	1781814834169	-382
1781814835052	1781814834673	-379
1781814835552	1781814835174	-378
1781814836051	1781814835670	-381
1781814836550	1781814836168	-382
1781814837050	1781814836670	-380
1781814837550	1781814837169	-381
1781814838051	1781814837670	-381
1781814838569	1781814838188	-381
1781814839061	1781814838682	-379
1781814839562	1781814839182	-380
1781814840060	1781814839678	-382
1781814840560	1781814840179	-381
1781814841059	1781814840680	-379
1781814841560	1781814841180	-380
1781814842056	1781814841676	-380
1781814842560	1781814842178	-382
1781814843058	1781814842677	-381
1781814843559	1781814843178	-381
1781814844056	1781814843675	-381
1781814844556	1781814844175	-381
1781814845053	1781814844671	-382
1781814845555	1781814845174	-381
1781814846056	1781814845675	-381
1781814846551	1781814846170	-381
1781814847051	1781814846670	-381
1781814847550	1781814847168	-382
1781814848051	1781814847671	-380
1781814848562	1781814848182	-380
1781814849053	1781814848673	-380
1781814849552	1781814849171	-381
1781814850055	1781814849674	-381
1781814850555	1781814850175	-380
1781814851050	1781814850669	-381
1781814851551	1781814851169	-382
1781814852050	1781814851669	-381
1781814852550	1781814852170	-380
1781814853057	1781814852676	-381
1781814853557	1781814853176	-381
1781814854059	1781814853677	-382
1781814854557	1781814854175	-382
1781814855057	1781814854675	-382
1781814855560	1781814855178	-382
1781814856058	1781814855677	-381
1781814856559	1781814856182	-377
1781814857055	1781814856673	-382
1781814857561	1781814857181	-380
1781814858056	1781814857675	-381
1781814858556	1781814858175	-381
1781814859052	1781814858671	-381
1781814859551	1781814859169	-382
1781814860054	1781814859672	-382
1781814860554	1781814860177	-377
1781814861051	1781814860670	-381
1781814861559	1781814861179	-380
1781814862058	1781814861677	-381
1781814862556	1781814862175	-381
1781814863052	1781814862675	-377
1781814863550	1781814863170	-380
1781814864052	1781814863674	-378
1781814864560	1781814864182	-378
1781814865053	1781814864672	-381
1781814865550	1781814865171	-379
1781814866054	1781814865673	-381
1781814866554	1781814866172	-382
1781814867050	1781814866671	-379
phone_ts_ms	host_ts_ms	offset_ms
1781815436016	1781815435623	-393
1781815436047	1781815435649	-398
1781815436080	1781815435682	-398
1781815436113	1781815435717	-396
1781815436146	1781815435749	-397
1781815436179	1781815435784	-395
1781815436212	1781815435814	-398
1781815436245	1781815435852	-393
1781815436278	1781815435880	-398
1781815436312	1781815435914	-398
1781815436345	1781815435947	-398
1781815436377	1781815435979	-398
1781815436410	1781815436012	-398
1781815436443	1781815436045	-398
1781815436477	1781815436079	-398
1781815436512	1781815436114	-398
1781815436543	1781815436145	-398
1781815436576	1781815436179	-397
1781815436608	1781815436212	-396
1781815436646	1781815436249	-397
1781815436676	1781815436279	-397
1781815436711	1781815436317	-394
1781815436745	1781815436347	-398
1781815436777	1781815436379	-398
1781815436808	1781815436416	-392
1781815436841	1781815436444	-397
1781815436873	1781815436479	-394
1781815436906	1781815436510	-396
1781815436941	1781815436545	-396
1781815436974	1781815436577	-397
1781815437008	1781815436610	-398
1781815437038	1781815436641	-397
1781815437077	1781815436684	-393
1781815437109	1781815436715	-394
1781815437143	1781815436746	-397
1781815437175	1781815436780	-395
1781815437213	1781815436819	-394
1781815437242	1781815436844	-398
1781815437279	1781815436882	-397
1781815437312	1781815436915	-397
1781815437345	1781815436953	-392
1781815437376	1781815436979	-397
1781815437401	1781815437003	-398
1781815437439	1781815437042	-397
1781815437474	1781815437076	-398
1781815437505	1781815437108	-397
1781815437539	1781815437142	-397
1781815437565	1781815437167	-398
1781815437608	1781815437210	-398
1781815437639	1781815437241	-398
1781815437674	1781815437277	-397
1781815437707	1781815437310	-397
1781815437741	1781815437344	-397
1781815437774	1781815437377	-397
1781815437805	1781815437408	-397
1781815437830	1781815437436	-394
1781815437862	1781815437464	-398
1781815437895	1781815437497	-398
1781815437928	1781815437534	-394
1781815437962	1781815437567	-395
1781815437994	1781815437597	-397
1781815438027	1781815437630	-397
1781815438060	1781815437662	-398
1781815438093	1781815437697	-396
1781815438126	1781815437729	-397
1781815438159	1781815437773	-386
1781815438192	1781815437795	-397
1781815438225	1781815437828	-397
1781815438258	1781815437861	-397
1781815438291	1781815437897	-394
1781815438324	1781815437927	-397
1781815438357	1781815437960	-397
1781815438393	1781815437998	-395
1781815438424	1781815438027	-397
1781815438458	1781815438061	-397
1781815438494	1781815438096	-398
1781815438522	1781815438124	-398
1781815438557	1781815438160	-397
1781815438593	1781815438196	-397
1781815438621	1781815438224	-397
1781815438658	1781815438260	-398
1781815438689	1781815438293	-396
1781815438724	1781815438326	-398
1781815438758	1781815438360	-398
1781815438788	1781815438390	-398
1781815438822	1781815438430	-392
1781815438856	1781815438460	-396
1781815438890	1781815438493	-397
1781815438922	1781815438527	-395
1781815438957	1781815438559	-398
1781815438997	1781815438599	-398
1781815439026	1781815438628	-398
1781815439056	1781815438659	-397
1781815439093	1781815438695	-398
1781815439124	1781815438726	-398
1781815439159	1781815438761	-398
1781815439192	1781815438796	-396
1781815439229	1781815438835	-394
1781815439249	1781815438856	-393
1781815439288	1781815438890	-398
1781815439322	1781815438927	-395
1781815439357	1781815438959	-398
1781815439388	1781815438993	-395
1781815439422	1781815439026	-396
1781815439453	1781815439056	-397
1781815439488	1781815439091	-397
1781815439521	1781815439124	-397
1781815439555	1781815439160	-395
1781815439587	1781815439189	-398
1781815439621	1781815439223	-398
1781815439656	1781815439260	-396
1781815439687	1781815439290	-397
1781815439710	1781815439316	-394
1781815439743	1781815439346	-397
1781815439776	1781815439380	-396
1781815439809	1781815439411	-398
1781815439842	1781815439445	-397
1781815439876	1781815439479	-397
1781815439914	1781815439517	-397
1781815439941	1781815439550	-391
1781815439974	1781815439583	-391
1781815440007	1781815439610	-397
1781815440040	1781815439646	-394
1781815440074	1781815439678	-396
1781815440107	1781815439710	-397
1781815440139	1781815439742	-397
1781815440172	1781815439775	-397
1781815440205	1781815439808	-397
1781815440239	1781815439842	-397
1781815440271	1781815439873	-398
1781815440304	1781815439907	-397
1781815440337	1781815439940	-397
1781815440372	1781815439977	-395
1781815440403	1781815440006	-397
1781815440437	1781815440039	-398
1781815440470	1781815440073	-397
1781815440506	1781815440108	-398
1781815440536	1781815440138	-398
1781815440570	1781815440174	-396
1781815440603	1781815440205	-398
1781815440634	1781815440237	-397
1781815440668	1781815440270	-398
1781815440701	1781815440304	-397
1781815440734	1781815440338	-396
1781815440767	1781815440369	-398
1781815440800	1781815440404	-396
1781815440834	1781815440436	-398
1781815440868	1781815440471	-397
1781815440902	1781815440504	-398
1781815440935	1781815440537	-398
1781815440969	1781815440572	-397
1781815440999	1781815440601	-398
1781815441033	1781815440635	-398
1781815441073	1781815440675	-398
1781815441108	1781815440710	-398
1781815441149	1781815440752	-397
1781815441168	1781815440770	-398
1781815441204	1781815440807	-397
1781815441235	1781815440837	-398
1781815441266	1781815440868	-398
1781815441295	1781815440897	-398
1781815441333	1781815440936	-397
1781815441365	1781815440969	-396
1781815441402	1781815441004	-398
1781815441433	1781815441037	-396
1781815441459	1781815441061	-398
1781815441495	1781815441097	-398
1781815441534	1781815441136	-398
1781815441566	1781815441170	-396
1781815441599	1781815441202	-397
1781815441624	1781815441232	-392
1781815441657	1781815441261	-396
1781815441692	1781815441296	-396
1781815441729	1781815441331	-398
1781815441756	1781815441366	-390
1781815441790	1781815441393	-397
1781815441825	1781815441430	-395
1781815441856	1781815441461	-395
1781815441888	1781815441499	-389
1781815441927	1781815441532	-395
1781815441959	1781815441563	-396
1781815441994	1781815441596	-398
1781815442022	1781815441628	-394
1781815442054	1781815441657	-397
1781815442086	1781815441689	-397
1781815442119	1781815441723	-396
1781815442160	1781815441764	-396
1781815442185	1781815441788	-397
1781815442218	1781815441822	-396
1781815442251	1781815441853	-398
1781815442290	1781815441892	-398
1781815442317	1781815441920	-397
1781815442351	1781815441954	-397
1781815442388	1781815441991	-397
1781815442421	1781815442024	-397
1781815442450	1781815442053	-397
1781815442484	1781815442087	-397
1781815442518	1781815442123	-395
1781815442550	1781815442155	-395
1781815442582	1781815442186	-396
1781815442616	1781815442219	-397
1781815442654	1781815442260	-394
1781815442684	1781815442288	-396
1781815442714	1781815442320	-394
1781815442751	1781815442360	-391
1781815442781	1781815442384	-397
1781815442814	1781815442419	-395
1781815442850	1781815442454	-396
1781815442882	1781815442486	-396
1781815442921	1781815442523	-398
1781815442953	1781815442555	-398
1781815442983	1781815442585	-398
1781815443017	1781815442619	-398
1781815443051	1781815442655	-396
1781815443082	1781815442687	-395
1781815443113	1781815442718	-395
1781815443150	1781815442753	-397
1781815443186	1781815442790	-396
1781815443215	1781815442828	-387
1781815443249	1781815442853	-396
1781815443284	1781815442888	-396
1781815443315	1781815442917	-398
1781815443348	1781815442956	-392
1781815443382	1781815442987	-395
1781815443422	1781815443027	-395
1781815443450	1781815443055	-395
1781815443483	1781815443085	-398
1781815443515	1781815443118	-397
1781815443538	1781815443141	-397
1781815443571	1781815443176	-395
1781815443604	1781815443207	-397
1781815443638	1781815443243	-395
1781815443670	1781815443273	-397
1781815443703	1781815443308	-395
1781815443736	1781815443339	-397
1781815443769	1781815443372	-397
1781815443802	1781815443407	-395
1781815443835	1781815443437	-398
1781815443868	1781815443471	-397
1781815443901	1781815443514	-387
1781815443940	1781815443543	-397
1781815443973	1781815443577	-396
1781815444000	1781815443603	-397
1781815444033	1781815443636	-397
1781815444066	1781815443669	-397
1781815444099	1781815443702	-397
1781815444132	1781815443735	-397
1781815444165	1781815443768	-397
1781815444198	1781815443801	-397
1781815444239	1781815443842	-397
1781815444266	1781815443868	-398
1781815444299	1781815443903	-396
1781815444332	1781815443935	-397
1781815444365	1781815443970	-395
1781815444397	1781815443999	-398
1781815444432	1781815444035	-397
1781815444463	1781815444067	-396
1781815444496	1781815444099	-397
1781815444534	1781815444136	-398
1781815444561	1781815444166	-395
1781815444597	1781815444200	-397
1781815444631	1781815444236	-395
1781815444772	1781815444375	-397
phone_ts_ms	host_ts_ms	offset_ms
1781817079076	1781817078663	-413
1781817079090	1781817078672	-418
1781817079123	1781817078705	-418
1781817079151	1781817078734	-417
1781817079184	1781817078766	-418
1781817079218	1781817078802	-416
1781817079270	1781817078855	-415
1781817079283	1781817078875	-408
1781817079318	1781817078906	-412
1781817079353	1781817078937	-416
1781817079385	1781817078968	-417
1781817079417	1781817078999	-418
1781817079451	1781817079034	-417
1781817079490	1781817079072	-418
1781817079519	1781817079101	-418
1781817079552	1781817079135	-417
1781817079580	1781817079162	-418
1781817079613	1781817079196	-417
1781817079648	1781817079232	-416
1781817079679	1781817079261	-418
1781817079719	1781817079302	-417
1781817079749	1781817079331	-418
1781817079780	1781817079362	-418
1781817079816	1781817079399	-417
1781817079846	1781817079429	-417
1781817079881	1781817079463	-418
1781817079922	1781817079504	-418
1781817079958	1781817079541	-417
1781817079987	1781817079569	-418
1781817080014	1781817079597	-417
1781817080042	1781817079624	-418
1781817080075	1781817079657	-418
1781817080119	1781817079701	-418
1781817080151	1781817079733	-418
1781817080186	1781817079771	-415
1781817080219	1781817079805	-414
1781817080248	1781817079831	-417
1781817080282	1781817079864	-418
1781817080319	1781817079906	-413
1781817080348	1781817079931	-417
1781817080386	1781817079970	-416
1781817080412	1781817080003	-409
1781817080445	1781817080030	-415
1781817080481	1781817080064	-417
1781817080513	1781817080096	-417
1781817080547	1781817080129	-418
1781817080582	1781817080166	-416
1781817080614	1781817080199	-415
1781817080645	1781817080229	-416
1781817080685	1781817080268	-417
1781817080719	1781817080305	-414
1781817080745	1781817080328	-417
1781817080780	1781817080363	-417
1781817080815	1781817080398	-417
1781817080845	1781817080428	-417
1781817080878	1781817080461	-417
1781817080914	1781817080497	-417
1781817080948	1781817080531	-417
1781817080974	1781817080558	-416
1781817080999	1781817080583	-416
1781817081032	1781817080615	-417
1781817081065	1781817080647	-418
1781817081098	1781817080680	-418
1781817081131	1781817080713	-418
1781817081169	1781817080755	-414
1781817081208	1781817080793	-415
1781817081243	1781817080828	-415
1781817081263	1781817080845	-418
1781817081296	1781817080878	-418
1781817081332	1781817080922	-410
1781817081363	1781817080945	-418
1781817081395	1781817080979	-416
1781817081428	1781817081010	-418
1781817081461	1781817081044	-417
1781817081494	1781817081077	-417
1781817081527	1781817081110	-417
1781817081560	1781817081142	-418
1781817081598	1781817081181	-417
1781817081626	1781817081209	-417
1781817081660	1781817081243	-417
1781817081694	1781817081277	-417
1781817081728	1781817081310	-418
1781817081761	1781817081343	-418
1781817081794	1781817081377	-417
1781817081828	1781817081413	-415
1781817081864	1781817081446	-418
1781817081901	1781817081484	-417
1781817081926	1781817081515	-411
1781817081956	1781817081539	-417
1781817081989	1781817081572	-417
1781817082023	1781817081606	-417
1781817082060	1781817081643	-417
1781817082090	1781817081672	-418
1781817082129	1781817081718	-411
1781817082162	1781817081745	-417
1781817082187	1781817081771	-416
1781817082232	1781817081815	-417
1781817082263	1781817081846	-417
1781817082293	1781817081875	-418
1781817082330	1781817081917	-413
1781817082365	1781817081948	-417
1781817082394	1781817081977	-417
1781817082431	1781817082019	-412
1781817082459	1781817082041	-418
1781817082497	1781817082080	-417
1781817082526	1781817082111	-415
1781817082563	1781817082146	-417
1781817082585	1781817082169	-416
1781817082631	1781817082214	-417
1781817082662	1781817082244	-418
1781817082692	1781817082276	-416
1781817082731	1781817082317	-414
1781817082759	1781817082344	-415
1781817082800	1781817082386	-414
1781817082826	1781817082408	-418
1781817082848	1781817082431	-417
1781817082893	1781817082478	-415
1781817082913	1781817082499	-414
1781817082946	1781817082529	-417
1781817082979	1781817082562	-417
1781817083013	1781817082596	-417
1781817083053	1781817082636	-417
1781817083104	1781817082686	-418
1781817083111	1781817082697	-414
1781817083145	1781817082727	-418
1781817083177	1781817082762	-415
1781817083214	1781817082801	-413
1781817083243	1781817082829	-414
1781817083277	1781817082859	-418
1781817083324	1781817082906	-418
1781817083343	1781817082928	-415
1781817083379	1781817082963	-416
1781817083410	1781817082993	-417
1781817083452	1781817083036	-416
1781817083474	1781817083058	-416
1781817083508	1781817083090	-418
1781817083542	1781817083124	-418
1781817083573	1781817083156	-417
1781817083609	1781817083192	-417
1781817083639	1781817083221	-418
1781817083674	1781817083258	-416
1781817083708	1781817083290	-418
1781817083738	1781817083322	-416
1781817083774	1781817083357	-417
1781817083804	1781817083386	-418
1781817083845	1781817083428	-417
1781817083870	1781817083453	-417
1781817083921	1781817083503	-418
1781817083936	1781817083519	-417
1781817083973	1781817083555	-418
1781817084009	1781817083595	-414
1781817084039	1781817083621	-418
1781817084074	1781817083657	-417
1781817084105	1781817083688	-417
1781817084140	1781817083722	-418
1781817084167	1781817083749	-418
1781817084210	1781817083798	-412
1781817084241	1781817083823	-418
1781817084274	1781817083856	-418
1781817084307	1781817083890	-417
1781817084342	1781817083925	-417
1781817084371	1781817083955	-416
1781817084410	1781817083993	-417
1781817084437	1781817084020	-417
1781817084472	1781817084055	-417
1781817084504	1781817084088	-416
1781817084532	1781817084116	-416
1781817084572	1781817084155	-417
1781817084604	1781817084187	-417
1781817084640	1781817084222	-418
1781817084677	1781817084260	-417
1781817084708	1781817084290	-418
1781817084740	1781817084323	-417
1781817084774	1781817084356	-418
1781817084798	1781817084382	-416
1781817084827	1781817084410	-417
1781817084861	1781817084443	-418
1781817084893	1781817084476	-417
1781817084926	1781817084510	-416
1781817084975	1781817084557	-418
1781817084992	1781817084576	-416
1781817085025	1781817084607	-418
1781817085061	1781817084646	-415
1781817085093	1781817084676	-417
1781817085124	1781817084707	-417
1781817085157	1781817084739	-418
1781817085190	1781817084773	-417
1781817085223	1781817084805	-418
1781817085262	1781817084844	-418
1781817085289	1781817084871	-418
1781817085322	1781817084905	-417
1781817085355	1781817084937	-418
1781817085388	1781817084970	-418
1781817085428	1781817085011	-417
1781817085459	1781817085041	-418
1781817085494	1781817085076	-418
1781817085520	1781817085107	-413
1781817085553	1781817085136	-417
1781817085589	1781817085174	-415
1781817085621	1781817085204	-417
1781817085655	1781817085240	-415
1781817085688	1781817085271	-417
1781817085724	1781817085308	-416
1781817085758	1781817085340	-418
1781817085786	1781817085369	-417
1781817085821	1781817085404	-417
1781817085853	1781817085435	-418
1781817085887	1781817085472	-415
1781817085919	1781817085503	-416
1781817085955	1781817085539	-416
1781817085982	1781817085566	-416
1781817086020	1781817085605	-415
1781817086056	1781817085639	-417
1781817086085	1781817085674	-411
1781817086125	1781817085707	-418
1781817086154	1781817085736	-418
1781817086189	1781817085771	-418
1781817086219	1781817085802	-417
1781817086252	1781817085834	-418
1781817086289	1781817085878	-411
1781817086326	1781817085908	-418
1781817086360	1781817085942	-418
1781817086414	1781817085996	-418
1781817086457	1781817086039	-418
phone_ts_ms	host_ts_ms	offset_ms
1781818248410	1781818247971	-439
1781818248442	1781818248000	-442
1781818248479	1781818248037	-442
1781818248514	1781818248072	-442
1781818248541	1781818248100	-441
1781818248577	1781818248138	-439
1781818248614	1781818248173	-441
1781818248642	1781818248201	-441
1781818248682	1781818248241	-441
1781818248709	1781818248270	-439
1781818248748	1781818248307	-441
1781818248777	1781818248338	-439
1781818248809	1781818248370	-439
1781818248848	1781818248408	-440
1781818248877	1781818248436	-441
1781818248904	1781818248462	-442
1781818248943	1781818248502	-441
1781818248973	1781818248532	-441
1781818249007	1781818248565	-442
1781818249040	1781818248598	-442
1781818249073	1781818248631	-442
1781818249107	1781818248665	-442
1781818249147	1781818248707	-440
1781818249177	1781818248736	-441
1781818249209	1781818248767	-442
1781818249241	1781818248800	-441
1781818249275	1781818248836	-439
1781818249309	1781818248868	-441
1781818249342	1781818248900	-442
1781818249366	1781818248930	-436
1781818249399	1781818248962	-437
1781818249432	1781818248995	-437
1781818249465	1781818249023	-442
1781818249500	1781818249059	-441
1781818249531	1781818249090	-441
1781818249566	1781818249126	-440
1781818249597	1781818249158	-439
1781818249637	1781818249195	-442
1781818249663	1781818249222	-441
1781818249697	1781818249255	-442
1781818249729	1781818249288	-441
1781818249764	1781818249323	-441
1781818249795	1781818249353	-442
1781818249828	1781818249386	-442
1781818249861	1781818249419	-442
1781818249896	1781818249456	-440
1781818249930	1781818249488	-442
1781818249960	1781818249519	-441
1781818249993	1781818249552	-441
1781818250027	1781818249585	-442
1781818250063	1781818249621	-442
1781818250096	1781818249655	-441
1781818250126	1781818249685	-441
1781818250160	1781818249718	-442
1781818250191	1781818249750	-441
1781818250225	1781818249785	-440
1781818250260	1781818249823	-437
1781818250292	1781818249850	-442
1781818250326	1781818249885	-441
1781818250359	1781818249917	-442
1781818250392	1781818249951	-441
1781818250425	1781818249986	-439
1781818250463	1781818250023	-440
1781818250491	1781818250050	-441
1781818250528	1781818250092	-436
1781818250561	1781818250121	-440
1781818250591	1781818250155	-436
1781818250626	1781818250192	-434
1781818250655	1781818250215	-440
1781818250691	1781818250249	-442
1781818250725	1781818250284	-441
1781818250760	1781818250320	-440
1781818250791	1781818250351	-440
1781818250823	1781818250382	-441
1781818250856	1781818250416	-440
1781818250891	1781818250450	-441
1781818250925	1781818250487	-438
1781818250957	1781818250515	-442
1781818250990	1781818250548	-442
1781818251024	1781818250582	-442
1781818251059	1781818250619	-440
1781818251090	1781818250647	-443
1781818251124	1781818250682	-442
1781818251156	1781818250714	-442
1781818251192	1781818250750	-442
1781818251223	1781818250782	-441
1781818251247	1781818250805	-442
1781818251280	1781818250838	-442
1781818251313	1781818250871	-442
1781818251347	1781818250905	-442
1781818251379	1781818250937	-442
1781818251412	1781818250970	-442
1781818251445	1781818251006	-439
1781818251478	1781818251038	-440
1781818251511	1781818251070	-441
1781818251544	1781818251102	-442
1781818251577	1781818251136	-441
1781818251610	1781818251169	-441
1781818251647	1781818251205	-442
1781818251678	1781818251236	-442
1781818251709	1781818251268	-441
1781818251742	1781818251301	-441
1781818251775	1781818251333	-442
1781818251808	1781818251367	-441
1781818251841	1781818251401	-440
1781818251875	1781818251434	-441
1781818251907	1781818251466	-441
1781818251940	1781818251498	-442
1781818251974	1781818251534	-440
1781818252007	1781818251566	-441
1781818252040	1781818251599	-441
1781818252072	1781818251631	-441
1781818252108	1781818251667	-441
1781818252142	1781818251700	-442
1781818252173	1781818251732	-441
1781818252214	1781818251773	-441
1781818252240	1781818251799	-441
1781818252273	1781818251831	-442
1781818252307	1781818251867	-440
1781818252337	1781818251896	-441
1781818252372	1781818251933	-439
1781818252407	1781818251965	-442
1781818252438	1781818251997	-441
1781818252471	1781818252030	-441
1781818252504	1781818252063	-441
1781818252537	1781818252096	-441
1781818252572	1781818252131	-441
1781818252607	1781818252166	-441
1781818252638	1781818252197	-441
1781818252673	1781818252232	-441
1781818252707	1781818252265	-442
1781818252739	1781818252299	-440
1781818252771	1781818252330	-441
1781818252804	1781818252363	-441
1781818252839	1781818252399	-440
1781818252872	1781818252430	-442
1781818252904	1781818252463	-441
1781818252937	1781818252498	-439
1781818252973	1781818252531	-442
1781818253007	1781818252566	-441
1781818253040	1781818252600	-440
1781818253072	1781818252632	-440
1781818253095	1781818252661	-434
1781818253129	1781818252698	-431
1781818253161	1781818252721	-440
1781818253196	1781818252755	-441
1781818253227	1781818252786	-441
1781818253260	1781818252820	-440
1781818253293	1781818252852	-441
1781818253327	1781818252885	-442
1781818253359	1781818252917	-442
1781818253392	1781818252951	-441
1781818253425	1781818252984	-441
1781818253458	1781818253017	-441
1781818253494	1781818253054	-440
1781818253524	1781818253084	-440
1781818253557	1781818253115	-442
1781818253590	1781818253149	-441
1781818253623	1781818253182	-441
1781818253657	1781818253215	-442
1781818253689	1781818253251	-438
1781818253722	1781818253283	-439
1781818253765	1781818253324	-441
1781818253789	1781818253347	-442
1781818253821	1781818253380	-441
1781818253858	1781818253417	-441
1781818253896	1781818253456	-440
1781818253923	1781818253482	-441
1781818253954	1781818253512	-442
1781818253989	1781818253548	-441
1781818254024	1781818253582	-442
1781818254054	1781818253612	-442
1781818254086	1781818253646	-440
1781818254123	1781818253681	-442
1781818254154	1781818253716	-438
1781818254186	1781818253745	-441
1781818254221	1781818253780	-441
1781818254257	1781818253816	-441
1781818254289	1781818253856	-433
1781818254328	1781818253889	-439
1781818254353	1781818253914	-439
1781818254387	1781818253945	-442
1781818254422	1781818253982	-440
1781818254448	1781818254007	-441
1781818254489	1781818254048	-441
1781818254520	1781818254079	-441
1781818254553	1781818254111	-442
1781818254586	1781818254144	-442
1781818254620	1781818254179	-441
1781818254654	1781818254212	-442
1781818254687	1781818254247	-440
1781818254726	1781818254286	-440
1781818254753	1781818254312	-441
1781818254788	1781818254349	-439
1781818254821	1781818254379	-442
1781818254853	1781818254411	-442
1781818254877	1781818254435	-442
1781818254910	1781818254468	-442
1781818254943	1781818254501	-442
1781818254977	1781818254538	-439
1781818255009	1781818254567	-442
1781818255045	1781818254603	-442
1781818255075	1781818254633	-442
1781818255108	1781818254666	-442
1781818255141	1781818254699	-442
1781818255174	1781818254732	-442
1781818255208	1781818254768	-440
1781818255240	1781818254799	-441
1781818255273	1781818254831	-442
1781818255306	1781818254865	-441
1781818255339	1781818254899	-440
1781818255372	1781818254930	-442
1781818255405	1781818254963	-442
1781818255438	1781818254996	-442
1781818255472	1781818255030	-442
1781818255509	1781818255067	-442
1781818255538	1781818255098	-440
1781818255570	1781818255134	-436
1781818255603	1781818255162	-441
1781818255636	1781818255194	-442
1781818255670	1781818255231	-439
1781818255702	1781818255260	-442
1781818255737	1781818255295	-442
1781818255768	1781818255327	-441
1781818255803	1781818255361	-442
1781818255837	1781818255395	-442
1781818255868	1781818255427	-441
1781818255905	1781818255465	-440
1781818255939	1781818255497	-442
1781818255969	1781818255528	-441
1781818256001	1781818255559	-442
1781818256035	1781818255593	-442
1781818256067	1781818255627	-440
1781818256102	1781818255660	-442
1781818256139	1781818255702	-437
1781818256168	1781818255728	-440
1781818256201	1781818255759	-442
1781818256233	1781818255792	-441
1781818256268	1781818255826	-442
1781818256300	1781818255858	-442
1781818256336	1781818255894	-442
1781818256367	1781818255926	-441
1781818256401	1781818255959	-442
1781818256435	1781818255995	-440
1781818256469	1781818256027	-442
1781818256502	1781818256061	-441
1781818256542	1781818256101	-441
1781818256572	1781818256132	-440
1781818256620	1781818256179	-441
1781818256627	1781818256190	-437
1781818256667	1781818256226	-441
1781818256692	1781818256252	-440
1781818256725	1781818256295	-430
1781818256758	1781818256316	-442
1781818256791	1781818256352	-439
1781818256825	1781818256383	-442
1781818256857	1781818256423	-434
1781818256890	1781818256448	-442
1781818256923	1781818256482	-441
1781818256956	1781818256517	-439
1781818256989	1781818256547	-442
1781818257023	1781818256581	-442
1781818257055	1781818256617	-438
1781818257088	1781818256648	-440
1781818257121	1781818256684	-437
1781818257154	1781818256713	-441
1781818257187	1781818256747	-440
1781818257221	1781818256780	-441
1781818257253	1781818256812	-441
1781818257286	1781818256845	-441
1781818257319	1781818256878	-441
1781818257353	1781818256913	-440
1781818257385	1781818256945	-440
1781818257422	1781818256981	-441
1781818257452	1781818257011	-441
1781818257486	1781818257045	-441
1781818257517	1781818257076	-441
1781818257550	1781818257108	-442
1781818257584	1781818257142	-442
1781818257616	1781818257176	-440
1781818257651	1781818257210	-441
1781818257684	1781818257242	-442
1781818257716	1781818257279	-437
1781818257750	1781818257310	-440
1781818257782	1781818257340	-442
1781818257817	1781818257375	-442
1781818257850	1781818257408	-442
1781818257885	1781818257451	-434
1781818257918	1781818257476	-442
1781818257951	1781818257510	-441
1781818257982	1781818257540	-442
1781818258016	1781818257574	-442
1781818258051	1781818257611	-440
1781818258084	1781818257644	-440
1781818258118	1781818257677	-441
1781818258151	1781818257712	-439
1781818258183	1781818257743	-440
1781818258216	1781818257775	-441
1781818258249	1781818257810	-439
1781818258281	1781818257839	-442
1781818258320	1781818257880	-440
1781818258350	1781818257911	-439
1781818258383	1781818257941	-442
1781818258417	1781818257976	-441
1781818258449	1781818258009	-440
1781818258483	1781818258042	-441
1781818258517	1781818258076	-441
1781818258540	1781818258109	-431
1781818258573	1781818258132	-441
1781818258606	1781818258167	-439
1781818258639	1781818258197	-442
1781818258672	1781818258230	-442
1781818258705	1781818258264	-441
1781818258738	1781818258297	-441
1781818258771	1781818258330	-441
1781818258805	1781818258364	-441
1781818258837	1781818258395	-442
1781818258870	1781818258428	-442
1781818258903	1781818258462	-441
1781818258936	1781818258495	-441
1781818258971	1781818258530	-441
1781818259004	1781818258563	-441
1781818259035	1781818258593	-442
1781818259068	1781818258627	-441
1781818259101	1781818258660	-441
1781818259134	1781818258693	-441
1781818259167	1781818258727	-440
1781818259200	1781818258761	-439
1781818259234	1781818258792	-442
1781818259266	1781818258826	-440
1781818259299	1781818258857	-442
1781818259332	1781818258893	-439
1781818259365	1781818258923	-442
1781818259398	1781818258956	-442
1781818259432	1781818258990	-442
1781818259464	1781818259023	-441
1781818259500	1781818259060	-440
1781818259532	1781818259092	-440
1781818259563	1781818259121	-442
1781818259597	1781818259155	-442
1781818259631	1781818259189	-442
1781818259665	1781818259223	-442
1781818259697	1781818259255	-442
1781818259732	1781818259290	-442
1781818259765	1781818259323	-442
1781818259794	1781818259353	-441
1781818259832	1781818259395	-437
1781818259867	1781818259427	-440
1781818259901	1781818259460	-441
1781818259932	1781818259490	-442
1781818259966	1781818259524	-442
1781818259998	1781818259557	-441
1781818260030	1781818259589	-441
1781818260067	1781818259626	-441
1781818260092	1781818259651	-441
1781818260131	1781818259689	-442
1781818260164	1781818259722	-442
1781818260199	1781818259758	-441
1781818260231	1781818259789	-442
1781818260266	1781818259826	-440
1781818260299	1781818259857	-442
1781818260323	1781818259881	-442
1781818260355	1781818259913	-442
1781818260388	1781818259946	-442
1781818260421	1781818259979	-442
1781818260465	1781818260023	-442
1781818260487	1781818260049	-438
1781818260521	1781818260079	-442
1781818260553	1781818260111	-442
1781818260586	1781818260144	-442
1781818260620	1781818260189	-431
1781818260652	1781818260211	-441
1781818260685	1781818260243	-442
1781818260718	1781818260277	-441
1781818260751	1781818260310	-441
1781818260785	1781818260344	-441
1781818260817	1781818260387	-430
1781818260850	1781818260408	-442
1781818260884	1781818260443	-441
1781818260916	1781818260474	-442
1781818260949	1781818260507	-442
1781818260982	1781818260540	-442
1781818261015	1781818260573	-442
1781818261048	1781818260606	-442
1781818261082	1781818260640	-442
1781818261114	1781818260672	-442
1781818261147	1781818260706	-441
1781818261180	1781818260740	-440
1781818261215	1781818260774	-441
1781818261246	1781818260804	-442
1781818261280	1781818260840	-440
1781818261313	1781818260873	-440
1781818261345	1781818260903	-442
1781818261381	1781818260939	-442
1781818261412	1781818260971	-441
1781818261446	1781818261004	-442
1781818261481	1781818261039	-442
1781818261512	1781818261074	-438
1781818261547	1781818261107	-440
1781818261579	1781818261138	-441
1781818261610	1781818261171	-439
1781818261646	1781818261205	-441
1781818261679	1781818261238	-441
1781818261733	1781818261293	-440
1781818261741	1781818261305	-436
1781818261781	1781818261340	-441
1781818261813	1781818261373	-440
1781818261848	1781818261414	-434
1781818261879	1781818261437	-442
1781818261911	1781818261470	-441
1781818261946	1781818261504	-442
1781818261979	1781818261538	-441
1781818262010	1781818261568	-442
1781818262044	1781818261603	-441
1781818262079	1781818261637	-442
1781818262113	1781818261673	-440
1781818262147	1781818261705	-442
1781818262179	1781818261740	-439
1781818262203	1781818261766	-437
1781818262236	1781818261800	-436
1781818262269	1781818261828	-441
1781818262302	1781818261861	-441
1781818262335	1781818261894	-441
1781818262368	1781818261929	-439
1781818262401	1781818261960	-441
1781818262434	1781818261992	-442
1781818262467	1781818262025	-442
1781818262502	1781818262067	-435
1781818262533	1781818262091	-442
1781818262567	1781818262127	-440
1781818262599	1781818262158	-441
1781818262632	1781818262190	-442
1781818262665	1781818262224	-441
1781818262698	1781818262257	-441
1781818262731	1781818262289	-442
1781818262767	1781818262325	-442
1781818262798	1781818262357	-441
1781818262831	1781818262389	-442
1781818262863	1781818262421	-442
1781818262896	1781818262459	-437
1781818262929	1781818262487	-442
1781818262962	1781818262522	-440
1781818262996	1781818262555	-441
1781818263029	1781818262588	-441
1781818263061	1781818262619	-442
1781818263096	1781818262655	-441
1781818263131	1781818262689	-442
1781818263161	1781818262720	-441
1781818263195	1781818262753	-442
1781818263227	1781818262785	-442
1781818263262	1781818262822	-440
1781818263293	1781818262853	-440
1781818263328	1781818262887	-441
1781818263361	1781818262919	-442
1781818263399	1781818262959	-440
1781818263428	1781818262988	-440
1781818263463	1781818263021	-442
1781818263495	1781818263055	-440
1781818263529	1781818263090	-439
1781818263561	1781818263124	-437
1781818263594	1781818263155	-439
1781818263627	1781818263188	-439
1781818263660	1781818263222	-438
1781818263692	1781818263251	-441
1781818263727	1781818263290	-437
1781818263760	1781818263318	-442
1781818263793	1781818263351	-442
1781818263828	1781818263389	-439
1781818263860	1781818263422	-438
1781818263893	1781818263452	-441
1781818263927	1781818263487	-440
1781818263962	1781818263520	-442
1781818263995	1781818263554	-441
1781818264019	1781818263579	-440
1781818264051	1781818263611	-440
1781818264084	1781818263652	-432
1781818264118	1781818263679	-439
1781818264150	1781818263710	-440
1781818264183	1781818263741	-442
1781818264217	1781818263775	-442
1781818264249	1781818263807	-442
1781818264282	1781818263841	-441
1781818264315	1781818263873	-442
1781818264348	1781818263906	-442
1781818264381	1781818263939	-442
1781818264414	1781818263972	-442
1781818264447	1781818264007	-440
1781818264480	1781818264038	-442
1781818264513	1781818264072	-441
1781818264546	1781818264105	-441
1781818264579	1781818264139	-440
1781818264614	1781818264175	-439
1781818264645	1781818264203	-442
1781818264683	1781818264243	-440
1781818264711	1781818264271	-440
1781818264744	1781818264307	-437
1781818264777	1781818264336	-441
1781818264811	1781818264370	-441
1781818264843	1781818264401	-442
1781818264876	1781818264435	-441
1781818264910	1781818264468	-442
1781818264943	1781818264501	-442
1781818264975	1781818264533	-442
1781818265009	1781818264568	-441
1781818265042	1781818264601	-441
1781818265076	1781818264635	-441
1781818265109	1781818264667	-442
1781818265143	1781818264701	-442
1781818265173	1781818264732	-441
1781818265210	1781818264770	-440
1781818265241	1781818264800	-441
1781818265274	1781818264833	-441
1781818265309	1781818264869	-440
1781818265343	1781818264905	-438
1781818265374	1781818264934	-440
1781818265409	1781818264969	-440
1781818265442	1781818265001	-441
1781818265476	1781818265036	-440
1781818265508	1781818265066	-442
1781818265541	1781818265102	-439
1781818265573	1781818265133	-440
1781818265608	1781818265166	-442
1781818265640	1781818265202	-438
1781818265674	1781818265233	-441
1781818265708	1781818265266	-442
1781818265740	1781818265300	-440
1781818265774	1781818265334	-440
1781818265806	1781818265366	-440
1781818265833	1781818265398	-435
1781818265874	1781818265434	-440
1781818265900	1781818265459	-441
1781818265932	1781818265490	-442
1781818265965	1781818265523	-442
1781818265998	1781818265556	-442
1781818266031	1781818265589	-442
1781818266064	1781818265622	-442
1781818266097	1781818265655	-442
1781818266130	1781818265688	-442
1781818266163	1781818265721	-442
1781818266196	1781818265755	-441
1781818266229	1781818265788	-441
1781818266262	1781818265821	-441
1781818266296	1781818265854	-442
1781818266328	1781818265886	-442
1781818266361	1781818265919	-442
1781818266394	1781818265954	-440
1781818266427	1781818265986	-441
1781818266460	1781818266020	-440
1781818266493	1781818266052	-441
1781818266527	1781818266085	-442
1781818266561	1781818266121	-440
1781818266592	1781818266150	-442
1781818266625	1781818266184	-441
1781818266659	1781818266218	-441
1781818266691	1781818266251	-440
1781818266725	1781818266286	-439
1781818266761	1781818266322	-439
1781818266795	1781818266354	-441
1781818266823	1781818266381	-442
phone_ts_ms	host_ts_ms	offset_ms
1781818369530	1781818369091	-439
1781818369562	1781818369118	-444
1781818369609	1781818369166	-443
1781818369641	1781818369199	-442
1781818369661	1781818369217	-444
1781818369711	1781818369268	-443
1781818369742	1781818369298	-444
1781818369791	1781818369348	-443
1781818369795	1781818369353	-442
1781818369826	1781818369384	-442
1781818369875	1781818369432	-443
1781818369912	1781818369469	-443
1781818369939	1781818369496	-443
1781818369975	1781818369533	-442
1781818370009	1781818369565	-444
1781818370045	1781818369601	-444
1781818370071	1781818369627	-444
1781818370104	1781818369664	-440
1781818370125	1781818369682	-443
1781818370156	1781818369717	-439
1781818370189	1781818369748	-441
1781818370222	1781818369778	-444
1781818370257	1781818369814	-443
1781818370288	1781818369844	-444
1781818370321	1781818369878	-443
1781818370354	1781818369910	-444
1781818370387	1781818369944	-443
1781818370420	1781818369977	-443
1781818370453	1781818370010	-443
1781818370486	1781818370043	-443
1781818370519	1781818370075	-444
1781818370553	1781818370109	-444
1781818370585	1781818370142	-443
1781818370621	1781818370177	-444
1781818370652	1781818370208	-444
1781818370684	1781818370240	-444
1781818370723	1781818370279	-444
1781818370755	1781818370312	-443
1781818370795	1781818370354	-441
1781818370821	1781818370380	-441
1781818370853	1781818370409	-444
1781818370884	1781818370440	-444
1781818370915	1781818370471	-444
1781818370948	1781818370505	-443
1781818370987	1781818370543	-444
1781818371019	1781818370581	-438
1781818371053	1781818370609	-444
1781818371086	1781818370644	-442
1781818371123	1781818370681	-442
1781818371152	1781818370710	-442
1781818371185	1781818370741	-444
1781818371212	1781818370769	-443
1781818371245	1781818370805	-440
1781818371278	1781818370836	-442
1781818371322	1781818370880	-442
1781818371352	1781818370908	-444
1781818371384	1781818370941	-443
1781818371424	1781818370980	-444
1781818371453	1781818371010	-443
1781818371489	1781818371046	-443
1781818371512	1781818371069	-443
1781818371550	1781818371108	-442
1781818371575	1781818371131	-444
1781818371608	1781818371165	-443
1781818371650	1781818371207	-443
1781818371684	1781818371240	-444
1781818371719	1781818371276	-443
1781818371750	1781818371311	-439
1781818371773	1781818371331	-442
1781818371806	1781818371363	-443
1781818371850	1781818371406	-444
1781818371875	1781818371433	-442
1781818371905	1781818371463	-442
1781818371952	1781818371509	-443
1781818371985	1781818371542	-443
1781818372022	1781818371580	-442
1781818372037	1781818371594	-443
1781818372070	1781818371627	-443
1781818372103	1781818371661	-442
1781818372141	1781818371698	-443
1781818372172	1781818371728	-444
1781818372202	1781818371759	-443
1781818372236	1781818371793	-443
1781818372268	1781818371826	-442
1781818372301	1781818371858	-443
1781818372335	1781818371892	-443
1781818372367	1781818371924	-443
1781818372400	1781818371957	-443
1781818372434	1781818371992	-442
1781818372466	1781818372023	-443
1781818372502	1781818372058	-444
1781818372532	1781818372088	-444
1781818372565	1781818372122	-443
1781818372598	1781818372155	-443
1781818372634	1781818372192	-442
1781818372668	1781818372228	-440
1781818372702	1781818372259	-443
1781818372735	1781818372291	-444
1781818372775	1781818372336	-439
1781818372803	1781818372361	-442
1781818372835	1781818372392	-443
1781818372866	1781818372425	-441
1781818372900	1781818372456	-444
1781818372932	1781818372489	-443
1781818372965	1781818372522	-443
1781818373001	1781818372558	-443
1781818373033	1781818372592	-441
1781818373070	1781818372629	-441
1781818373103	1781818372661	-442
1781818373133	1781818372692	-441
1781818373159	1781818372715	-444
1781818373198	1781818372755	-443
1781818373231	1781818372788	-443
1781818373263	1781818372821	-442
1781818373300	1781818372856	-444
1781818373332	1781818372889	-443
1781818373366	1781818372922	-444
1781818373400	1781818372958	-442
1781818373434	1781818372991	-443
1781818373465	1781818373022	-443
1781818373502	1781818373059	-443
1781818373534	1781818373091	-443
1781818373565	1781818373122	-443
1781818373599	1781818373156	-443
1781818373634	1781818373190	-444
1781818373663	1781818373220	-443
1781818373696	1781818373252	-444
1781818373736	1781818373293	-443
1781818373767	1781818373326	-441
1781818373802	1781818373360	-442
1781818373831	1781818373387	-444
1781818373866	1781818373422	-444
1781818373900	1781818373456	-444
1781818373918	1781818373475	-443
1781818373951	1781818373510	-441
1781818373984	1781818373540	-444
1781818374017	1781818373573	-444
1781818374050	1781818373607	-443
1781818374085	1781818373641	-444
1781818374116	1781818373673	-443
1781818374149	1781818373706	-443
1781818374195	1781818373753	-442
1781818374216	1781818373772	-444
1781818374250	1781818373806	-444
1781818374282	1781818373838	-444
1781818374317	1781818373875	-442
1781818374349	1781818373905	-444
1781818374381	1781818373938	-443
1781818374413	1781818373971	-442
1781818374446	1781818374004	-442
1781818374480	1781818374037	-443
1781818374513	1781818374069	-444
1781818374545	1781818374103	-442
1781818374578	1781818374135	-443
1781818374615	1781818374173	-442
1781818374644	1781818374200	-444
1781818374679	1781818374235	-444
1781818374711	1781818374269	-442
1781818374743	1781818374300	-443
1781818374780	1781818374337	-443
1781818374813	1781818374370	-443
1781818374847	1781818374409	-438
1781818374880	1781818374438	-442
1781818374915	1781818374474	-441
1781818374947	1781818374504	-443
1781818374979	1781818374538	-441
1781818375013	1781818374569	-444
1781818375046	1781818374604	-442
1781818375080	1781818374638	-442
1781818375113	1781818374669	-444
1781818375144	1781818374702	-442
1781818375177	1781818374733	-444
1781818375212	1781818374769	-443
1781818375248	1781818374806	-442
1781818375281	1781818374838	-443
1781818375312	1781818374868	-444
1781818375347	1781818374906	-441
1781818375379	1781818374935	-444
1781818375412	1781818374968	-444
1781818375444	1781818374999	-445
1781818375480	1781818375036	-444
1781818375513	1781818375069	-444
1781818375545	1781818375101	-444
1781818375579	1781818375135	-444
1781818375611	1781818375167	-444
1781818375646	1781818375202	-444
1781818375683	1781818375239	-444
1781818375701	1781818375260	-441
1781818375734	1781818375295	-439
1781818375767	1781818375331	-436
1781818375812	1781818375368	-444
1781818375842	1781818375399	-443
1781818375873	1781818375429	-444
1781818375898	1781818375457	-441
1781818375931	1781818375488	-443
1781818375980	1781818375538	-442
1781818375998	1781818375554	-444
1781818376030	1781818375589	-441
1781818376065	1781818375622	-443
1781818376096	1781818375653	-443
1781818376129	1781818375686	-443
1781818376163	1781818375720	-443
1781818376196	1781818375755	-441
1781818376229	1781818375786	-443
1781818376261	1781818375817	-444
1781818376294	1781818375851	-443
1781818376328	1781818375884	-444
1781818376363	1781818375920	-443
1781818376394	1781818375950	-444
1781818376429	1781818375986	-443
1781818376465	1781818376025	-440
1781818376492	1781818376048	-444
1781818376529	1781818376085	-444
1781818376561	1781818376117	-444
1781818376594	1781818376150	-444
1781818376625	1781818376181	-444
1781818376659	1781818376215	-444
1781818376693	1781818376252	-441
1781818376725	1781818376282	-443
1781818376763	1781818376322	-441
1781818376794	1781818376351	-443
1781818376824	1781818376381	-443
1781818376865	1781818376423	-442
1781818376896	1781818376456	-440
1781818376928	1781818376486	-442
1781818376959	1781818376516	-443
1781818376991	1781818376548	-443
1781818377026	1781818376584	-442
1781818377053	1781818376609	-444
1781818377092	1781818376649	-443
1781818377126	1781818376684	-442
1781818377159	1781818376716	-443
1781818377192	1781818376748	-444
1781818377226	1781818376783	-443
1781818377259	1781818376815	-444
1781818377290	1781818376848	-442
1781818377324	1781818376880	-444
1781818377358	1781818376915	-443
1781818377392	1781818376950	-442
1781818377422	1781818376978	-444
1781818377457	1781818377015	-442
1781818377493	1781818377050	-443
1781818377525	1781818377081	-444
1781818377558	1781818377114	-444
1781818377595	1781818377151	-444
1781818377626	1781818377183	-443
1781818377648	1781818377205	-443
1781818377680	1781818377238	-442
1781818377713	1781818377270	-443
1781818377747	1781818377304	-443
1781818377779	1781818377335	-444
1781818377812	1781818377369	-443
1781818377845	1781818377401	-444
1781818377880	1781818377436	-444
1781818377911	1781818377468	-443
1781818377949	1781818377506	-443
1781818377977	1781818377534	-443
1781818378010	1781818377567	-443
1781818378043	1781818377599	-444
1781818378076	1781818377633	-443
1781818378111	1781818377667	-444
1781818378142	1781818377699	-443
1781818378175	1781818377734	-441
1781818378208	1781818377765	-443
1781818378242	1781818377799	-443
1781818378275	1781818377831	-444
1781818378308	1781818377864	-444
1781818378341	1781818377898	-443
1781818378375	1781818377931	-444
1781818378410	1781818377967	-443
1781818378439	1781818377996	-443
1781818378476	1781818378033	-443
1781818378511	1781818378067	-444
1781818378543	1781818378100	-443
1781818378573	1781818378129	-444
1781818378608	1781818378169	-439
1781818378638	1781818378194	-444
1781818378674	1781818378233	-441
1781818378710	1781818378267	-443
1781818378742	1781818378300	-442
1781818378774	1781818378333	-441
1781818378808	1781818378366	-442
1781818378840	1781818378396	-444
1781818378868	1781818378425	-443
1781818378901	1781818378459	-442
1781818378941	1781818378499	-442
1781818378972	1781818378529	-443
1781818379009	1781818378566	-443
1781818379043	1781818378599	-444
1781818379074	1781818378633	-441
1781818379099	1781818378657	-442
1781818379133	1781818378689	-444
1781818379165	1781818378721	-444
1781818379206	1781818378764	-442
1781818379241	1781818378798	-443
1781818379276	1781818378835	-441
1781818379310	1781818378867	-443
1781818379341	1781818378897	-444
1781818379374	1781818378932	-442
1781818379407	1781818378963	-444
1781818379441	1781818378998	-443
1781818379474	1781818379031	-443
1781818379508	1781818379065	-443
1781818379528	1781818379087	-441
1781818379575	1781818379134	-441
1781818379594	1781818379150	-444
1781818379640	1781818379196	-444
1781818379660	1781818379216	-444
1781818379701	1781818379260	-441
1781818379726	1781818379282	-444
1781818379765	1781818379321	-444
1781818379792	1781818379349	-443
1781818379825	1781818379382	-443
1781818379864	1781818379422	-442
1781818379896	1781818379453	-443
1781818379924	1781818379480	-444
1781818379957	1781818379513	-444
1781818379990	1781818379547	-443
1781818380023	1781818379582	-441
1781818380062	1781818379618	-444
1781818380100	1781818379656	-444
1781818380124	1781818379680	-444
1781818380155	1781818379714	-441
1781818380192	1781818379748	-444
1781818380224	1781818379783	-441
1781818380254	1781818379814	-440
1781818380303	1781818379860	-443
1781818380322	1781818379878	-444
1781818380356	1781818379916	-440
1781818380388	1781818379946	-442
1781818380422	1781818379979	-443
1781818380458	1781818380014	-444
1781818380491	1781818380047	-444
1781818380522	1781818380078	-444
1781818380562	1781818380119	-443
1781818380587	1781818380144	-443
1781818380623	1781818380181	-442
1781818380654	1781818380210	-444
1781818380686	1781818380243	-443
1781818380719	1781818380275	-444
1781818380754	1781818380311	-443
1781818380787	1781818380343	-444
1781818380821	1781818380377	-444
1781818380852	1781818380408	-444
1781818380884	1781818380440	-444
1781818380920	1781818380477	-443
1781818380953	1781818380509	-444
1781818380986	1781818380543	-443
1781818381020	1781818380577	-443
1781818381054	1781818380610	-444
1781818381088	1781818380647	-441
1781818381120	1781818380677	-443
1781818381153	1781818380709	-444
1781818381186	1781818380743	-443
1781818381221	1781818380777	-444
1781818381254	1781818380810	-444
1781818381286	1781818380844	-442
1781818381319	1781818380876	-443
1781818381355	1781818380912	-443
1781818381387	1781818380943	-444
1781818381413	1781818380969	-444
1781818381442	1781818381001	-441
1781818381487	1781818381044	-443
1781818381510	1781818381066	-444
1781818381541	1781818381098	-443
1781818381574	1781818381132	-442
1781818381607	1781818381163	-444
1781818381640	1781818381196	-444
1781818381673	1781818381230	-443
1781818381706	1781818381263	-443
1781818381739	1781818381296	-443
1781818381772	1781818381329	-443
1781818381805	1781818381363	-442
1781818381838	1781818381397	-441
1781818381871	1781818381428	-443
1781818381904	1781818381460	-444
1781818381937	1781818381494	-443
1781818381999	1781818381558	-441
1781818382007	1781818381568	-439
1781818382039	1781818381598	-441
1781818382077	1781818381633	-444
1781818382103	1781818381659	-444
1781818382138	1781818381697	-441
1781818382170	1781818381726	-444
1781818382202	1781818381759	-443
1781818382236	1781818381792	-444
1781818382268	1781818381830	-438
1781818382305	1781818381861	-444
1781818382335	1781818381900	-435
1781818382368	1781818381924	-444
1781818382402	1781818381959	-443
1781818382437	1781818381997	-440
1781818382467	1781818382024	-443
1781818382503	1781818382060	-443
1781818382537	1781818382093	-444
1781818382569	1781818382126	-443
1781818382602	1781818382158	-444
1781818382634	1781818382190	-444
1781818382670	1781818382227	-443
1781818382701	1781818382263	-438
1781818382733	1781818382289	-444
1781818382769	1781818382327	-442
1781818382801	1781818382357	-444
1781818382837	1781818382394	-443
1781818382870	1781818382427	-443
1781818382904	1781818382461	-443
1781818382938	1781818382495	-443
1781818382968	1781818382525	-443
1781818382999	1781818382556	-443
1781818383034	1781818382592	-442
1781818383065	1781818382621	-444
1781818383103	1781818382660	-443
1781818383134	1781818382689	-445
1781818383158	1781818382714	-444
1781818383202	1781818382758	-444
1781818383238	1781818382794	-444
1781818383267	1781818382823	-444
1781818383299	1781818382854	-445
1781818383323	1781818382879	-444
1781818383356	1781818382919	-437
1781818383389	1781818382953	-436
1781818383422	1781818382979	-443
1781818383455	1781818383012	-443
1781818383488	1781818383045	-443
1781818383521	1781818383078	-443
1781818383554	1781818383111	-443
1781818383587	1781818383143	-444
1781818383620	1781818383176	-444
1781818383653	1781818383209	-444
1781818383686	1781818383242	-444
1781818383719	1781818383275	-444
1781818383753	1781818383311	-442
1781818383785	1781818383342	-443
1781818383818	1781818383375	-443
1781818383852	1781818383408	-444
1781818383887	1781818383443	-444
1781818383917	1781818383473	-444
1781818383951	1781818383507	-444
1781818383985	1781818383541	-444
1781818384021	1781818383578	-443
1781818384050	1781818383606	-444
1781818384082	1781818383638	-444
1781818384115	1781818383672	-443
1781818384149	1781818383706	-443
1781818384183	1781818383740	-443
1781818384218	1781818383775	-443
1781818384252	1781818383808	-444
1781818384282	1781818383838	-444
1781818384318	1781818383874	-444
1781818384350	1781818383908	-442
1781818384381	1781818383939	-442
1781818384417	1781818383974	-443
1781818384452	1781818384008	-444
1781818384485	1781818384043	-442
1781818384512	1781818384069	-443
1781818384551	1781818384109	-442
1781818384578	1781818384135	-443
1781818384615	1781818384172	-443
1781818384652	1781818384209	-443
1781818384678	1781818384234	-444
1781818384716	1781818384272	-444
1781818384749	1781818384306	-443
1781818384781	1781818384341	-440
1781818384814	1781818384373	-441
1781818384846	1781818384404	-442
1781818384885	1781818384444	-441
1781818384920	1781818384477	-443
1781818384948	1781818384506	-442
1781818384980	1781818384536	-444
1781818385021	1781818384578	-443
1781818385050	1781818384608	-442
1781818385082	1781818384641	-441
1781818385116	1781818384673	-443
1781818385148	1781818384705	-443
1781818385180	1781818384738	-442
1781818385204	1781818384760	-444
1781818385237	1781818384795	-442
1781818385270	1781818384826	-444
1781818385314	1781818384871	-443
1781818385336	1781818384893	-443
1781818385369	1781818384925	-444
1781818385403	1781818384961	-442
1781818385435	1781818384991	-444
1781818385468	1781818385024	-444
1781818385501	1781818385057	-444
1781818385534	1781818385089	-445
1781818385568	1781818385124	-444
1781818385600	1781818385156	-444
1781818385635	1781818385191	-444
1781818385667	1781818385223	-444
1781818385699	1781818385255	-444
1781818385732	1781818385289	-443
1781818385765	1781818385321	-444
1781818385798	1781818385354	-444
1781818385831	1781818385388	-443
1781818385865	1781818385422	-443
1781818385897	1781818385454	-443
1781818385930	1781818385486	-444
1781818385963	1781818385519	-444
1781818385997	1781818385553	-444
1781818386029	1781818385585	-444
1781818386065	1781818385622	-443
1781818386097	1781818385654	-443
1781818386130	1781818385685	-445
1781818386164	1781818385725	-439
1781818386197	1781818385753	-444
1781818386230	1781818385785	-445
1781818386264	1781818385820	-444
1781818386297	1781818385853	-444
1781818386330	1781818385886	-444
1781818386364	1781818385920	-444
1781818386396	1781818385953	-443
1781818386429	1781818385986	-443
1781818386465	1781818386022	-443
1781818386499	1781818386055	-444
1781818386534	1781818386090	-444
1781818386563	1781818386119	-444
1781818386597	1781818386154	-443
1781818386631	1781818386187	-444
1781818386664	1781818386222	-442
1781818386696	1781818386252	-444
1781818386729	1781818386285	-444
1781818386763	1781818386319	-444
1781818386797	1781818386353	-444
1781818386831	1781818386388	-443
1781818386863	1781818386421	-442
1781818386896	1781818386455	-441
1781818386929	1781818386486	-443
1781818386963	1781818386519	-444
1781818386996	1781818386552	-444
1781818387019	1781818386576	-443
1781818387053	1781818386609	-444
1781818387085	1781818386645	-440
1781818387118	1781818386675	-443
1781818387151	1781818386709	-442
1781818387184	1781818386741	-443
1781818387217	1781818386775	-442
1781818387252	1781818386815	-437
1781818387283	1781818386839	-444
1781818387316	1781818386873	-443
1781818387349	1781818386906	-443
1781818387382	1781818386938	-444
1781818387415	1781818386973	-442
1781818387448	1781818387004	-444
1781818387483	1781818387039	-444
1781818387514	1781818387070	-444
1781818387547	1781818387103	-444
1781818387580	1781818387137	-443
1781818387614	1781818387170	-444
1781818387649	1781818387206	-443
1781818387683	1781818387239	-444
1781818387713	1781818387269	-444
1781818387745	1781818387302	-443
1781818387779	1781818387335	-444
1781818387812	1781818387370	-442
1781818387846	1781818387404	-442
1781818387879	1781818387435	-444
1781818387912	1781818387468	-444
1781818387944	1781818387500	-444
1781818387978	1781818387536	-442
1781818388012	1781818387569	-443
1781818388045	1781818387605	-440
1781818388078	1781818387635	-443
1781818388111	1781818387669	-442
1781818388142	1781818387698	-444
1781818388178	1781818387736	-442
1781818388211	1781818387768	-443
1781818388245	1781818387804	-441
1781818388278	1781818387839	-439
1781818388311	1781818387868	-443
1781818388347	1781818387906	-441
1781818388378	1781818387936	-442
1781818388410	1781818387965	-445
1781818388443	1781818387999	-444
1781818388477	1781818388037	-440
1781818388511	1781818388068	-443
1781818388545	1781818388101	-444
1781818388578	1781818388136	-442
1781818388615	1781818388172	-443
1781818388642	1781818388199	-443
1781818388676	1781818388232	-444
1781818388711	1781818388268	-443
1781818388742	1781818388298	-444
1781818388776	1781818388333	-443
1781818388810	1781818388367	-443
1781818388844	1781818388401	-443
1781818388877	1781818388433	-444
1781818388900	1781818388458	-442
1781818388933	1781818388496	-437
1781818388966	1781818388523	-443
1781818388999	1781818388555	-444
1781818389032	1781818388589	-443
1781818389065	1781818388621	-444
1781818389098	1781818388654	-444
1781818389131	1781818388688	-443
1781818389164	1781818388721	-443
1781818389197	1781818388757	-440
1781818389233	1781818388790	-443
1781818389263	1781818388821	-442
1781818389296	1781818388853	-443
1781818389330	1781818388886	-444
1781818389362	1781818388919	-443
1781818389395	1781818388952	-443
1781818389428	1781818388984	-444
1781818389461	1781818389018	-443
1781818389496	1781818389053	-443
1781818389527	1781818389084	-443
1781818389563	1781818389121	-442
1781818389593	1781818389150	-443
1781818389627	1781818389184	-443
1781818389659	1781818389217	-442
1781818389692	1781818389249	-443
1781818389727	1781818389287	-440
1781818389760	1781818389318	-442
1781818389791	1781818389348	-443
1781818389825	1781818389382	-443
1781818389859	1781818389415	-444
1781818389891	1781818389450	-441
1781818389926	1781818389485	-441
1781818389960	1781818389518	-442
1781818389994	1781818389551	-443
1781818390025	1781818389585	-440
1781818390057	1781818389613	-444
1781818390093	1781818389651	-442
1781818390130	1781818389691	-439
1781818390159	1781818389715	-444
1781818390192	1781818389748	-444
1781818390225	1781818389785	-440
1781818390259	1781818389819	-440
1781818390292	1781818389853	-439
1781818390326	1781818389883	-443
1781818390358	1781818389915	-443
1781818390392	1781818389948	-444
1781818390426	1781818389982	-444
1781818390459	1781818390016	-443
1781818390494	1781818390049	-445
1781818390526	1781818390084	-442
1781818390560	1781818390117	-443
1781818390593	1781818390150	-443
1781818390631	1781818390187	-444
1781818390659	1781818390216	-443
1781818390682	1781818390240	-442
1781818390715	1781818390271	-444
1781818390748	1781818390306	-442
1781818390781	1781818390338	-443
1781818390814	1781818390372	-442
1781818390847	1781818390404	-443
1781818390880	1781818390436	-444
1781818390913	1781818390469	-444
1781818390946	1781818390503	-443
1781818390979	1781818390536	-443
1781818391015	1781818390572	-443
1781818391045	1781818390602	-443
1781818391084	1781818390641	-443
1781818391111	1781818390668	-443
1781818391144	1781818390701	-443
1781818391177	1781818390734	-443
1781818391210	1781818390767	-443
1781818391243	1781818390800	-443
1781818391282	1781818390838	-444
1781818391310	1781818390868	-442
1781818391343	1781818390899	-444
1781818391375	1781818390932	-443
1781818391412	1781818390969	-443
1781818391443	1781818391003	-440
1781818391475	1781818391031	-444
1781818391509	1781818391065	-444
1781818391541	1781818391098	-443
1781818391578	1781818391135	-443
1781818391608	1781818391165	-443
1781818391642	1781818391198	-444
1781818391676	1781818391232	-444
1781818391708	1781818391266	-442
1781818391741	1781818391299	-442
1781818391776	1781818391333	-443
1781818391805	1781818391362	-443
1781818391846	1781818391405	-441
1781818391875	1781818391435	-440
1781818391910	1781818391471	-439
1781818391941	1781818391499	-442
1781818391973	1781818391530	-443
1781818392006	1781818391563	-443
1781818392046	1781818391603	-443
1781818392073	1781818391629	-444
1781818392108	1781818391665	-443
1781818392141	1781818391697	-444
1781818392174	1781818391732	-442
1781818392207	1781818391764	-443
1781818392241	1781818391798	-443
1781818392274	1781818391831	-443
1781818392306	1781818391862	-444
1781818392340	1781818391896	-444
1781818392373	1781818391929	-444
1781818392398	1781818391956	-442
1781818392431	1781818391988	-443
1781818392468	1781818392025	-443
1781818392497	1781818392055	-442
1781818392564	1781818392120	-444
1781818392579	1781818392137	-442
1781818392596	1781818392153	-443
1781818392630	1781818392187	-443
1781818392662	1781818392219	-443
1781818392695	1781818392251	-444
1781818392728	1781818392285	-443
1781818392761	1781818392317	-444
1781818392794	1781818392351	-443
1781818392827	1781818392384	-443
1781818392860	1781818392417	-443
1781818392896	1781818392453	-443
1781818392926	1781818392482	-444
1781818392959	1781818392517	-442
1781818392993	1781818392549	-444
1781818393026	1781818392582	-444
1781818393058	1781818392614	-444
1781818393092	1781818392652	-440
1781818393124	1781818392680	-444
1781818393159	1781818392717	-442
1781818393190	1781818392746	-444
1781818393223	1781818392780	-443
1781818393257	1781818392813	-444
1781818393289	1781818392846	-443
1781818393322	1781818392880	-442
1781818393358	1781818392923	-435
1781818393391	1781818392951	-440
1781818393424	1781818392980	-444
1781818393457	1781818393014	-443
1781818393490	1781818393047	-443
1781818393524	1781818393080	-444
1781818393557	1781818393113	-444
1781818393590	1781818393146	-444
1781818393621	1781818393179	-442
1781818393656	1781818393213	-443
1781818393692	1781818393251	-441
1781818393724	1781818393281	-443
1781818393758	1781818393314	-444
1781818393790	1781818393347	-443
1781818393823	1781818393379	-444
1781818393856	1781818393414	-442
1781818393891	1781818393451	-440
1781818393923	1781818393482	-441
1781818393955	1781818393515	-440
1781818393988	1781818393546	-442
1781818394021	1781818393577	-444
1781818394055	1781818393611	-444
1781818394089	1781818393645	-444
1781818394122	1781818393678	-444
1781818394155	1781818393711	-444
1781818394189	1781818393745	-444
1781818394213	1781818393769	-444
1781818394246	1781818393803	-443
1781818394279	1781818393836	-443
1781818394312	1781818393868	-444
1781818394345	1781818393901	-444
1781818394378	1781818393935	-443
1781818394411	1781818393968	-443
1781818394444	1781818394001	-443
1781818394477	1781818394034	-443
1781818394510	1781818394068	-442
1781818394543	1781818394100	-443
1781818394576	1781818394132	-444
1781818394609	1781818394165	-444
1781818394642	1781818394200	-442
1781818394675	1781818394232	-443
1781818394708	1781818394264	-444
1781818394741	1781818394298	-443
1781818394774	1781818394330	-444
1781818394807	1781818394364	-443
1781818394840	1781818394399	-441
1781818394873	1781818394431	-442
1781818394906	1781818394464	-442
1781818394939	1781818394496	-443
1781818394972	1781818394529	-443
1781818395009	1781818394565	-444
1781818395038	1781818394594	-444
1781818395071	1781818394627	-444
1781818395111	1781818394668	-443
1781818395139	1781818394698	-441
1781818395174	1781818394734	-440
1781818395205	1781818394761	-444
1781818395238	1781818394795	-443
1781818395270	1781818394827	-443
1781818395306	1781818394862	-444
1781818395338	1781818394894	-444
1781818395372	1781818394928	-444
1781818395404	1781818394960	-444
1781818395440	1781818394995	-445
1781818395470	1781818395026	-444
1781818395504	1781818395061	-443
1781818395536	1781818395092	-444
1781818395572	1781818395128	-444
1781818395606	1781818395164	-442
1781818395638	1781818395194	-444
1781818395670	1781818395226	-444
1781818395705	1781818395265	-440
1781818395738	1781818395296	-442
1781818395772	1781818395328	-444
1781818395805	1781818395361	-444
1781818395838	1781818395395	-443
1781818395871	1781818395428	-443
1781818395905	1781818395462	-443
1781818395938	1781818395495	-443
1781818395973	1781818395531	-442
1781818396006	1781818395564	-442
1781818396036	1781818395596	-440
1781818396061	1781818395617	-444
1781818396094	1781818395652	-442
1781818396128	1781818395685	-443
1781818396160	1781818395716	-444
1781818396193	1781818395750	-443
1781818396227	1781818395784	-443
1781818396259	1781818395816	-443
1781818396293	1781818395849	-444
1781818396325	1781818395882	-443
1781818396358	1781818395914	-444
1781818396399	1781818395956	-443
1781818396424	1781818395980	-444
1781818396457	1781818396014	-443
1781818396493	1781818396050	-443
1781818396524	1781818396080	-444
1781818396556	1781818396112	-444
1781818396589	1781818396146	-443
1781818396622	1781818396179	-443
1781818396655	1781818396211	-444
1781818396688	1781818396244	-444
1781818396721	1781818396277	-444
1781818396754	1781818396310	-444
1781818396787	1781818396343	-444
1781818396821	1781818396378	-443
1781818396853	1781818396410	-443
1781818396887	1781818396444	-443
1781818396919	1781818396475	-444
1781818396954	1781818396510	-444
1781818396988	1781818396544	-444
1781818397018	1781818396576	-442
1781818397051	1781818396609	-442
1781818397088	1781818396646	-442
1781818397117	1781818396674	-443
1781818397153	1781818396709	-444
1781818397185	1781818396742	-443
1781818397218	1781818396775	-443
1781818397255	1781818396811	-444
1781818397285	1781818396842	-443
1781818397322	1781818396881	-441
1781818397353	1781818396910	-443
1781818397387	1781818396946	-441
1781818397419	1781818396978	-441
1781818397451	1781818397013	-438
1781818397486	1781818397043	-443
1781818397518	1781818397075	-443
1781818397553	1781818397109	-444
1781818397585	1781818397144	-441
1781818397618	1781818397176	-442
1781818397651	1781818397210	-441
1781818397686	1781818397244	-442
1781818397717	1781818397273	-444
1781818397752	1781818397310	-442
1781818397789	1781818397346	-443
1781818397818	1781818397376	-442
1781818397850	1781818397407	-443
1781818397876	1781818397432	-444
1781818397909	1781818397473	-436
1781818397942	1781818397499	-443
1781818397975	1781818397531	-444
1781818398008	1781818397566	-442
1781818398041	1781818397598	-443
1781818398074	1781818397630	-444
1781818398107	1781818397665	-442
1781818398140	1781818397696	-444
1781818398174	1781818397730	-444
1781818398206	1781818397764	-442
1781818398239	1781818397795	-444
1781818398272	1781818397828	-444
1781818398324	1781818397880	-444
1781818398339	1781818397894	-445
1781818398371	1781818397929	-442
1781818398404	1781818397961	-443
1781818398437	1781818397994	-443
1781818398470	1781818398026	-444
1781818398504	1781818398061	-443
1781818398536	1781818398093	-443
1781818398569	1781818398126	-443
1781818398603	1781818398159	-444
1781818398636	1781818398193	-443
1781818398669	1781818398230	-439
1781818398702	1781818398260	-442
1781818398736	1781818398295	-441
1781818398771	1781818398327	-444
1781818398801	1781818398357	-444
1781818398834	1781818398390	-444
1781818398869	1781818398425	-444
1781818398901	1781818398459	-442
1781818398935	1781818398491	-444
1781818398968	1781818398530	-438
1781818399001	1781818398560	-441
1781818399033	1781818398588	-445
1781818399073	1781818398629	-444
1781818399102	1781818398659	-443
1781818399134	1781818398690	-444
1781818399166	1781818398723	-443
1781818399201	1781818398757	-444
1781818399234	1781818398794	-440
1781818399267	1781818398824	-443
1781818399302	1781818398858	-444
1781818399336	1781818398894	-442
1781818399367	1781818398925	-442
1781818399401	1781818398959	-442
1781818399435	1781818398993	-442
1781818399469	1781818399027	-442
1781818399501	1781818399057	-444
1781818399535	1781818399093	-442
1781818399569	1781818399125	-444
1781818399599	1781818399155	-444
1781818399634	1781818399192	-442
1781818399665	1781818399222	-443
1781818399691	1781818399247	-444
1781818399724	1781818399287	-437
1781818399757	1781818399320	-437
1781818399790	1781818399353	-437
1781818399823	1781818399379	-444
1781818399856	1781818399417	-439
1781818399889	1781818399448	-441
1781818399922	1781818399479	-443
1781818399956	1781818399513	-443
1781818399988	1781818399544	-444
1781818400021	1781818399579	-442
1781818400055	1781818399612	-443
1781818400087	1781818399643	-444
1781818400120	1781818399676	-444
1781818400153	1781818399710	-443
1781818400186	1781818399742	-444
1781818400219	1781818399775	-444
1781818400253	1781818399810	-443
1781818400286	1781818399842	-444
1781818400318	1781818399875	-443
1781818400358	1781818399915	-443
1781818400561	1781818400117	-444
1781818400587	1781818400146	-441
phone_ts_ms	host_ts_ms	offset_ms
1781818971727	1781818971274	-453
1781818971754	1781818971298	-456
1781818971786	1781818971330	-456
1781818971821	1781818971366	-455
1781818971852	1781818971396	-456
1781818971885	1781818971429	-456
1781818971918	1781818971462	-456
1781818971966	1781818971511	-455
1781818971987	1781818971531	-456
1781818972020	1781818971565	-455
1781818972050	1781818971594	-456
1781818972085	1781818971630	-455
1781818972120	1781818971666	-454
1781818972150	1781818971695	-455
1781818972182	1781818971726	-456
1781818972216	1781818971761	-455
1781818972248	1781818971793	-455
1781818972281	1781818971826	-455
1781818972313	1781818971857	-456
1781818972349	1781818971893	-456
1781818972388	1781818971934	-454
1781818972419	1781818971965	-454
1781818972449	1781818971996	-453
1781818972482	1781818972029	-453
1781818972518	1781818972068	-450
1781818972550	1781818972094	-456
1781818972590	1781818972134	-456
1781818972614	1781818972160	-454
1781818972649	1781818972195	-454
1781818972680	1781818972226	-454
1781818972714	1781818972259	-455
1781818972750	1781818972295	-455
1781818972786	1781818972330	-456
1781818972812	1781818972358	-454
1781818972846	1781818972390	-456
1781818972879	1781818972424	-455
1781818972913	1781818972459	-454
1781818972958	1781818972503	-455
1781818972986	1781818972536	-450
1781818973016	1781818972561	-455
1781818973067	1781818972611	-456
1781818973072	1781818972616	-456
1781818973115	1781818972660	-455
1781818973150	1781818972695	-455
1781818973187	1781818972732	-455
1781818973214	1781818972760	-454
1781818973248	1781818972796	-452
1781818973280	1781818972824	-456
1781818973312	1781818972857	-455
1781818973344	1781818972890	-454
1781818973381	1781818972925	-456
1781818973413	1781818972957	-456
1781818973449	1781818972994	-455
1781818973479	1781818973024	-455
1781818973511	1781818973055	-456
1781818973534	1781818973078	-456
1781818973578	1781818973126	-452
1781818973600	1781818973144	-456
1781818973648	1781818973193	-455
1781818973667	1781818973226	-441
1781818973706	1781818973264	-442
1781818973732	1781818973277	-455
1781818973765	1781818973310	-455
1781818973798	1781818973343	-455
1781818973833	1781818973381	-452
1781818973864	1781818973409	-455
1781818973897	1781818973447	-450
1781818973930	1781818973475	-455
1781818973965	1781818973511	-454
1781818973996	1781818973540	-456
1781818974030	1781818973574	-456
1781818974062	1781818973609	-453
1781818974096	1781818973643	-453
1781818974131	1781818973678	-453
1781818974165	1781818973710	-455
1781818974194	1781818973739	-455
1781818974227	1781818973771	-456
1781818974264	1781818973808	-456
1781818974293	1781818973838	-455
1781818974329	1781818973875	-454
1781818974361	1781818973906	-455
1781818974392	1781818973936	-456
1781818974430	1781818973975	-455
1781818974462	1781818974008	-454
1781818974494	1781818974039	-455
1781818974529	1781818974074	-455
1781818974560	1781818974105	-455
1781818974592	1781818974137	-455
1781818974628	1781818974173	-455
1781818974661	1781818974206	-455
1781818974698	1781818974242	-456
1781818974729	1781818974274	-455
1781818974761	1781818974307	-454
1781818974788	1781818974332	-456
1781818974826	1781818974370	-456
1781818974860	1781818974406	-454
1781818974895	1781818974439	-456
1781818974927	1781818974474	-453
1781818974961	1781818974506	-455
1781818974993	1781818974537	-456
1781818975027	1781818974572	-455
1781818975058	1781818974603	-455
1781818975095	1781818974640	-455
1781818975128	1781818974672	-456
1781818975160	1781818974705	-455
1781818975194	1781818974738	-456
1781818975227	1781818974773	-454
1781818975260	1781818974805	-455
1781818975294	1781818974841	-453
1781818975326	1781818974872	-454
1781818975349	1781818974901	-448
1781818975382	1781818974927	-455
1781818975415	1781818974959	-456
1781818975450	1781818974994	-456
1781818975481	1781818975026	-455
1781818975515	1781818975061	-454
1781818975547	1781818975093	-454
1781818975581	1781818975126	-455
1781818975613	1781818975158	-455
1781818975647	1781818975193	-454
1781818975679	1781818975224	-455
1781818975713	1781818975259	-454
1781818975745	1781818975290	-455
1781818975778	1781818975326	-452
1781818975811	1781818975358	-453
1781818975844	1781818975395	-449
1781818975877	1781818975424	-453
1781818975911	1781818975459	-452
1781818975943	1781818975488	-455
1781818975976	1781818975521	-455
1781818976010	1781818975554	-456
1781818976049	1781818975594	-455
1781818976079	1781818975623	-456
1781818976112	1781818975656	-456
1781818976147	1781818975692	-455
1781818976175	1781818975723	-452
1781818976208	1781818975752	-456
1781818976241	1781818975786	-455
1781818976276	1781818975821	-455
1781818976310	1781818975855	-455
1781818976343	1781818975888	-455
1781818976375	1781818975920	-455
1781818976411	1781818975955	-456
1781818976442	1781818975987	-455
1781818976475	1781818976020	-455
1781818976510	1781818976059	-451
1781818976542	1781818976087	-455
1781818976577	1781818976122	-455
1781818976607	1781818976152	-455
1781818976641	1781818976185	-456
1781818976674	1781818976219	-455
1781818976713	1781818976258	-455
1781818976746	1781818976290	-456
1781818976779	1781818976326	-453
1781818976810	1781818976354	-456
1781818976844	1781818976389	-455
1781818976874	1781818976419	-455
1781818976911	1781818976456	-455
1781818976944	1781818976489	-455
1781818976977	1781818976524	-453
1781818977009	1781818976556	-453
1781818977042	1781818976589	-453
1781818977074	1781818976618	-456
1781818977107	1781818976657	-450
1781818977141	1781818976685	-456
1781818977165	1781818976709	-456
1781818977213	1781818976758	-455
1781818977246	1781818976791	-455
1781818977263	1781818976820	-443
1781818977296	1781818976851	-445
1781818977329	1781818976880	-449
1781818977362	1781818976907	-455
1781818977398	1781818976944	-454
1781818977429	1781818976986	-443
1781818977464	1781818977008	-456
1781818977494	1781818977039	-455
1781818977527	1781818977073	-454
1781818977560	1781818977105	-455
1781818977593	1781818977137	-456
1781818977626	1781818977172	-454
1781818977660	1781818977207	-453
1781818977692	1781818977236	-456
1781818977725	1781818977269	-456
1781818977758	1781818977303	-455
1781818977791	1781818977339	-452
1781818977826	1781818977370	-456
1781818977857	1781818977403	-454
1781818977891	1781818977436	-455
1781818977925	1781818977469	-456
1781818977957	1781818977501	-456
1781818977992	1781818977538	-454
1781818978022	1781818977568	-454
1781818978059	1781818977604	-455
1781818978094	1781818977640	-454
1781818978129	1781818977673	-456
1781818978155	1781818977701	-454
1781818978193	1781818977737	-456
1781818978222	1781818977770	-452
1781818978263	1781818977813	-450
1781818978289	1781818977833	-456
1781818978323	1781818977868	-455
1781818978356	1781818977901	-455
1781818978392	1781818977939	-453
1781818978424	1781818977968	-456
1781818978458	1781818978002	-456
1781818978492	1781818978036	-456
1781818978523	1781818978067	-456
1781818978553	1781818978098	-455
1781818978589	1781818978133	-456
1781818978620	1781818978164	-456
1781818978655	1781818978199	-456
1781818978689	1781818978234	-455
1781818978723	1781818978269	-454
1781818978756	1781818978300	-456
1781818978790	1781818978334	-456
1781818978820	1781818978364	-456
1781818978857	1781818978401	-456
1781818978891	1781818978437	-454
1781818978925	1781818978469	-456
1781818978956	1781818978501	-455
1781818978988	1781818978532	-456
1781818979023	1781818978567	-456
1781818979060	1781818978608	-452
1781818979078	1781818978629	-449
1781818979111	1781818978660	-451
1781818979156	1781818978700	-456
1781818979177	1781818978723	-454
1781818979210	1781818978754	-456
1781818979245	1781818978790	-455
1781818979276	1781818978822	-454
1781818979309	1781818978858	-451
1781818979342	1781818978886	-456
1781818979375	1781818978920	-455
1781818979408	1781818978953	-455
1781818979441	1781818978985	-456
1781818979474	1781818979018	-456
1781818979507	1781818979052	-455
1781818979541	1781818979085	-456
1781818979573	1781818979120	-453
1781818979606	1781818979152	-454
1781818979641	1781818979186	-455
1781818979672	1781818979216	-456
1781818979706	1781818979253	-453
1781818979740	1781818979284	-456
1781818979771	1781818979316	-455
1781818979804	1781818979349	-455
1781818979837	1781818979382	-455
1781818979870	1781818979415	-455
1781818979904	1781818979449	-455
1781818979936	1781818979483	-453
1781818979972	1781818979517	-455
1781818980006	1781818979550	-456
1781818980037	1781818979582	-455
1781818980069	1781818979614	-455
1781818980106	1781818979651	-455
1781818980139	1781818979684	-455
1781818980171	1781818979717	-454
1781818980206	1781818979752	-454
1781818980237	1781818979784	-453
1781818980268	1781818979813	-455
1781818980299	1781818979845	-454
1781818980339	1781818979884	-455
1781818980370	1781818979916	-454
1781818980403	1781818979947	-456
1781818980435	1781818979983	-452
1781818980468	1781818980014	-454
1781818980503	1781818980048	-455
1781818980536	1781818980081	-455
1781818980570	1781818980115	-455
1781818980604	1781818980151	-453
1781818980638	1781818980183	-455
1781818980671	1781818980215	-456
1781818980703	1781818980249	-454
1781818980735	1781818980280	-455
1781818980770	1781818980314	-456
1781818980804	1781818980348	-456
1781818980835	1781818980380	-455
1781818980870	1781818980415	-455
1781818980903	1781818980447	-456
1781818980937	1781818980481	-456
1781818980960	1781818980505	-455
1781818980992	1781818980536	-456
1781818981025	1781818980570	-455
1781818981058	1781818980602	-456
1781818981091	1781818980636	-455
1781818981124	1781818980668	-456
1781818981157	1781818980702	-455
1781818981190	1781818980738	-452
1781818981223	1781818980769	-454
1781818981256	1781818980804	-452
1781818981289	1781818980834	-455
1781818981335	1781818980879	-456
1781818981355	1781818980899	-456
1781818981389	1781818980935	-454
1781818981421	1781818980966	-455
1781818981455	1781818980999	-456
1781818981487	1781818981032	-455
1781818981520	1781818981064	-456
1781818981553	1781818981098	-455
1781818981588	1781818981132	-456
1781818981619	1781818981163	-456
1781818981653	1781818981198	-455
1781818981685	1781818981230	-455
1781818981721	1781818981266	-455
1781818981751	1781818981296	-455
1781818981785	1781818981330	-455
1781818981817	1781818981362	-455
1781818981853	1781818981400	-453
1781818981888	1781818981433	-455
1781818981919	1781818981464	-455
1781818981952	1781818981496	-456
1781818981985	1781818981531	-454
1781818982019	1781818981567	-452
1781818982053	1781818981598	-455
1781818982083	1781818981628	-455
1781818982121	1781818981667	-454
1781818982153	1781818981699	-454
1781818982187	1781818981732	-455
1781818982216	1781818981761	-455
1781818982250	1781818981796	-454
1781818982282	1781818981827	-455
1781818982320	1781818981866	-454
1781818982350	1781818981901	-449
1781818982385	1781818981930	-455
1781818982419	1781818981964	-455
1781818982453	1781818981999	-454
1781818982484	1781818982031	-453
1781818982521	1781818982070	-451
1781818982552	1781818982097	-455
1781818982586	1781818982132	-454
1781818982617	1781818982162	-455
1781818982654	1781818982202	-452
1781818982684	1781818982230	-454
1781818982718	1781818982267	-451
1781818982750	1781818982295	-455
1781818982785	1781818982332	-453
1781818982807	1781818982352	-455
1781818982840	1781818982387	-453
1781818982873	1781818982418	-455
1781818982906	1781818982452	-454
1781818982939	1781818982486	-453
1781818982973	1781818982519	-454
1781818983005	1781818982551	-454
1781818983038	1781818982584	-454
1781818983071	1781818982616	-455
1781818983104	1781818982649	-455
1781818983137	1781818982682	-455
1781818983170	1781818982717	-453
1781818983204	1781818982749	-455
1781818983236	1781818982781	-455
1781818983270	1781818982815	-455
1781818983303	1781818982848	-455
1781818983335	1781818982880	-455
1781818983368	1781818982915	-453
1781818983402	1781818982948	-454
1781818983436	1781818982982	-454
1781818983468	1781818983014	-454
1781818983501	1781818983047	-454
1781818983536	1781818983081	-455
1781818983568	1781818983114	-454
1781818983601	1781818983152	-449
1781818983634	1781818983181	-453
1781818983668	1781818983214	-454
1781818983700	1781818983251	-449
1781818983738	1781818983287	-451
1781818983766	1781818983318	-448
1781818983801	1781818983347	-454
1781818983832	1781818983379	-453
1781818983867	1781818983415	-452
1781818983902	1781818983449	-453
1781818983933	1781818983481	-452
1781818983966	1781818983512	-454
1781818984000	1781818983548	-452
1781818984034	1781818983584	-450
1781818984066	1781818983615	-451
1781818984098	1781818983645	-453
1781818984133	1781818983681	-452
1781818984167	1781818983713	-454
1781818984201	1781818983750	-451
1781818984231	1781818983779	-452
1781818984264	1781818983810	-454
1781818984296	1781818983843	-453
1781818984332	1781818983879	-453
1781818984363	1781818983909	-454
1781818984401	1781818983947	-454
1781818984430	1781818983978	-452
1781818984475	1781818984021	-454
1781818984499	1781818984045	-454
1781818984533	1781818984079	-454
1781818984566	1781818984113	-453
1781818984601	1781818984154	-447
1781818984622	1781818984168	-454
1781818984656	1781818984203	-453
1781818984688	1781818984234	-454
1781818984721	1781818984267	-454
1781818984754	1781818984300	-454
1781818984787	1781818984333	-454
1781818984820	1781818984366	-454
1781818984853	1781818984402	-451
1781818984886	1781818984433	-453
1781818984920	1781818984468	-452
1781818984952	1781818984499	-453
1781818984985	1781818984533	-452
1781818985018	1781818984565	-453
1781818985051	1781818984597	-454
1781818985084	1781818984631	-453
1781818985136	1781818984686	-450
1781818985150	1781818984697	-453
1781818985183	1781818984731	-452
1781818985216	1781818984763	-453
1781818985250	1781818984797	-453
1781818985283	1781818984829	-454
1781818985316	1781818984865	-451
1781818985349	1781818984896	-453
1781818985382	1781818984929	-453
1781818985416	1781818984971	-445
1781818985450	1781818984999	-451
1781818985480	1781818985028	-452
1781818985516	1781818985066	-450
1781818985549	1781818985096	-453
1781818985580	1781818985128	-452
1781818985612	1781818985159	-453
1781818985649	1781818985196	-453
1781818985681	1781818985229	-452
1781818985716	1781818985264	-452
1781818985749	1781818985296	-453
1781818985783	1781818985332	-451
1781818985814	1781818985363	-451
1781818985849	1781818985397	-452
1781818985880	1781818985428	-452
1781818985916	1781818985464	-452
1781818985947	1781818985497	-450
1781818985983	1781818985530	-453
1781818986015	1781818985564	-451
1781818986047	1781818985596	-451
1781818986082	1781818985629	-453
1781818986112	1781818985660	-452
1781818986148	1781818985695	-453
1781818986183	1781818985731	-452
1781818986213	1781818985760	-453
1781818986251	1781818985799	-452
1781818986285	1781818985832	-453
1781818986318	1781818985866	-452
1781818986348	1781818985897	-451
1781818986371	1781818985918	-453
1781818986404	1781818985953	-451
1781818986437	1781818985984	-453
1781818986470	1781818986017	-453
1781818986503	1781818986055	-448
1781818986536	1781818986084	-452
1781818986569	1781818986117	-452
1781818986602	1781818986149	-453
1781818986636	1781818986183	-453
1781818986668	1781818986216	-452
1781818986701	1781818986249	-452
1781818986734	1781818986282	-452
1781818986767	1781818986315	-452
1781818986800	1781818986348	-452
1781818986833	1781818986380	-453
1781818986870	1781818986424	-446
1781818986900	1781818986455	-445
1781818986932	1781818986480	-452
1781818986965	1781818986513	-452
1781818986998	1781818986546	-452
1781818987031	1781818986579	-452
1781818987066	1781818986616	-450
1781818987097	1781818986647	-450
1781818987130	1781818986683	-447
1781818987163	1781818986713	-450
1781818987202	1781818986750	-452
1781818987232	1781818986779	-453
1781818987264	1781818986814	-450
1781818987296	1781818986844	-452
1781818987332	1781818986879	-453
1781818987365	1781818986913	-452
1781818987401	1781818986949	-452
1781818987430	1781818986979	-451
1781818987470	1781818987017	-453
1781818987498	1781818987047	-451
1781818987532	1781818987080	-452
1781818987563	1781818987112	-451
1781818987595	1781818987146	-449
1781818987628	1781818987179	-449
1781818987663	1781818987213	-450
1781818987693	1781818987242	-451
1781818987729	1781818987278	-451
1781818987762	1781818987309	-453
1781818987797	1781818987345	-452
1781818987830	1781818987379	-451
1781818987866	1781818987413	-453
1781818987893	1781818987441	-452
1781818987930	1781818987478	-452
1781818987960	1781818987509	-451
1781818987994	1781818987542	-452
1781818988029	1781818987577	-452
1781818988062	1781818987612	-450
1781818988095	1781818987643	-452
1781818988127	1781818987676	-451
1781818988161	1781818987709	-452
1781818988196	1781818987745	-451
1781818988219	1781818987767	-452
1781818988252	1781818987800	-452
1781818988285	1781818987833	-452
1781818988327	1781818987875	-452
1781818988351	1781818987899	-452
1781818988384	1781818987932	-452
1781818988417	1781818987965	-452
1781818988451	1781818987999	-452
1781818988483	1781818988031	-452
1781818988518	1781818988066	-452
1781818988549	1781818988097	-452
1781818988582	1781818988131	-451
1781818988615	1781818988163	-452
1781818988648	1781818988197	-451
1781818988681	1781818988229	-452
1781818988714	1781818988263	-451
1781818988747	1781818988297	-450
1781818988780	1781818988330	-450
1781818988813	1781818988362	-451
1781818988847	1781818988396	-451
1781818988880	1781818988428	-452
1781818988913	1781818988464	-449
1781818988945	1781818988494	-451
1781818988978	1781818988528	-450
1781818989012	1781818988562	-450
1781818989044	1781818988592	-452
1781818989077	1781818988628	-449
1781818989111	1781818988662	-449
1781818989144	1781818988693	-451
1781818989177	1781818988727	-450
1781818989212	1781818988760	-452
1781818989244	1781818988794	-450
1781818989277	1781818988827	-450
1781818989310	1781818988861	-449
1781818989345	1781818988895	-450
1781818989378	1781818988926	-452
1781818989410	1781818988958	-452
1781818989444	1781818988995	-449
1781818989477	1781818989027	-450
1781818989510	1781818989059	-451
1781818989544	1781818989095	-449
1781818989577	1781818989125	-452
1781818989608	1781818989159	-449
1781818989642	1781818989192	-450
1781818989820	1781818989369	-451
1781818989843	1781818989391	-452
1781819035278	1781819034832	-446
1781819035311	1781819034865	-446
1781819035344	1781819034898	-446
1781819035389	1781819034944	-445
1781819035423	1781819034978	-445
1781819035443	1781819034997	-446
1781819035476	1781819035029	-447
1781819035509	1781819035064	-445
1781819035542	1781819035096	-446
1781819035575	1781819035129	-446
1781819035613	1781819035173	-440
1781819035642	1781819035196	-446
1781819035675	1781819035229	-446
1781819035707	1781819035262	-445
1781819035741	1781819035295	-446
1781819035774	1781819035330	-444
1781819035807	1781819035363	-444
1781819035839	1781819035393	-446
1781819035872	1781819035427	-445
1781819035907	1781819035464	-443
1781819035940	1781819035494	-446
1781819035973	1781819035526	-447
1781819036006	1781819035561	-445
1781819036042	1781819035596	-446
1781819036071	1781819035628	-443
1781819036104	1781819035664	-440
1781819036140	1781819035695	-445
1781819036173	1781819035728	-445
1781819036204	1781819035758	-446
1781819036239	1781819035795	-444
1781819036271	1781819035827	-444
1781819036308	1781819035862	-446
1781819036340	1781819035894	-446
1781819036375	1781819035928	-447
1781819036404	1781819035959	-445
1781819036439	1781819035994	-445
1781819036475	1781819036028	-447
1781819036506	1781819036060	-446
1781819036540	1781819036094	-446
1781819036571	1781819036125	-446
1781819036606	1781819036160	-446
1781819036640	1781819036193	-447
1781819036671	1781819036226	-445
1781819036707	1781819036261	-446
1781819036739	1781819036295	-444
1781819036774	1781819036328	-446
1781819036805	1781819036361	-444
1781819036830	1781819036386	-444
1781819036862	1781819036417	-445
1781819036895	1781819036450	-445
1781819036928	1781819036482	-446
1781819036961	1781819036515	-446
1781819036994	1781819036548	-446
1781819037027	1781819036581	-446
1781819037060	1781819036615	-445
1781819037093	1781819036647	-446
1781819037126	1781819036681	-445
1781819037160	1781819036715	-445
1781819037192	1781819036747	-445
1781819037225	1781819036781	-444
1781819037258	1781819036812	-446
1781819037292	1781819036850	-442
1781819037324	1781819036878	-446
1781819037361	1781819036922	-439
1781819037390	1781819036944	-446
1781819037424	1781819036978	-446
1781819037457	1781819037012	-445
1781819037490	1781819037047	-443
1781819037522	1781819037076	-446
1781819037557	1781819037116	-441
1781819037589	1781819037144	-445
1781819037627	1781819037184	-443
1781819037654	1781819037210	-444
1781819037688	1781819037244	-444
1781819037725	1781819037280	-445
1781819037754	1781819037309	-445
1781819037787	1781819037341	-446
1781819037823	1781819037378	-445
1781819037854	1781819037409	-445
1781819037886	1781819037443	-443
1781819037921	1781819037475	-446
1781819037954	1781819037508	-446
1781819037986	1781819037540	-446
1781819038020	1781819037574	-446
1781819038053	1781819037607	-446
1781819038087	1781819037641	-446
1781819038119	1781819037674	-445
1781819038154	1781819037708	-446
1781819038186	1781819037741	-445
1781819038220	1781819037775	-445
1781819038254	1781819037808	-446
1781819038287	1781819037842	-445
1781819038318	1781819037872	-446
1781819038354	1781819037909	-445
1781819038386	1781819037941	-445
1781819038418	1781819037973	-445
1781819038452	1781819038006	-446
1781819038487	1781819038042	-445
1781819038518	1781819038072	-446
1781819038553	1781819038107	-446
1781819038585	1781819038142	-443
1781819038620	1781819038174	-446
1781819038652	1781819038206	-446
1781819038687	1781819038241	-446
1781819038719	1781819038274	-445
1781819038743	1781819038297	-446
1781819038784	1781819038337	-447
1781819038809	1781819038363	-446
1781819038842	1781819038396	-446
1781819038875	1781819038429	-446
1781819038908	1781819038463	-445
1781819038942	1781819038502	-440
1781819038974	1781819038529	-445
1781819039007	1781819038561	-446
1781819039040	1781819038596	-444
1781819039073	1781819038627	-446
1781819039106	1781819038660	-446
1781819039139	1781819038693	-446
1781819039174	1781819038729	-445
1781819039205	1781819038760	-445
1781819039238	1781819038792	-446
1781819039271	1781819038825	-446
1781819039304	1781819038860	-444
1781819039337	1781819038892	-445
1781819039374	1781819038928	-446
1781819039403	1781819038957	-446
1781819039436	1781819038991	-445
1781819039469	1781819039025	-444
1781819039502	1781819039056	-446
1781819039535	1781819039090	-445
1781819039568	1781819039123	-445
1781819039602	1781819039158	-444
1781819039634	1781819039192	-442
1781819039667	1781819039222	-445
1781819039702	1781819039256	-446
1781819039734	1781819039289	-445
1781819039769	1781819039324	-445
1781819039801	1781819039358	-443
1781819039836	1781819039394	-442
1781819039866	1781819039421	-445
1781819039902	1781819039458	-444
1781819039935	1781819039491	-444
1781819039969	1781819039526	-443
1781819040001	1781819039557	-444
1781819040035	1781819039597	-438
1781819040064	1781819039617	-447
1781819040101	1781819039657	-444
1781819040134	1781819039691	-443
1781819040166	1781819039723	-443
1781819040198	1781819039754	-444
1781819040238	1781819039792	-446
1781819040269	1781819039825	-444
1781819040303	1781819039858	-445
1781819040335	1781819039888	-447
1781819040360	1781819039915	-445
1781819040398	1781819039958	-440
1781819040432	1781819039988	-444
1781819040464	1781819040020	-444
1781819040501	1781819040057	-444
1781819040531	1781819040090	-441
1781819040570	1781819040125	-445
1781819040598	1781819040152	-446
1781819040624	1781819040178	-446
1781819040657	1781819040211	-446
1781819040690	1781819040249	-441
1781819040723	1781819040278	-445
1781819040756	1781819040311	-445
1781819040789	1781819040343	-446
1781819040826	1781819040381	-445
1781819040856	1781819040410	-446
1781819040888	1781819040444	-444
1781819040926	1781819040480	-446
1781819040954	1781819040508	-446
1781819040987	1781819040544	-443
1781819041020	1781819040574	-446
1781819041053	1781819040607	-446
1781819041086	1781819040641	-445
1781819041119	1781819040677	-442
1781819041156	1781819040711	-445
1781819041185	1781819040739	-446
1781819041218	1781819040773	-445
1781819041251	1781819040805	-446
1781819041284	1781819040839	-445
1781819041317	1781819040872	-445
1781819041351	1781819040905	-446
1781819041383	1781819040937	-446
1781819041416	1781819040970	-446
1781819041450	1781819041004	-446
1781819041482	1781819041038	-444
1781819041515	1781819041069	-446
1781819041549	1781819041104	-445
1781819041584	1781819041137	-447
1781819041615	1781819041169	-446
1781819041649	1781819041203	-446
1781819041682	1781819041237	-445
1781819041717	1781819041270	-447
1781819041748	1781819041302	-446
1781819041782	1781819041336	-446
1781819041815	1781819041374	-441
1781819041849	1781819041405	-444
1781819041882	1781819041436	-446
1781819041913	1781819041469	-444
1781819041949	1781819041506	-443
1781819041982	1781819041537	-445
1781819042016	1781819041574	-442
1781819042050	1781819041606	-444
1781819042081	1781819041637	-444
1781819042117	1781819041675	-442
1781819042148	1781819041703	-445
1781819042180	1781819041739	-441
1781819042213	1781819041773	-440
1781819042246	1781819041801	-445
1781819042279	1781819041833	-446
1781819042316	1781819041873	-443
1781819042347	1781819041903	-444
1781819042378	1781819041936	-442
1781819042406	1781819041960	-446
1781819042445	1781819042000	-445
1781819042479	1781819042033	-446
1781819042513	1781819042073	-440
1781819042545	1781819042101	-444
1781819042577	1781819042131	-446
1781819042604	1781819042166	-438
1781819042637	1781819042194	-443
1781819042670	1781819042224	-446
1781819042703	1781819042258	-445
1781819042736	1781819042290	-446
1781819042778	1781819042340	-438
1781819042802	1781819042356	-446
1781819042836	1781819042391	-445
1781819042868	1781819042424	-444
1781819042901	1781819042456	-445
1781819042934	1781819042489	-445
1781819042967	1781819042522	-445
1781819043000	1781819042554	-446
1781819043033	1781819042588	-445
1781819043066	1781819042620	-446
1781819043099	1781819042654	-445
1781819043132	1781819042686	-446
1781819043165	1781819042720	-445
1781819043198	1781819042753	-445
1781819043232	1781819042788	-444
1781819043264	1781819042825	-439
1781819043298	1781819042852	-446
1781819043330	1781819042884	-446
1781819043364	1781819042920	-444
1781819043396	1781819042951	-445
1781819043430	1781819042987	-443
1781819043462	1781819043021	-441
1781819043497	1781819043054	-443
1781819043529	1781819043088	-441
1781819043565	1781819043122	-443
1781819043594	1781819043148	-446
1781819043644	1781819043200	-444
1781819043664	1781819043220	-444
1781819043696	1781819043250	-446
1781819043728	1781819043283	-445
1781819043763	1781819043318	-445
1781819043795	1781819043348	-447
1781819043828	1781819043383	-445
1781819043863	1781819043419	-444
1781819043898	1781819043453	-445
1781819043929	1781819043487	-442
1781819043960	1781819043514	-446
1781819043994	1781819043548	-446
1781819044030	1781819043584	-446
1781819044062	1781819043622	-440
1781819044096	1781819043654	-442
1781819044128	1781819043686	-442
1781819044161	1781819043716	-445
1781819044194	1781819043748	-446
1781819044229	1781819043785	-444
1781819044262	1781819043816	-446
1781819044308	1781819043864	-444
1781819044328	1781819043882	-446
1781819044362	1781819043917	-445
1781819044394	1781819043949	-445
1781819044429	1781819043984	-445
1781819044460	1781819044014	-446
1781819044485	1781819044043	-442
1781819044518	1781819044073	-445
1781819044551	1781819044105	-446
1781819044584	1781819044148	-436
1781819044617	1781819044172	-445
1781819044650	1781819044205	-445
1781819044683	1781819044237	-446
1781819044716	1781819044274	-442
1781819044749	1781819044304	-445
1781819044782	1781819044335	-447
1781819044815	1781819044372	-443
1781819044848	1781819044402	-446
1781819044882	1781819044437	-445
1781819044914	1781819044469	-445
1781819044947	1781819044501	-446
1781819044981	1781819044535	-446
1781819045013	1781819044567	-446
1781819045046	1781819044600	-446
1781819045079	1781819044633	-446
1781819045113	1781819044666	-447
1781819045145	1781819044699	-446
1781819045178	1781819044733	-445
1781819045212	1781819044766	-446
1781819045244	1781819044799	-445
1781819045278	1781819044832	-446
1781819045311	1781819044866	-445
1781819045343	1781819044898	-445
1781819045377	1781819044934	-443
1781819045412	1781819044968	-444
1781819045442	1781819044998	-444
1781819045476	1781819045030	-446
1781819045511	1781819045065	-446
1781819045541	1781819045095	-446
1781819045574	1781819045128	-446
1781819045607	1781819045161	-446
1781819045640	1781819045195	-445
1781819045676	1781819045231	-445
1781819045711	1781819045266	-445
1781819045744	1781819045299	-445
1781819045776	1781819045331	-445
1781819045809	1781819045367	-442
1781819045843	1781819045397	-446
1781819045877	1781819045435	-442
1781819045909	1781819045463	-446
1781819045942	1781819045496	-446
1781819045975	1781819045529	-446
1781819046007	1781819045565	-442
1781819046044	1781819045598	-446
1781819046073	1781819045630	-443
1781819046110	1781819045664	-446
1781819046135	1781819045690	-445
1781819046174	1781819045729	-445
1781819046208	1781819045763	-445
1781819046243	1781819045797	-446
1781819046275	1781819045831	-444
1781819046309	1781819045867	-442
1781819046338	1781819045893	-445
1781819046375	1781819045930	-445
1781819046399	1781819045953	-446
1781819046432	1781819045986	-446
1781819046465	1781819046018	-447
1781819046498	1781819046058	-440
1781819046531	1781819046085	-446
1781819046564	1781819046118	-446
1781819046597	1781819046151	-446
1781819046630	1781819046184	-446
1781819046664	1781819046225	-439
1781819046709	1781819046263	-446
1781819046729	1781819046283	-446
1781819046763	1781819046318	-445
1781819046795	1781819046349	-446
1781819046829	1781819046384	-445
1781819046864	1781819046418	-446
1781819046895	1781819046451	-444
1781819046927	1781819046481	-446
1781819046960	1781819046514	-446
1781819046993	1781819046547	-446
1781819047026	1781819046581	-445
1781819047059	1781819046614	-445
1781819047094	1781819046651	-443
1781819047125	1781819046680	-445
1781819047160	1781819046715	-445
1781819047191	1781819046745	-446
1781819047225	1781819046783	-442
1781819047258	1781819046814	-444
1781819047290	1781819046845	-445
1781819047331	1781819046886	-445
1781819047359	1781819046917	-442
1781819047391	1781819046946	-445
1781819047422	1781819046977	-445
1781819047459	1781819047015	-444
1781819047493	1781819047048	-445
1781819047527	1781819047081	-446
1781819047554	1781819047108	-446
1781819047588	1781819047143	-445
1781819047621	1781819047176	-445
1781819047655	1781819047208	-447
1781819047688	1781819047242	-446
1781819047724	1781819047277	-447
1781819047757	1781819047311	-446
1781819047796	1781819047351	-445
1781819047823	1781819047377	-446
1781819047855	1781819047409	-446
1781819047889	1781819047446	-443
1781819047923	1781819047479	-444
1781819047957	1781819047513	-444
1781819047988	1781819047543	-445
1781819048023	1781819047579	-444
1781819048057	1781819047612	-445
1781819048089	1781819047649	-440
1781819048122	1781819047677	-445
1781819048157	1781819047712	-445
1781819048190	1781819047746	-444
1781819048220	1781819047776	-444
1781819048247	1781819047809	-438
1781819048280	1781819047842	-438
1781819048314	1781819047869	-445
1781819048346	1781819047907	-439
1781819048379	1781819047934	-445
1781819048412	1781819047968	-444
1781819048445	1781819047999	-446
1781819048478	1781819048034	-444
1781819048511	1781819048068	-443
1781819048544	1781819048099	-445
1781819048577	1781819048133	-444
1781819048610	1781819048170	-440
1781819048643	1781819048198	-445
1781819048676	1781819048230	-446
1781819048709	1781819048266	-443
1781819048742	1781819048296	-446
1781819048781	1781819048343	-438
1781819048808	1781819048362	-446
1781819048842	1781819048398	-444
1781819048874	1781819048428	-446
1781819048907	1781819048466	-441
1781819048941	1781819048497	-444
1781819048974	1781819048529	-445
1781819049006	1781819048561	-445
1781819049039	1781819048593	-446
1781819049073	1781819048627	-446
1781819049106	1781819048664	-442
1781819049138	1781819048694	-444
1781819049174	1781819048730	-444
1781819049205	1781819048761	-444
1781819049240	1781819048795	-445
1781819049273	1781819048828	-445
1781819049308	1781819048862	-446
1781819049336	1781819048890	-446
1781819049371	1781819048932	-439
1781819049405	1781819048961	-444
1781819049437	1781819048993	-444
1781819049473	1781819049027	-446
1781819049503	1781819049058	-445
1781819049535	1781819049089	-446
1781819049572	1781819049129	-443
1781819049603	1781819049160	-443
1781819049637	1781819049198	-439
1781819049671	1781819049227	-444
1781819049704	1781819049259	-445
1781819049737	1781819049294	-443
1781819049771	1781819049326	-445
1781819049804	1781819049358	-446
1781819049841	1781819049395	-446
1781819049871	1781819049425	-446
1781819049906	1781819049461	-445
1781819049938	1781819049492	-446
1781819049970	1781819049525	-445
1781819050004	1781819049558	-446
1781819050039	1781819049598	-441
1781819050070	1781819049626	-444
1781819050105	1781819049660	-445
1781819050128	1781819049682	-446
1781819050172	1781819049738	-434
1781819050194	1781819049756	-438
1781819050227	1781819049781	-446
1781819050260	1781819049815	-445
1781819050293	1781819049851	-442
1781819050327	1781819049880	-447
1781819050359	1781819049914	-445
1781819050393	1781819049947	-446
1781819050425	1781819049980	-445
1781819050458	1781819050012	-446
1781819050491	1781819050046	-445
1781819050524	1781819050078	-446
1781819050559	1781819050113	-446
1781819050590	1781819050144	-446
1781819050623	1781819050178	-445
1781819050657	1781819050213	-444
1781819050689	1781819050244	-445
1781819050722	1781819050276	-446
1781819050755	1781819050309	-446
1781819050789	1781819050344	-445
1781819050821	1781819050376	-445
1781819050855	1781819050411	-444
1781819050887	1781819050441	-446
1781819050920	1781819050475	-445
1781819050953	1781819050507	-446
1781819050987	1781819050543	-444
1781819051019	1781819050574	-445
1781819051052	1781819050607	-445
1781819051086	1781819050641	-445
1781819051120	1781819050675	-445
1781819051153	1781819050707	-446
1781819051185	1781819050739	-446
1781819051218	1781819050773	-445
1781819051254	1781819050808	-446
1781819051285	1781819050839	-446
1781819051319	1781819050873	-446
1781819051353	1781819050907	-446
1781819051384	1781819050937	-447
1781819051415	1781819050969	-446
1781819051454	1781819051008	-446
1781819051486	1781819051040	-446
1781819051518	1781819051072	-446
1781819051551	1781819051105	-446
1781819051589	1781819051144	-445
1781819051619	1781819051172	-447
1781819051652	1781819051214	-438
1781819051685	1781819051238	-447
1781819051717	1781819051274	-443
1781819051849	1781819051404	-445
1781819051906	1781819051461	-445
1781819051927	1781819051480	-447
1781820435493	1781820435031	-462
1781820435524	1781820435059	-465
1781820435571	1781820435107	-464
1781820435612	1781820435149	-463
1781820435637	1781820435172	-465
1781820435663	1781820435200	-463
1781820435689	1781820435225	-464
1781820435727	1781820435268	-459
1781820435770	1781820435306	-464
1781820435793	1781820435329	-464
1781820435822	1781820435358	-464
1781820435854	1781820435395	-459
1781820435903	1781820435439	-464
1781820435920	1781820435458	-462
1781820435954	1781820435491	-463
1781820435989	1781820435526	-463
1781820436020	1781820435558	-462
1781820436058	1781820435593	-465
1781820436085	1781820435621	-464
1781820436123	1781820435658	-465
1781820436152	1781820435689	-463
1781820436191	1781820435730	-461
1781820436218	1781820435757	-461
1781820436251	1781820435788	-463
1781820436285	1781820435822	-463
1781820436321	1781820435857	-464
1781820436354	1781820435889	-465
1781820436391	1781820435930	-461
1781820436417	1781820435953	-464
1781820436448	1781820435984	-464
1781820436481	1781820436018	-463
1781820436515	1781820436053	-462
1781820436547	1781820436082	-465
1781820436584	1781820436119	-465
1781820436635	1781820436170	-465
1781820436646	1781820436184	-462
1781820436681	1781820436219	-462
1781820436712	1781820436247	-465
1781820436750	1781820436286	-464
1781820436782	1781820436320	-462
1781820436815	1781820436354	-461
1781820436846	1781820436381	-465
1781820436878	1781820436414	-464
1781820436917	1781820436455	-462
1781820436956	1781820436492	-464
1781820436986	1781820436522	-464
1781820437018	1781820436556	-462
1781820437048	1781820436585	-463
1781820437081	1781820436623	-458
1781820437108	1781820436643	-465
1781820437142	1781820436681	-461
1781820437182	1781820436717	-465
1781820437208	1781820436748	-460
1781820437255	1781820436792	-463
1781820437284	1781820436821	-463
1781820437315	1781820436855	-460
1781820437349	1781820436885	-464
1781820437372	1781820436908	-464
1781820437420	1781820436959	-461
1781820437450	1781820436988	-462
1781820437485	1781820437020	-465
1781820437517	1781820437055	-462
1781820437552	1781820437089	-463
1781820437582	1781820437119	-463
1781820437616	1781820437151	-465
1781820437650	1781820437189	-461
1781820437684	1781820437220	-464
1781820437716	1781820437251	-465
1781820437747	1781820437283	-464
1781820437768	1781820437311	-457
1781820437801	1781820437337	-464
1781820437834	1781820437377	-457
1781820437867	1781820437406	-461
1781820437900	1781820437436	-464
1781820437933	1781820437469	-464
1781820437966	1781820437502	-464
1781820437999	1781820437535	-464
1781820438033	1781820437579	-454
1781820438067	1781820437606	-461
1781820438099	1781820437635	-464
1781820438133	1781820437669	-464
1781820438164	1781820437700	-464
1781820438197	1781820437734	-463
1781820438245	1781820437781	-464
1781820438263	1781820437799	-464
1781820438296	1781820437832	-464
1781820438329	1781820437867	-462
1781820438362	1781820437898	-464
1781820438395	1781820437931	-464
1781820438432	1781820437968	-464
1781820438463	1781820438000	-463
1781820438499	1781820438035	-464
1781820438532	1781820438068	-464
1781820438565	1781820438101	-464
1781820438599	1781820438135	-464
1781820438633	1781820438172	-461
1781820438666	1781820438205	-461
1781820438696	1781820438232	-464
1781820438735	1781820438273	-462
1781820438762	1781820438297	-465
1781820438797	1781820438334	-463
1781820438832	1781820438368	-464
1781820438863	1781820438402	-461
1781820438895	1781820438431	-464
1781820438927	1781820438463	-464
1781820438961	1781820438498	-463
1781820438996	1781820438531	-465
1781820439028	1781820438563	-465
1781820439055	1781820438591	-464
1781820439103	1781820438640	-463
1781820439121	1781820438657	-464
1781820439155	1781820438691	-464
1781820439196	1781820438732	-464
1781820439229	1781820438765	-464
1781820439259	1781820438795	-464
1781820439293	1781820438829	-464
1781820439327	1781820438863	-464
1781820439367	1781820438904	-463
1781820439394	1781820438931	-463
1781820439426	1781820438961	-465
1781820439463	1781820438999	-464
1781820439498	1781820439037	-461
1781820439528	1781820439064	-464
1781820439550	1781820439086	-464
1781820439583	1781820439119	-464
1781820439616	1781820439151	-465
1781820439650	1781820439186	-464
1781820439683	1781820439222	-461
1781820439716	1781820439252	-464
1781820439762	1781820439298	-464
1781820439781	1781820439316	-465
1781820439814	1781820439350	-464
1781820439847	1781820439384	-463
1781820439880	1781820439416	-464
1781820439913	1781820439450	-463
1781820439948	1781820439484	-464
1781820439980	1781820439517	-463
1781820440018	1781820439554	-464
1781820440052	1781820439588	-464
1781820440080	1781820439616	-464
1781820440116	1781820439658	-458
1781820440148	1781820439688	-460
1781820440188	1781820439725	-463
1781820440216	1781820439763	-453
1781820440246	1781820439784	-462
1781820440278	1781820439817	-461
1781820440313	1781820439851	-462
1781820440352	1781820439888	-464
1781820440377	1781820439914	-463
1781820440411	1781820439948	-463
1781820440443	1781820439979	-464
1781820440474	1781820440010	-464
1781820440511	1781820440046	-465
1781820440544	1781820440089	-455
1781820440581	1781820440116	-465
1781820440613	1781820440149	-464
1781820440644	1781820440180	-464
1781820440679	1781820440215	-464
1781820440710	1781820440246	-464
1781820440747	1781820440282	-465
1781820440779	1781820440315	-464
1781820440815	1781820440352	-463
1781820440841	1781820440376	-465
1781820440884	1781820440420	-464
1781820440913	1781820440450	-463
1781820440943	1781820440479	-464
1781820440969	1781820440505	-464
1781820441002	1781820440538	-464
1781820441042	1781820440578	-464
1781820441068	1781820440607	-461
1781820441108	1781820440644	-464
1781820441141	1781820440677	-464
1781820441169	1781820440704	-465
1781820441209	1781820440746	-463
1781820441241	1781820440776	-465
1781820441275	1781820440811	-464
1781820441308	1781820440844	-464
1781820441340	1781820440876	-464
1781820441379	1781820440915	-464
1781820441408	1781820440944	-464
1781820441444	1781820440979	-465
1781820441475	1781820441011	-464
1781820441509	1781820441044	-465
1781820441534	1781820441069	-465
1781820441578	1781820441114	-464
1781820441596	1781820441132	-464
1781820441629	1781820441164	-465
1781820441662	1781820441199	-463
1781820441695	1781820441250	-445
1781820441728	1781820441265	-463
1781820441761	1781820441297	-464
1781820441796	1781820441332	-464
1781820441827	1781820441363	-464
1781820441862	1781820441399	-463
1781820441893	1781820441429	-464
1781820441926	1781820441461	-465
1781820441959	1781820441494	-465
1781820441992	1781820441528	-464
1781820442026	1781820441561	-465
1781820442058	1781820441595	-463
1781820442092	1781820441629	-463
1781820442125	1781820441661	-464
1781820442158	1781820441694	-464
1781820442191	1781820441728	-463
1781820442225	1781820441763	-462
1781820442258	1781820441796	-462
1781820442289	1781820441827	-462
1781820442323	1781820441858	-465
1781820442358	1781820441894	-464
1781820442393	1781820441929	-464
1781820442423	1781820441959	-464
1781820442454	1781820441990	-464
1781820442487	1781820442023	-464
1781820442522	1781820442059	-463
1781820442560	1781820442096	-464
1781820442590	1781820442126	-464
1781820442622	1781820442157	-465
1781820442661	1781820442197	-464
1781820442689	1781820442224	-465
1781820442718	1781820442254	-464
1781820442757	1781820442293	-464
1781820442791	1781820442327	-464
1781820442826	1781820442362	-464
1781820442859	1781820442395	-464
1781820442892	1781820442428	-464
1781820442925	1781820442463	-462
1781820442961	1781820442498	-463
1781820442997	1781820442537	-460
1781820443025	1781820442564	-461
1781820443057	1781820442594	-463
1781820443089	1781820442626	-463
1781820443121	1781820442657	-464
1781820443158	1781820442694	-464
1781820443189	1781820442727	-462
1781820443224	1781820442763	-461
1781820443255	1781820442793	-462
1781820443288	1781820442826	-462
1781820443329	1781820442865	-464
1781820443357	1781820442898	-459
1781820443387	1781820442928	-459
1781820443413	1781820442949	-464
1781820443444	1781820442980	-464
1781820443478	1781820443015	-463
1781820443524	1781820443063	-461
1781820443543	1781820443079	-464
1781820443588	1781820443124	-464
1781820443609	1781820443149	-460
1781820443642	1781820443178	-464
1781820443675	1781820443210	-465
1781820443708	1781820443244	-464
1781820443742	1781820443278	-464
1781820443777	1781820443313	-464
1781820443808	1781820443344	-464
1781820443841	1781820443376	-465
1781820443875	1781820443410	-465
1781820443910	1781820443449	-461
1781820443940	1781820443476	-464
1781820443981	1781820443517	-464
1781820444009	1781820443546	-463
1781820444049	1781820443588	-461
1781820444074	1781820443610	-464
1781820444108	1781820443644	-464
1781820444145	1781820443681	-464
1781820444175	1781820443711	-464
1781820444209	1781820443748	-461
1781820444238	1781820443775	-463
1781820444276	1781820443813	-463
1781820444309	1781820443848	-461
1781820444341	1781820443878	-463
1781820444382	1781820443921	-461
1781820444409	1781820443947	-462
1781820444442	1781820443980	-462
1781820444474	1781820444010	-464
1781820444527	1781820444067	-460
1781820444533	1781820444068	-465
1781820444574	1781820444111	-463
1781820444612	1781820444152	-460
1781820444646	1781820444181	-465
1781820444669	1781820444204	-465
1781820444703	1781820444239	-464
1781820444734	1781820444269	-465
1781820444768	1781820444305	-463
1781820444803	1781820444339	-464
1781820444837	1781820444372	-465
1781820444873	1781820444409	-464
1781820444904	1781820444439	-465
1781820444934	1781820444470	-464
1781820444970	1781820444506	-464
1781820445004	1781820444540	-464
1781820445033	1781820444569	-464
1781820445068	1781820444604	-464
1781820445103	1781820444642	-461
1781820445135	1781820444671	-464
1781820445170	1781820444706	-464
1781820445206	1781820444742	-464
1781820445235	1781820444771	-464
1781820445270	1781820444806	-464
1781820445292	1781820444828	-464
1781820445325	1781820444863	-462
1781820445359	1781820444895	-464
1781820445391	1781820444927	-464
1781820445425	1781820444961	-464
1781820445468	1781820445010	-458
1781820445490	1781820445025	-465
1781820445523	1781820445060	-463
1781820445556	1781820445092	-464
1781820445589	1781820445126	-463
1781820445625	1781820445164	-461
1781820445655	1781820445191	-464
1781820445689	1781820445227	-462
1781820445722	1781820445258	-464
1781820445754	1781820445290	-464
1781820445787	1781820445322	-465
1781820445820	1781820445356	-464
1781820445853	1781820445388	-465
1781820445889	1781820445424	-465
1781820445921	1781820445457	-464
1781820445955	1781820445491	-464
1781820445990	1781820445526	-464
1781820446025	1781820445562	-463
1781820446064	1781820445601	-463
1781820446092	1781820445629	-463
1781820446125	1781820445663	-462
1781820446158	1781820445696	-462
1781820446189	1781820445724	-465
1781820446223	1781820445761	-462
1781820446253	1781820445790	-463
1781820446291	1781820445827	-464
1781820446319	1781820445857	-462
1781820446352	1781820445888	-464
1781820446386	1781820445923	-463
1781820446418	1781820445956	-462
1781820446464	1781820446000	-464
1781820446480	1781820446016	-464
1781820446513	1781820446049	-464
1781820446546	1781820446082	-464
1781820446585	1781820446124	-461
1781820446618	1781820446156	-462
1781820446651	1781820446187	-464
1781820446678	1781820446215	-463
1781820446711	1781820446247	-464
1781820446744	1781820446280	-464
1781820446777	1781820446313	-464
1781820446810	1781820446346	-464
1781820446843	1781820446379	-464
1781820446879	1781820446417	-462
1781820446909	1781820446447	-462
1781820446950	1781820446488	-462
1781820446985	1781820446523	-462
1781820447018	1781820446554	-464
1781820447053	1781820446588	-465
1781820447083	1781820446621	-462
1781820447108	1781820446645	-463
1781820447153	1781820446690	-463
1781820447183	1781820446720	-463
1781820447206	1781820446756	-450
1781820447250	1781820446785	-465
1781820447272	1781820446809	-463
1781820447305	1781820446842	-463
1781820447339	1781820446876	-463
1781820447372	1781820446909	-463
1781820447404	1781820446940	-464
1781820447437	1781820446974	-463
1781820447470	1781820447006	-464
1781820447503	1781820447040	-463
1781820447537	1781820447073	-464
1781820447569	1781820447105	-464
1781820447602	1781820447141	-461
1781820447637	1781820447174	-463
1781820447668	1781820447204	-464
1781820447702	1781820447238	-464
1781820447734	1781820447271	-463
1781820447768	1781820447305	-463
1781820447801	1781820447336	-465
1781820447834	1781820447372	-462
1781820447866	1781820447402	-464
1781820447899	1781820447434	-465
1781820447935	1781820447471	-464
1781820447965	1781820447507	-458
1781820447998	1781820447535	-463
1781820448035	1781820447570	-465
1781820448067	1781820447602	-465
1781820448098	1781820447636	-462
1781820448135	1781820447671	-464
1781820448166	1781820447702	-464
1781820448200	1781820447736	-464
1781820448233	1781820447771	-462
1781820448266	1781820447801	-465
1781820448298	1781820447836	-462
1781820448336	1781820447872	-464
1781820448364	1781820447904	-460
1781820448398	1781820447934	-464
1781820448435	1781820447970	-465
1781820448463	1781820447999	-464
1781820448500	1781820448036	-464
1781820448533	1781820448069	-464
1781820448563	1781820448101	-462
1781820448600	1781820448136	-464
1781820448625	1781820448161	-464
1781820448666	1781820448203	-463
1781820448697	1781820448233	-464
1781820448730	1781820448265	-465
1781820448767	1781820448302	-465
1781820448796	1781820448332	-464
1781820448832	1781820448371	-461
1781820448866	1781820448401	-465
1781820448897	1781820448432	-465
1781820448932	1781820448467	-465
1781820448965	1781820448501	-464
1781820448988	1781820448523	-465
1781820449021	1781820448563	-458
1781820449054	1781820448589	-465
1781820449087	1781820448623	-464
1781820449120	1781820448656	-464
1781820449153	1781820448688	-465
1781820449186	1781820448722	-464
1781820449219	1781820448755	-464
1781820449252	1781820448788	-464
1781820449285	1781820448822	-463
1781820449318	1781820448855	-463
1781820449351	1781820448886	-465
1781820449384	1781820448921	-463
1781820449417	1781820448953	-464
1781820449450	1781820448985	-465
1781820449483	1781820449019	-464
1781820449516	1781820449052	-464
1781820449549	1781820449086	-463
1781820449582	1781820449119	-463
1781820449615	1781820449152	-463
1781820449649	1781820449185	-464
1781820449685	1781820449221	-464
1781820449715	1781820449252	-463
1781820449748	1781820449284	-464
1781820449781	1781820449317	-464
1781820449815	1781820449351	-464
1781820449847	1781820449384	-463
1781820449880	1781820449415	-465
1781820449915	1781820449451	-464
1781820449948	1781820449483	-465
1781820449982	1781820449518	-464
1781820450014	1781820449551	-463
1781820450047	1781820449582	-465
1781820450098	1781820449633	-465
1781820450114	1781820449649	-465
1781820450149	1781820449684	-465
1781820450183	1781820449719	-464
1781820450215	1781820449751	-464
1781820450247	1781820449783	-464
1781820450281	1781820449816	-465
1781820450313	1781820449849	-464
1781820450349	1781820449886	-463
1781820450378	1781820449915	-463
1781820450412	1781820449949	-463
1781820450445	1781820449980	-465
1781820450483	1781820450019	-464
1781820450510	1781820450045	-465
1781820450546	1781820450081	-465
1781820450582	1781820450118	-464
1781820450621	1781820450157	-464
1781820450648	1781820450184	-464
1781820450684	1781820450220	-464
1781820450712	1781820450247	-465
1781820450746	1781820450281	-465
1781820450777	1781820450313	-464
1781820450810	1781820450346	-464
1781820450845	1781820450381	-464
1781820450869	1781820450406	-463
1781820450902	1781820450438	-464
1781820450935	1781820450471	-464
1781820450968	1781820450504	-464
1781820451001	1781820450537	-464
1781820451035	1781820450578	-457
1781820451068	1781820450617	-451
1781820451100	1781820450635	-465
1781820451133	1781820450670	-463
1781820451168	1781820450710	-458
1781820451199	1781820450735	-464
1781820451232	1781820450768	-464
1781820451265	1781820450801	-464
1781820451298	1781820450833	-465
1781820451331	1781820450869	-462
1781820451364	1781820450901	-463
1781820451397	1781820450933	-464
1781820451432	1781820450968	-464
1781820451468	1781820451007	-461
1781820451496	1781820451032	-464
1781820451531	1781820451068	-463
1781820451562	1781820451098	-464
1781820451595	1781820451132	-463
1781820451630	1781820451166	-464
1781820451661	1781820451196	-465
1781820451696	1781820451232	-464
1781820451730	1781820451266	-464
1781820451761	1781820451296	-465
1781820451794	1781820451331	-463
1781820451829	1781820451367	-462
1781820451862	1781820451404	-458
1781820451892	1781820451428	-464
1781820451932	1781820451468	-464
1781820451961	1781820451501	-460
1781820451995	1781820451531	-464
1781820452028	1781820451568	-460
1781820452059	1781820451594	-465
1781820452090	1781820451626	-464
1781820452129	1781820451665	-464
1781820452160	1781820451698	-462
1781820452193	1781820451731	-462
1781820452225	1781820451762	-463
1781820452260	1781820451799	-461
1781820452294	1781820451830	-464
1781820452327	1781820451862	-465
1781820452359	1781820451896	-463
1781820452397	1781820451934	-463
1781820452426	1781820451965	-461
1781820452453	1781820451988	-465
1781820452495	1781820452032	-463
1781820452527	1781820452068	-459
1781820452562	1781820452097	-465
1781820452601	1781820452136	-465
1781820452619	1781820452154	-465
1781820452662	1781820452200	-462
1781820452697	1781820452234	-463
1781820452726	1781820452263	-463
1781820452752	1781820452291	-461
1781820452783	1781820452319	-464
1781820452816	1781820452352	-464
1781820452849	1781820452384	-465
1781820452882	1781820452418	-464
1781820452915	1781820452452	-463
1781820452948	1781820452484	-464
1781820452982	1781820452531	-451
1781820453015	1781820452553	-462
1781820453048	1781820452585	-463
1781820453080	1781820452616	-464
1781820453113	1781820452649	-464
1781820453146	1781820452685	-461
1781820453179	1781820452715	-464
1781820453215	1781820452750	-465
1781820453249	1781820452784	-465
1781820453281	1781820452820	-461
1781820453311	1781820452847	-464
1781820453344	1781820452879	-465
1781820453377	1781820452913	-464
1781820453410	1781820452945	-465
1781820453443	1781820452978	-465
1781820453476	1781820453013	-463
1781820453509	1781820453044	-465
1781820453542	1781820453078	-464
1781820453581	1781820453117	-464
1781820453610	1781820453147	-463
1781820453643	1781820453179	-464
1781820453675	1781820453210	-465
1781820453711	1781820453246	-465
1781820453748	1781820453283	-465
1781820453778	1781820453315	-463
1781820453814	1781820453351	-463
1781820453846	1781820453382	-464
1781820453874	1781820453410	-464
1781820453911	1781820453449	-462
1781820453943	1781820453481	-462
1781820453974	1781820453509	-465
1781820454010	1781820453547	-463
1781820454044	1781820453580	-464
1781820454075	1781820453610	-465
1781820454103	1781820453639	-464
1781820454143	1781820453680	-463
1781820454177	1781820453712	-465
1781820454209	1781820453744	-465
1781820454242	1781820453779	-463
1781820454275	1781820453810	-465
1781820454307	1781820453843	-464
1781820454345	1781820453881	-464
1781820454375	1781820453910	-465
1781820454407	1781820453943	-464
1781820454449	1781820453985	-464
1781820454474	1781820454009	-465
1781820454506	1781820454044	-462
1781820454541	1781820454077	-464
1781820454572	1781820454108	-464
1781820454598	1781820454135	-463
1781820454631	1781820454168	-463
1781820454664	1781820454204	-460
1781820454697	1781820454232	-465
1781820454730	1781820454265	-465
1781820454763	1781820454298	-465
1781820454796	1781820454334	-462
1781820454829	1781820454365	-464
1781820454862	1781820454397	-465
1781820454895	1781820454433	-462
1781820454928	1781820454463	-465
1781820454961	1781820454497	-464
1781820454994	1781820454529	-465
1781820455030	1781820454565	-465
1781820455060	1781820454597	-463
1781820455093	1781820454629	-464
1781820455126	1781820454662	-464
1781820455159	1781820454695	-464
1781820455194	1781820454731	-463
1781820455225	1781820454763	-462
1781820455258	1781820454794	-464
1781820455293	1781820454829	-464
1781820455326	1781820454865	-461
1781820455358	1781820454893	-465
1781820455393	1781820454929	-464
1781820455423	1781820454958	-465
1781820455457	1781820454993	-464
1781820455490	1781820455027	-463
1781820455524	1781820455062	-462
1781820455555	1781820455091	-464
1781820455591	1781820455128	-463
1781820455625	1781820455161	-464
1781820455656	1781820455191	-465
1781820455688	1781820455224	-464
1781820455729	1781820455264	-465
1781820455758	1781820455294	-464
1781820455789	1781820455324	-465
1781820455823	1781820455358	-465
1781820455857	1781820455393	-464
1781820455890	1781820455426	-464
1781820455922	1781820455458	-464
1781820455959	1781820455494	-465
1781820455989	1781820455524	-465
1781820456022	1781820455559	-463
1781820456056	1781820455591	-465
1781820456090	1781820455626	-464
1781820456127	1781820455665	-462
1781820456156	1781820455692	-464
1781820456192	1781820455728	-464
1781820456223	1781820455761	-462
1781820456258	1781820455795	-463
1781820456289	1781820455827	-462
1781820456314	1781820455850	-464
1781820456355	1781820455890	-465
1781820456389	1781820455924	-465
1781820456423	1781820455958	-465
1781820456457	1781820455993	-464
1781820456486	1781820456022	-464
1781820456512	1781820456047	-465
1781820456545	1781820456080	-465
1781820456578	1781820456113	-465
1781820456612	1781820456147	-465
1781820456644	1781820456179	-465
1781820456678	1781820456213	-465
1781820456710	1781820456245	-465
1781820456743	1781820456290	-453
1781820456776	1781820456311	-465
1781820456818	1781820456353	-465
1781820456842	1781820456377	-465
1781820456875	1781820456411	-464
1781820456908	1781820456444	-464
1781820456941	1781820456476	-465
1781820456978	1781820456513	-465
1781820457007	1781820456542	-465
1781820457040	1781820456577	-463
1781820457076	1781820456611	-465
1781820457108	1781820456644	-464
1781820457139	1781820456674	-465
1781820457172	1781820456707	-465
1781820457206	1781820456743	-463
1781820457238	1781820456774	-464
1781820457274	1781820456810	-464
1781820457304	1781820456842	-462
1781820457339	1781820456874	-465
1781820457370	1781820456906	-464
1781820457403	1781820456939	-464
1781820457443	1781820456979	-464
1781820457473	1781820457010	-463
1781820457503	1781820457041	-462
1781820457537	1781820457074	-463
1781820457570	1781820457108	-462
1781820457602	1781820457138	-464
1781820457639	1781820457176	-463
1781820457670	1781820457207	-463
1781820457703	1781820457240	-463
1781820457737	1781820457275	-462
1781820457766	1781820457302	-464
1781820457811	1781820457347	-464
1781820457838	1781820457375	-463
1781820457870	1781820457406	-464
1781820457903	1781820457440	-463
1781820457940	1781820457477	-463
1781820457970	1781820457508	-462
1781820458007	1781820457547	-460
1781820458037	1781820457573	-464
1781820458070	1781820457606	-464
1781820458105	1781820457640	-465
1781820458138	1781820457673	-465
1781820458173	1781820457710	-463
1781820458205	1781820457740	-465
1781820458239	1781820457777	-462
1781820458269	1781820457804	-465
1781820458294	1781820457830	-464
1781820458327	1781820457871	-456
1781820458370	1781820457907	-463
1781820458393	1781820457929	-464
1781820458426	1781820457962	-464
1781820458459	1781820457994	-465
1781820458492	1781820458027	-465
1781820458525	1781820458061	-464
1781820458558	1781820458094	-464
1781820458602	1781820458140	-462
1781820458624	1781820458159	-465
1781820458660	1781820458199	-461
1781820458690	1781820458225	-465
1781820458724	1781820458259	-465
1781820458756	1781820458291	-465
1781820458789	1781820458325	-464
1781820458823	1781820458359	-464
1781820458855	1781820458391	-464
1781820458888	1781820458424	-464
1781820458921	1781820458456	-465
1781820458956	1781820458491	-465
1781820458987	1781820458522	-465
1781820459023	1781820458558	-465
1781820459053	1781820458588	-465
1781820459087	1781820458622	-465
1781820459119	1781820458654	-465
1781820459155	1781820458690	-465
1781820459186	1781820458721	-465
1781820459219	1781820458754	-465
1781820459252	1781820458788	-464
1781820459285	1781820458820	-465
1781820459319	1781820458854	-465
1781820459351	1781820458888	-463
1781820459384	1781820458919	-465
1781820459418	1781820458954	-464
1781820459455	1781820458990	-465
1781820459483	1781820459019	-464
1781820459518	1781820459054	-464
1781820459553	1781820459090	-463
1781820459583	1781820459119	-464
1781820459619	1781820459155	-464
1781820459653	1781820459192	-461
1781820459686	1781820459221	-465
1781820459721	1781820459256	-465
1781820459749	1781820459285	-464
1781820459784	1781820459320	-464
1781820459818	1781820459353	-465
1781820459851	1781820459387	-464
1781820459885	1781820459421	-464
1781820459923	1781820459459	-464
1781820459950	1781820459485	-465
1781820459984	1781820459521	-463
1781820460016	1781820459560	-456
1781820460051	1781820459587	-464
1781820460085	1781820459621	-464
1781820460118	1781820459654	-464
1781820460142	1781820459686	-456
1781820460182	1781820459718	-464
1781820460208	1781820459744	-464
1781820460241	1781820459777	-464
1781820460274	1781820459810	-464
1781820460307	1781820459843	-464
1781820460340	1781820459876	-464
1781820460373	1781820459910	-463
1781820460406	1781820459943	-463
1781820460439	1781820459976	-463
1781820460472	1781820460008	-464
1781820460506	1781820460042	-464
1781820460538	1781820460074	-464
1781820460571	1781820460108	-463
1781820460604	1781820460140	-464
1781820460637	1781820460176	-461
1781820460670	1781820460206	-464
1781820460705	1781820460241	-464
1781820460738	1781820460274	-464
1781820460771	1781820460306	-465
1781820460802	1781820460346	-456
1781820460835	1781820460373	-462
1781820460868	1781820460404	-464
1781820460905	1781820460440	-465
1781820460934	1781820460469	-465
1781820460967	1781820460503	-464
1781820461003	1781820460538	-465
1781820461035	1781820460570	-465
1781820461066	1781820460602	-464
1781820461099	1781820460635	-464
1781820461134	1781820460669	-465
1781820461167	1781820460703	-464
1781820461200	1781820460737	-463
1781820461234	1781820460771	-463
1781820461264	1781820460800	-464
1781820461299	1781820460836	-463
1781820461331	1781820460868	-463
1781820461367	1781820460905	-462
1781820461400	1781820460940	-460
1781820461433	1781820460970	-463
1781820461465	1781820461001	-464
1781820461499	1781820461034	-465
1781820461531	1781820461066	-465
1781820461567	1781820461103	-464
1781820461600	1781820461137	-463
1781820461632	1781820461167	-465
1781820461664	1781820461200	-464
1781820461699	1781820461236	-463
1781820461735	1781820461270	-465
1781820461768	1781820461303	-465
1781820461797	1781820461333	-464
1781820461832	1781820461368	-464
1781820461864	1781820461400	-464
1781820461898	1781820461436	-462
1781820461931	1781820461468	-463
1781820461965	1781820461501	-464
1781820461990	1781820461528	-462
1781820462023	1781820461573	-450
1781820462056	1781820461599	-457
1781820462089	1781820461625	-464
1781820462122	1781820461658	-464
1781820462155	1781820461691	-464
1781820462188	1781820461724	-464
1781820462221	1781820461757	-464
1781820462254	1781820461790	-464
1781820462287	1781820461823	-464
1781820462320	1781820461856	-464
1781820462353	1781820461889	-464
1781820462386	1781820461922	-464
1781820462420	1781820461956	-464
1781820462452	1781820461987	-465
1781820462485	1781820462021	-464
1781820462518	1781820462056	-462
1781820462551	1781820462086	-465
1781820462584	1781820462119	-465
1781820462617	1781820462153	-464
1781820462663	1781820462198	-465
1781820462683	1781820462218	-465
1781820462725	1781820462260	-465
1781820462753	1781820462289	-464
1781820462787	1781820462323	-464
1781820462824	1781820462360	-464
1781820462855	1781820462392	-463
1781820462883	1781820462418	-465
1781820462916	1781820462454	-462
1781820462948	1781820462484	-464
1781820462982	1781820462525	-457
1781820463014	1781820462550	-464
1781820463047	1781820462584	-463
1781820495313	1781820494848	-465
1781820495347	1781820494883	-464
1781820495378	1781820494913	-465
1781820495416	1781820494953	-463
1781820495451	1781820494987	-464
1781820495484	1781820495019	-465
1781820495518	1781820495053	-465
1781820495552	1781820495087	-465
1781820495584	1781820495121	-463
1781820495609	1781820495147	-462
1781820495642	1781820495177	-465
1781820495675	1781820495210	-465
1781820495708	1781820495255	-453
1781820495741	1781820495276	-465
1781820495774	1781820495310	-464
1781820495807	1781820495342	-465
1781820495840	1781820495375	-465
1781820495873	1781820495408	-465
1781820495906	1781820495441	-465
1781820495939	1781820495474	-465
1781820495972	1781820495507	-465
1781820496005	1781820495540	-465
1781820496038	1781820495574	-464
1781820496071	1781820495606	-465
1781820496104	1781820495639	-465
1781820496137	1781820495672	-465
1781820496170	1781820495706	-464
1781820496203	1781820495739	-464
1781820496236	1781820495771	-465
1781820496269	1781820495804	-465
1781820496302	1781820495837	-465
1781820496335	1781820495869	-466
1781820496369	1781820495903	-466
1781820496401	1781820495936	-465
1781820496434	1781820495969	-465
1781820496469	1781820496004	-465
1781820496500	1781820496036	-464
1781820496534	1781820496069	-465
1781820496566	1781820496101	-465
1781820496601	1781820496136	-465
1781820496635	1781820496171	-464
1781820496667	1781820496205	-462
1781820496699	1781820496235	-464
1781820496736	1781820496272	-464
1781820496766	1781820496300	-466
1781820496800	1781820496335	-465
1781820496833	1781820496368	-465
1781820496866	1781820496402	-464
1781820496902	1781820496439	-463
1781820496933	1781820496468	-465
1781820496965	1781820496501	-464
1781820497000	1781820496538	-462
1781820497031	1781820496566	-465
1781820497066	1781820496603	-463
1781820497099	1781820496634	-465
1781820497131	1781820496669	-462
1781820497165	1781820496702	-463
1781820497199	1781820496735	-464
1781820497233	1781820496767	-466
1781820497267	1781820496802	-465
1781820497300	1781820496835	-465
1781820497334	1781820496873	-461
1781820497366	1781820496903	-463
1781820497398	1781820496935	-463
1781820497435	1781820496975	-460
1781820497466	1781820497001	-465
1781820497511	1781820497049	-462
1781820497523	1781820497061	-462
1781820497556	1781820497092	-464
1781820497589	1781820497123	-466
1781820497623	1781820497159	-464
1781820497655	1781820497190	-465
1781820497688	1781820497223	-465
1781820497721	1781820497257	-464
1781820497754	1781820497289	-465
1781820497787	1781820497322	-465
1781820497820	1781820497361	-459
1781820497853	1781820497391	-462
1781820497886	1781820497423	-463
1781820497919	1781820497457	-462
1781820497952	1781820497487	-465
1781820497985	1781820497520	-465
1781820498018	1781820497555	-463
1781820498051	1781820497586	-465
1781820498084	1781820497621	-463
1781820498117	1781820497653	-464
1781820498150	1781820497685	-465
1781820498183	1781820497718	-465
1781820498216	1781820497751	-465
1781820498251	1781820497788	-463
1781820498284	1781820497819	-465
1781820498318	1781820497855	-463
1781820498351	1781820497888	-463
1781820498382	1781820497919	-463
1781820498418	1781820497953	-465
1781820498448	1781820497985	-463
1781820498483	1781820498020	-463
1781820498515	1781820498051	-464
1781820498546	1781820498082	-464
1781820498581	1781820498117	-464
1781820498614	1781820498151	-463
1781820498651	1781820498187	-464
1781820498680	1781820498216	-464
1781820498714	1781820498249	-465
1781820498749	1781820498283	-466
1781820498782	1781820498317	-465
1781820498815	1781820498350	-465
1781820498847	1781820498382	-465
1781820498880	1781820498415	-465
1781820498914	1781820498448	-466
1781820498947	1781820498482	-465
1781820498979	1781820498515	-464
1781820499012	1781820498547	-465
1781820499050	1781820498585	-465
1781820499082	1781820498617	-465
1781820499114	1781820498650	-464
1781820499148	1781820498687	-461
1781820499178	1781820498715	-463
1781820499217	1781820498753	-464
1781820499248	1781820498784	-464
1781820499279	1781820498818	-461
1781820499313	1781820498850	-463
1781820499339	1781820498876	-463
1781820499371	1781820498906	-465
1781820499412	1781820498948	-464
1781820499438	1781820498972	-466
1781820499470	1781820499005	-465
1781820499503	1781820499041	-462
1781820499536	1781820499076	-460
1781820499572	1781820499107	-465
1781820499602	1781820499137	-465
1781820499635	1781820499170	-465
1781820499669	1781820499204	-465
1781820499701	1781820499236	-465
1781820499734	1781820499269	-465
1781820499767	1781820499304	-463
1781820499800	1781820499335	-465
1781820499833	1781820499367	-466
1781820499866	1781820499401	-465
1781820499899	1781820499434	-465
1781820499933	1781820499468	-465
1781820499965	1781820499500	-465
1781820499998	1781820499534	-464
1781820500036	1781820499573	-463
1781820500064	1781820499599	-465
1781820500097	1781820499632	-465
1781820500130	1781820499666	-464
1781820500165	1781820499700	-465
1781820500196	1781820499731	-465
1781820500231	1781820499765	-466
1781820500263	1781820499797	-466
1781820500296	1781820499832	-464
1781820500328	1781820499863	-465
1781820500361	1781820499897	-464
1781820500395	1781820499931	-464
1781820500429	1781820499964	-465
1781820500461	1781820499996	-465
1781820500497	1781820500037	-460
1781820500528	1781820500066	-462
1781820500560	1781820500096	-464
1781820500594	1781820500131	-463
1781820500626	1781820500160	-466
1781820500661	1781820500195	-466
1781820500695	1781820500231	-464
1781820500727	1781820500263	-464
1781820500760	1781820500295	-465
1781820500798	1781820500335	-463
1781820500827	1781820500364	-463
1781820500860	1781820500397	-463
1781820500892	1781820500429	-463
1781820500926	1781820500461	-465
1781820500962	1781820500498	-464
1781820500995	1781820500531	-464
1781820501037	1781820500573	-464
1781820501060	1781820500597	-463
1781820501094	1781820500629	-465
1781820501127	1781820500662	-465
1781820501162	1781820500698	-464
1781820501192	1781820500727	-465
1781820501219	1781820500760	-459
1781820501252	1781820500790	-462
1781820501285	1781820500820	-465
1781820501318	1781820500855	-463
1781820501351	1781820500886	-465
1781820501384	1781820500919	-465
1781820501417	1781820500952	-465
1781820501453	1781820500996	-457
1781820501484	1781820501018	-466
1781820501516	1781820501055	-461
1781820501549	1781820501084	-465
1781820501582	1781820501119	-463
1781820501616	1781820501151	-465
1781820501648	1781820501183	-465
1781820501681	1781820501216	-465
1781820501714	1781820501249	-465
1781820501747	1781820501282	-465
1781820501780	1781820501314	-466
1781820501813	1781820501349	-464
1781820501847	1781820501383	-464
1781820501880	1781820501415	-465
1781820501913	1781820501448	-465
1781820501945	1781820501481	-464
1781820501978	1781820501514	-464
1781820502012	1781820501546	-466
1781820502046	1781820501583	-463
1781820502077	1781820501612	-465
1781820502111	1781820501648	-463
1781820502145	1781820501681	-464
1781820502177	1781820501712	-465
1781820502210	1781820501748	-462
1781820502243	1781820501779	-464
1781820502278	1781820501816	-462
1781820502311	1781820501849	-462
1781820502343	1781820501886	-457
1781820502375	1781820501912	-463
1781820502412	1781820501948	-464
1781820502441	1781820501978	-463
1781820502475	1781820502014	-461
1781820502509	1781820502047	-462
1781820502545	1781820502086	-459
1781820502579	1781820502121	-458
1781820502607	1781820502142	-465
1781820502642	1781820502178	-464
1781820502677	1781820502214	-463
1781820502710	1781820502246	-464
1781820502744	1781820502280	-464
1781820502776	1781820502314	-462
1781820502808	1781820502345	-463
1781820502843	1781820502378	-465
1781820502876	1781820502411	-465
1781820502910	1781820502444	-466
1781820502945	1781820502482	-463
1781820502976	1781820502513	-463
1781820503011	1781820502546	-465
1781820503042	1781820502576	-466
1781820503075	1781820502614	-461
1781820503100	1781820502637	-463
1781820503133	1781820502676	-457
1781820503166	1781820502701	-465
1781820503199	1781820502737	-462
1781820503232	1781820502772	-460
1781820503265	1781820502800	-465
1781820503298	1781820502836	-462
1781820503331	1781820502866	-465
1781820503364	1781820502899	-465
1781820503397	1781820502932	-465
1781820503430	1781820502965	-465
1781820503463	1781820502998	-465
1781820503496	1781820503032	-464
1781820503529	1781820503064	-465
1781820503562	1781820503097	-465
1781820503595	1781820503130	-465
1781820503628	1781820503163	-465
1781820503661	1781820503195	-466
1781820503694	1781820503230	-464
1781820503727	1781820503263	-464
1781820503760	1781820503295	-465
1781820503793	1781820503328	-465
1781820503826	1781820503361	-465
1781820503860	1781820503395	-465
1781820503892	1781820503427	-465
1781820503925	1781820503460	-465
1781820503958	1781820503495	-463
1781820503992	1781820503529	-463
1781820504024	1781820503559	-465
1781820504057	1781820503593	-464
1781820504092	1781820503627	-465
1781820504124	1781820503659	-465
1781820504160	1781820503695	-465
1781820504189	1781820503725	-464
1781820504222	1781820503757	-465
1781820504258	1781820503795	-463
1781820504292	1781820503827	-465
1781820504323	1781820503858	-465
1781820504355	1781820503890	-465
1781820504392	1781820503928	-464
1781820504425	1781820503963	-462
1781820504456	1781820503991	-465
1781820504489	1781820504024	-465
1781820504523	1781820504058	-465
1781820504560	1781820504094	-466
1781820504593	1781820504129	-464
1781820504625	1781820504161	-464
1781820504657	1781820504194	-463
1781820504690	1781820504226	-464
1781820504724	1781820504264	-460
1781820504757	1781820504295	-462
1781820504790	1781820504325	-465
1781820504824	1781820504361	-463
1781820504850	1781820504392	-458
1781820504888	1781820504424	-464
1781820504915	1781820504449	-466
1781820504948	1781820504483	-465
1781820504981	1781820504516	-465
1781820505014	1781820504549	-465
1781820505047	1781820504590	-457
1781820505080	1781820504615	-465
1781820505113	1781820504648	-465
